source,target,value
0,0,0.9388788667689051
0,1,0.001629400462483408
0,2,0.00010187711845901832
0,3,9.153104839789522e-05
0,4,7.108524327710431e-05
0,5,9.483897556029512e-05
0,6,7.316149543222766e-05
0,7,8.26981790599976e-05
0,8,7.847529332076368e-05
0,9,8.790640480505277e-05
0,10,9.98360570183886e-05
0,11,0.00011855751712899231
0,12,0.00015149602589501689
0,13,9.353691912403133e-05
0,14,0.00012563085074220913
0,15,8.558381764847411e-05
0,16,0.0001517423608964722
0,17,0.00012214697000734114
0,18,0.00015804149879082945
0,19,8.649877622530812e-05
0,20,0.00012323788215664322
0,21,0.00016578345597942498
0,22,0.00025323238149606075
0,23,0.0002144522141240959
0,24,0.00014498574371369792
0,25,0.00018661635895964563
0,26,0.0002819480045228514
0,27,0.000215085646984981
0,28,0.00024907987718581404
0,29,0.000250276361478597
0,30,0.00028617089026208533
0,31,0.000316258951154127
0,32,0.00027388933090381334
0,33,0.00046177255558522913
0,34,0.0003823823036876315
0,35,0.0006533508052884746
0,36,0.0003444467134635134
0,37,0.00035510949995507906
0,38,0.0004938312964889133
0,39,0.0004308751082598343
0,40,0.0006643303082104828
0,41,0.0005785353462750471
0,42,0.0006465941881057004
0,43,0.0005907113334898381
0,44,0.0008329290213493971
0,45,0.0010069471045203282
0,46,0.000832014062772563
0,47,0.0008360961856538225
0,48,0.0008984189410220165
0,49,0.0011616102947197705
0,50,6.51028218131896e-05
0,51,0.001154044291103643
0,52,0.0011377861810075926
0,53,0.0012540211109800061
0,54,5.9824214639147197e-05
0,55,0.0011221263130579333
0,56,0.0012939273812157667
0,57,0.001203628007825148
0,58,0.0013404495057763271
0,59,0.0014262796584262566
0,60,0.00021673961056618095
0,61,0.001379687152436709
0,62,0.001600262550882694
0,63,0.0013596284451753479
0,64,6.985356826982776e-05
0,65,0.0016886264349761637
0,66,5.1167298873717665e-05
0,67,0.001901565448377034
0,68,0.0015443093148378446
0,69,0.00029718558389858714
0,70,0.0016329195339327696
0,71,4.3143815969173214e-05
0,72,8.255741620202314e-05
0,73,5.408812817668779e-05
0,74,9.582431556611637e-05
0,75,0.0015515234113090358
0,76,7.903834475266153e-05
0,77,0.00028951400813897885
0,78,0.001753940401076315
0,79,4.7014794563470975e-05
0,80,7.615270616418503e-05
0,81,8.220550905708697e-05
0,82,9.804133057921418e-05
0,83,0.0026750573529467137
0,84,0.0020745278101131567
0,85,7.910872618164876e-05
0,86,9.860438201111203e-05
0,87,0.00011732584212171574
0,88,0.0004053618402519627
0,89,3.659834307336064e-05
0,90,4.37772488300583e-05
0,91,0.0001271440514654346
0,92,0.0023960301777268328
0,93,0.0021563110305963203
0,94,7.74195718859552e-05
0,95,5.8979637491300415e-05
0,96,7.886239118019345e-05
0,97,0.00012608833003062612
0,98,0.00013397105007719611
0,99,0.0017928613313062543
0,100,0.00015656348878209759
0,101,4.8105706712773074e-05
0,102,7.9179107610636e-05
0,103,0.00010574809705331609
0,104,0.00010543138062287354
0,105,0.00015582448377773165
0,106,0.00016592421883739945
0,107,0.00019650494973235175
0,108,0.00028895095670708096
0,109,0.0002558716850830819
0,110,5.8381395344908946e-05
0,111,7.668056688158927e-05
0,112,8.083307119183594e-05
0,113,2.1783052271548304e-05
0,114,4.37772488300583e-05
0,115,6.932570755242352e-05
0,116,0.00010398856132863527
0,117,0.00011363081709988607
0,118,0.0001242584128769581
0,119,0.00016441101811417395
0,120,0.00022705048991281042
0,121,0.0003140419361410292
0,122,0.00035588369567393863
0,123,0.00043914492616583406
0,124,5.2011876021564446e-05
0,125,0.000397267975918431
0,126,0.00011574225996950303
0,127,3.8041162367598896e-05
0,128,9.170700197036329e-05
0,129,0.0002241296606098403
0,130,0.0002148393119835257
0,131,7.087409899014262e-05
1,1,0.9185301925221607
1,2,0.0001727830107177825
1,3,0.00019896225476593137
1,4,7.85377321444466e-05
1,5,0.0001937264059563016
1,6,5.7594336905927504e-05
1,7,5.235848809629773e-05
1,8,5.7594336905927504e-05
1,9,0.00020943395238519092
1,10,0.0001727830107177825
1,11,0.0002356131964333398
1,12,0.0004869339392955689
1,13,0.0002146698011948207
1,14,0.00026702828929111845
1,15,0.0001361320690503741
1,16,0.0005549999738207559
1,17,0.00020419810357556116
1,18,0.0004293396023896414
1,19,0.00018325470833704206
1,20,0.0001361320690503741
1,21,0.00020419810357556116
1,22,0.0007906131702540958
1,23,0.00035603771905482455
1,24,0.00048169809048593913
1,25,0.00018325470833704206
1,26,0.0003089150797681566
1,27,0.00019896225476593137
1,28,0.0009895754250200271
1,29,0.0002356131964333398
1,30,0.00035603771905482455
1,31,0.0004502829976281605
1,32,0.00026179244048148864
1,33,0.0011414150404992906
1,34,0.0005183490321533476
1,35,0.0013194339000267028
1,36,0.00036127356786445436
1,37,0.00026179244048148864
1,38,0.0011047640988318822
1,39,0.0004502829976281605
1,40,0.0011204716452607715
1,41,0.0016021697357467106
1,42,0.0004293396023896414
1,43,0.00069113204287113
1,44,0.0011466508893089203
1,45,0.001225188621453367
1,46,0.0007958490190637255
1,47,0.000832499960731134
1,48,0.0009476886345429889
1,49,0.0013037263535978134
1,50,5.235848809629773e-05
1,51,0.002141462163138577
1,52,0.0011675942845474393
1,53,0.002607452707195627
1,54,0.0001727830107177825
1,55,0.0010733490059741035
1,56,0.0016335848286044893
1,57,0.0010419339131163248
1,58,0.0014974527595541152
1,59,0.0013927357833615197
1,60,0.00018325470833704206
1,61,0.0010733490059741035
1,62,0.0019110848155148672
1,63,0.0011675942845474393
1,64,8.377358095407638e-05
1,65,0.0014660376666963365
1,66,6.283018571555728e-05
1,67,0.0029530187286311922
1,68,0.0018273112345607908
1,69,0.0003717452654837139
1,70,0.002675518741720814
1,71,0.00014136791786000387
1,72,0.0002146698011948207
1,73,0.0001937264059563016
1,74,0.00038221696310297346
1,75,0.0015341037012215235
1,76,9.948112738296569e-05
1,77,0.00029844338214889707
1,78,0.001664999921462268
1,79,7.85377321444466e-05
1,80,5.235848809629773e-05
1,81,7.85377321444466e-05
1,82,0.00012566037143111456
1,83,0.002795943264342299
1,84,0.002670282892911184
1,85,0.00012566037143111456
1,86,0.00014136791786000387
1,87,8.377358095407638e-05
1,88,0.0004083962071511223
1,89,6.283018571555728e-05
1,90,6.283018571555728e-05
1,91,0.00010471697619259546
1,92,0.003900707363174181
1,93,0.003738396050075658
1,94,0.0002356131964333398
1,95,9.948112738296569e-05
1,96,0.00022514149881408026
1,97,0.0003350943238163055
1,98,0.00017801885952741227
1,99,0.0023194810226659893
1,100,0.0004083962071511223
1,101,0.00011518867381185501
1,102,0.00014136791786000387
1,103,0.00023037734762371002
1,104,0.00022514149881408026
1,105,0.0003298584750066757
1,106,0.0004450471488185307
1,107,0.0006858961940615002
1,108,0.0005026414857244582
1,109,0.0005602358226303858
1,110,9.424527857333591e-05
1,111,0.0001727830107177825
1,112,8.900942976370614e-05
1,113,2.6179244048148865e-05
1,114,5.7594336905927504e-05
1,115,0.00010471697619259546
1,116,0.0001727830107177825
1,117,0.00018325470833704206
1,118,8.377358095407638e-05
1,119,0.00030367923095852683
1,120,0.00026179244048148864
1,121,0.0004869339392955689
1,122,0.0004502829976281605
1,123,0.0004974056369148284
1,124,0.00014660376666963365
1,125,0.0007801414726348361
1,126,0.0001727830107177825
1,127,8.377358095407638e-05
1,128,0.00014660376666963365
1,129,0.00021990565000445047
1,130,0.00018849055714667182
1,131,8.377358095407638e-05
2,2,0.879707700955593
2,12,0.0011242270938729624
2,17,0.0008993816750983699
2,21,0.0005621135469364812
2,22,0.001011804384485666
2,25,0.0006745362563237774
2,26,0.0012366498032602585
2,33,0.0005621135469364812
2,35,0.0017987633501967398
2,40,0.002023608768971332
2,42,0.0007869589657110736
2,44,0.0013490725126475548
2,45,0.0025857223159078133
2,46,0.0005621135469364812
2,47,0.0005621135469364812
2,48,0.005171444631815627
2,49,0.002922990444069702
2,51,0.0011242270938729624
2,52,0.0012366498032602585
2,53,0.0030354131534569982
2,55,0.0007869589657110736
2,56,0.0022484541877459247
2,58,0.0030354131534569982
2,59,0.0035975267003934795
2,62,0.0026981450252951096
2,65,0.0026981450252951096
2,67,0.003485103991006183
2,68,0.001461495222034851
2,70,0.0016863406408094434
2,75,0.0011242270938729624
2,77,0.0005621135469364812
2,78,0.0006745362563237774
2,83,0.004496908375491849
2,84,0.008881394041596402
2,85,0.0008993816750983699
2,88,0.0013490725126475548
2,92,0.008544125913434513
2,93,0.006520517144463182
2,94,0.0006745362563237774
2,99,0.005845980888139404
2,100,0.0007869589657110736
2,103,0.001011804384485666
2,104,0.0005621135469364812
2,105,0.0006745362563237774
2,106,0.001011804384485666
2,107,0.0021360314783586284
2,108,0.0006745362563237774
2,109,0.0019111860595840359
2,111,0.0007869589657110736
2,114,0.0005621135469364812
2,115,0.0005621135469364812
2,116,0.0007869589657110736
2,119,0.0007869589657110736
2,121,0.0005621135469364812
2,122,0.0007869589657110736
2,123,0.0012366498032602585
2,125,0.0013490725126475548
2,129,0.0005621135469364812
2,130,0.0005621135469364812
3,3,0.895900245607406
3,5,0.00047232193463064425
3,10,0.0007557150954090308
3,12,0.00047232193463064425
3,17,0.0005667863215567731
3,22,0.0005667863215567731
3,23,0.0011335726431135461
3,24,0.0005667863215567731
3,26,0.0009446438692612885
3,31,0.00047232193463064425
3,33,0.00047232193463064425
3,34,0.0005667863215567731
3,35,0.002645002833931608
3,38,0.0005667863215567731
3,39,0.0007557150954090308
3,40,0.0016058945777441905
3,41,0.0008501794823351596
3,44,0.00047232193463064425
3,45,0.0020782165123748348
3,46,0.0008501794823351596
3,47,0.0010391082561874174
3,48,0.0015114301908180617
3,49,0.0015114301908180617
3,51,0.0012280370300396751
3,52,0.0012280370300396751
3,53,0.003117324768562252
3,55,0.0009446438692612885
3,56,0.0017003589646703192
3,58,0.0040619686378235405
3,59,0.001889287738522577
3,60,0.0007557150954090308
3,61,0.000661250708482902
3,62,0.0049121481201587006
3,63,0.0007557150954090308
3,65,0.0012280370300396751
3,67,0.00330625354241451
3,68,0.0020782165123748348
3,70,0.0008501794823351596
3,75,0.002739467220857737
3,78,0.0009446438692612885
3,83,0.00736822218023805
3,84,0.004817683733232572
3,87,0.0005667863215567731
3,88,0.0017003589646703192
3,92,0.00576232760249386
3,93,0.005384470054789345
3,96,0.000661250708482902
3,99,0.005101076894010958
3,100,0.0005667863215567731
3,106,0.00047232193463064425
3,107,0.00047232193463064425
3,108,0.0011335726431135461
3,109,0.0010391082561874174
3,112,0.0005667863215567731
3,117,0.0005667863215567731
3,120,0.000661250708482902
3,121,0.0005667863215567731
3,122,0.0005667863215567731
3,123,0.0010391082561874174
3,125,0.0012280370300396751
3,129,0.00047232193463064425
4,4,0.9488960298538406
4,33,0.0006219550119208044
4,35,0.000518295843267337
4,37,0.0006219550119208044
4,40,0.0006219550119208044
4,42,0.000518295843267337
4,44,0.0009329325178812066
4,46,0.0008292733492277392
4,47,0.0008292733492277392
4,48,0.0007256141805742718
4,49,0.0006219550119208044
4,51,0.0013475691924950762
4,52,0.0006219550119208044
4,53,0.0013475691924950762
4,55,0.0039390484088317615
4,56,0.001554887529802011
4,58,0.0014512283611485435
4,59,0.0006219550119208044
4,61,0.001036591686534674
4,62,0.0017622058671089458
4,63,0.0011402508551881414
4,65,0.0024878200476832176
4,67,0.0018658650357624132
4,68,0.0007256141805742718
4,70,0.0019695242044158808
4,75,0.0017622058671089458
4,78,0.0011402508551881414
4,83,0.0024878200476832176
4,84,0.0012439100238416088
4,92,0.0021768425417228155
4,93,0.0009329325178812066
4,99,0.001554887529802011
5,5,0.931858489685429
5,18,0.0006534117427424624
5,30,0.0006534117427424624
5,31,0.0005600672080649678
5,32,0.000746756277419957
5,33,0.0009334453467749463
5,34,0.0005600672080649678
5,35,0.0009334453467749463
5,37,0.0006534117427424624
5,38,0.0006534117427424624
5,39,0.0013068234854849248
5,40,0.0011201344161299357
5,41,0.0006534117427424624
5,44,0.001026789881452441
5,46,0.00046672267338747315
5,47,0.001026789881452441
5,48,0.0006534117427424624
5,49,0.0006534117427424624
5,51,0.002333613366937366
5,52,0.0011201344161299357
5,53,0.0019602352282273874
5,55,0.0008401008120974517
5,56,0.004200504060487258
5,57,0.0014001680201624195
5,58,0.0009334453467749463
5,59,0.0009334453467749463
5,61,0.0011201344161299357
5,62,0.001773546158872398
5,63,0.001026789881452441
5,65,0.004760571268552226
5,67,0.002053579762904882
5,68,0.001773546158872398
5,69,0.0005600672080649678
5,70,0.001773546158872398
5,75,0.0015868570895174088
5,77,0.00046672267338747315
5,78,0.0013068234854849248
5,83,0.0026136469709698495
5,84,0.0016802016241949033
5,91,0.0005600672080649678
5,92,0.002333613366937366
5,93,0.0015868570895174088
5,97,0.0005600672080649678
5,99,0.0019602352282273874
5,107,0.00046672267338747315
5,111,0.0005600672080649678
5,121,0.00046672267338747315
5,122,0.00046672267338747315
6,6,0.9472785699939746
6,18,0.0006025306286402892
6,25,0.001004217714400482
6,35,0.0009037959429604338
6,37,0.000502108857200241
6,38,0.0006025306286402892
6,40,0.0009037959429604338
6,41,0.0007029524000803374
6,44,0.000502108857200241
6,45,0.001004217714400482
6,46,0.0009037959429604338
6,47,0.0006025306286402892
6,48,0.0009037959429604338
6,49,0.0016067483430407712
6,51,0.0016067483430407712
6,52,0.0012050612572805785
6,53,0.0009037959429604338
6,55,0.000502108857200241
6,56,0.0012050612572805785
6,57,0.0012050612572805785
6,58,0.0014059048001606748
6,59,0.0013054830287206266
6,61,0.001004217714400482
6,62,0.002410122514561157
6,63,0.0013054830287206266
6,65,0.0017071701144808194
6,67,0.0019080136573609158
6,68,0.0013054830287206266
6,70,0.001004217714400482
6,75,0.001506326571600723
6,78,0.0017071701144808194
6,83,0.0019080136573609158
6,84,0.001004217714400482
6,92,0.0017071701144808194
6,93,0.002108857200241012
6,99,0.0019080136573609158
6,123,0.0007029524000803374
7,7,0.9385459780457082
7,20,0.00062983624257693
7,22,0.00044988303041209286
7,27,0.00062983624257693
7,31,0.00188950872773079
7,35,0.00044988303041209286
7,38,0.00044988303041209286
7,40,0.0011696958790714414
7,41,0.00044988303041209286
7,42,0.0008997660608241857
7,43,0.00125967248515386
7,44,0.00044988303041209286
7,45,0.0009897426669066042
7,47,0.0008097894547417671
7,48,0.0005398596364945115
7,49,0.003329134425049487
7,51,0.0008997660608241857
7,52,0.001079719272989023
7,53,0.0008997660608241857
7,55,0.0015296023034011158
7,56,0.0007198128486593485
7,57,0.0019794853338132084
7,58,0.0009897426669066042
7,59,0.0008997660608241857
7,61,0.0007198128486593485
7,62,0.001079719272989023
7,63,0.001079719272989023
7,65,0.0016195789094835343
7,67,0.002339391758142883
7,68,0.0026093215763901387
7,69,0.00062983624257693
7,70,0.0017095555155659527
7,75,0.0008997660608241857
7,78,0.003329134425049487
7,81,0.0005398596364945115
7,83,0.002159438545978046
7,84,0.0015296023034011158
7,92,0.00251934497030772
7,93,0.00377901745546158
7,99,0.0016195789094835343
7,108,0.00044988303041209286
8,8,0.9309032073855524
8,10,0.0005710478728466736
8,30,0.0011420957456933472
8,32,0.0018083182640144665
8,33,0.00047587322737222806
8,34,0.00047587322737222806
8,35,0.0009517464547444561
8,38,0.0009517464547444561
8,39,0.00047587322737222806
8,40,0.0006662225183211193
8,44,0.0005710478728466736
8,45,0.0007613971637955648
8,46,0.0007613971637955648
8,48,0.0011420957456933472
8,49,0.0010469211002189017
8,51,0.0013324450366422385
8,52,0.001237270391167793
8,53,0.0009517464547444561
8,55,0.0006662225183211193
8,56,0.003616636528028933
8,58,0.0016179689730655754
8,59,0.0009517464547444561
8,61,0.0005710478728466736
8,62,0.0020938422004378033
8,63,0.0009517464547444561
8,65,0.0025697154278100315
8,67,0.0016179689730655754
8,68,0.00047587322737222806
8,70,0.0009517464547444561
8,75,0.004663557628247834
8,77,0.0005710478728466736
8,78,0.00047587322737222806
8,83,0.0030455886551822593
8,84,0.0019034929094889123
8,88,0.0005710478728466736
8,92,0.008375368801751213
8,93,0.0013324450366422385
8,99,0.0033311125916055963
8,102,0.00047587322737222806
8,105,0.0008565718092700105
8,108,0.0005710478728466736
8,109,0.00047587322737222806
8,118,0.0005710478728466736
8,119,0.0007613971637955648
8,121,0.00047587322737222806
9,9,0.9417854872400327
9,27,0.0004540913631822723
9,28,0.002179638543274907
9,31,0.0004540913631822723
9,34,0.0005449096358187268
9,35,0.0006357279084551812
9,38,0.0025429116338207248
9,40,0.0006357279084551812
9,41,0.006720552175097629
9,42,0.0006357279084551812
9,43,0.0007265461810916356
9,46,0.000999000999000999
9,49,0.0009081827263645446
9,51,0.0017255471800926346
9,53,0.0015439106348197258
9,55,0.0018163654527290892
9,57,0.0010898192716374535
9,58,0.000999000999000999
9,61,0.0018163654527290892
9,62,0.0007265461810916356
9,63,0.0017255471800926346
9,65,0.0011806375442739079
9,67,0.003723549178094633
9,68,0.0023612750885478157
9,70,0.006357279084551812
9,72,0.0006357279084551812
9,74,0.0011806375442739079
9,75,0.0010898192716374535
9,78,0.0026337299064571793
9,83,0.0010898192716374535
9,84,0.0006357279084551812
9,93,0.0015439106348197258
10,10,0.9290472750622041
10,16,0.0004013163175214704
10,22,0.0004815795810257645
10,23,0.0005618428445300586
10,26,0.000963159162051529
10,27,0.0004013163175214704
10,31,0.0004815795810257645
10,32,0.0006421061080343527
10,33,0.0011236856890601173
10,34,0.0007223693715386468
10,35,0.0007223693715386468
10,36,0.000882895898547235
10,38,0.0004013163175214704
10,39,0.0004815795810257645
10,40,0.0015250020065815876
10,41,0.0005618428445300586
10,42,0.0007223693715386468
10,43,0.0008026326350429408
10,44,0.0011236856890601173
10,45,0.0005618428445300586
10,47,0.0008026326350429408
10,48,0.0012842122160687053
10,49,0.001043422425555823
10,51,0.0012842122160687053
10,52,0.0005618428445300586
10,53,0.00176579179709447
10,55,0.00176579179709447
10,56,0.0013644754795729993
10,57,0.0008026326350429408
10,58,0.0016855285335901757
10,59,0.000882895898547235
10,61,0.0007223693715386468
10,62,0.0023276346416245285
10,63,0.001043422425555823
10,65,0.0027289509591459987
10,67,0.003772373384701822
10,68,0.001926318324103058
10,70,0.00176579179709447
10,75,0.002006581587607352
10,78,0.0011236856890601173
10,83,0.0032105305401717633
10,84,0.0027289509591459987
10,92,0.0026486876956417047
10,93,0.002086844851111646
10,99,0.0022473713781202345
10,107,0.0005618428445300586
10,108,0.0007223693715386468
10,115,0.0004013163175214704
10,121,0.0008026326350429408
10,122,0.0006421061080343527
10,123,0.001043422425555823
10,125,0.0004013163175214704
10,129,0.0004013163175214704
11,11,0.9035294117647059
11,14,0.0005313092979127135
11,16,0.00045540796963946866
11,22,0.0008349146110056926
11,26,0.00045540796963946866
11,31,0.001366223908918406
11,33,0.0009108159392789373
11,34,0.000683111954459203
11,35,0.0018975332068311196
11,37,0.0005313092979127135
11,38,0.00045540796963946866
11,39,0.000683111954459203
11,40,0.0012144212523719166
11,41,0.0012903225806451613
11,42,0.0003795066413662239
11,43,0.0003795066413662239
11,44,0.004326375711574953
11,45,0.0012144212523719166
11,46,0.0009867172675521823
11,47,0.001366223908918406
11,48,0.0012144212523719166
11,49,0.0012144212523719166
11,51,0.0018216318785578747
11,52,0.0019734345351043645
11,53,0.0033396584440227705
11,55,0.0015180265654648956
11,56,0.0008349146110056926
11,57,0.0007590132827324478
11,58,0.001442125237191651
11,59,0.0011385199240986717
11,61,0.00174573055028463
11,62,0.00174573055028463
11,63,0.0009867172675521823
11,65,0.0015180265654648956
11,67,0.007817836812144213
11,68,0.0018216318785578747
11,69,0.0003795066413662239
11,70,0.005540796963946869
11,73,0.000683111954459203
11,75,0.0012903225806451613
11,78,0.001062618595825427
11,83,0.002352941176470588
11,84,0.004554079696394687
11,86,0.00045540796963946866
11,87,0.0005313092979127135
11,88,0.0012144212523719166
11,92,0.004629981024667932
11,93,0.0035673624288425046
11,97,0.00045540796963946866
11,99,0.00349146110056926
11,100,0.00045540796963946866
11,104,0.00045540796963946866
11,105,0.0008349146110056926
11,107,0.0006072106261859583
11,108,0.0003795066413662239
11,109,0.0008349146110056926
11,121,0.0009108159392789373
11,122,0.0006072106261859583
11,123,0.0009867172675521823
11,125,0.0005313092979127135
12,12,0.8806891819775864
12,16,0.0005336586109628726
12,18,0.0007623694442326751
12,21,0.0005336586109628726
12,22,0.0005336586109628726
12,23,0.0006098955553861401
12,26,0.0007623694442326751
12,28,0.0004574216665396051
12,30,0.00038118472211633755
12,33,0.0006098955553861401
12,35,0.0011435541663490127
12,36,0.0005336586109628726
12,38,0.0006861324998094076
12,39,0.0005336586109628726
12,40,0.0016009758328886178
12,41,0.0008386063886559427
12,42,0.0020583974994282227
12,43,0.0012197911107722803
12,45,0.0005336586109628726
12,46,0.0008386063886559427
12,47,0.0008386063886559427
12,48,0.0009148433330792102
12,49,0.012426621940992606
12,50,0.0008386063886559427
12,51,0.002210871388274758
12,52,0.0006861324998094076
12,53,0.0022871083326980253
12,55,0.0008386063886559427
12,56,0.0016772127773118854
12,57,0.0016009758328886178
12,58,0.0016009758328886178
12,59,0.0017534497217351528
12,61,0.0006098955553861401
12,62,0.001905923610581688
12,63,0.0016009758328886178
12,65,0.0013722649996188152
12,67,0.0028970038880841657
12,68,0.0021346344438514906
12,69,0.0009148433330792102
12,70,0.0032019516657772356
12,72,0.00038118472211633755
12,75,0.0009910802775024777
12,78,0.005107875276358923
12,80,0.00038118472211633755
12,82,0.00038118472211633755
12,83,0.003430662499047038
12,84,0.004574216665396051
12,85,0.0014485019440420828
12,86,0.0005336586109628726
12,88,0.0009148433330792102
12,92,0.0070900358313638785
12,97,0.010901883052527254
12,98,0.0009910802775024777
12,99,0.002363345277121293
12,100,0.00038118472211633755
12,105,0.0006098955553861401
12,106,0.0006098955553861401
12,107,0.0017534497217351528
12,109,0.0011435541663490127
12,115,0.006175192498284669
12,116,0.0009148433330792102
12,119,0.0005336586109628726
12,120,0.0004574216665396051
12,121,0.0006098955553861401
12,122,0.0006098955553861401
12,123,0.0009148433330792102
12,125,0.0007623694442326751
12,126,0.0006098955553861401
13,13,0.9304691916336914
13,17,0.0004037793749495276
13,18,0.0008075587498990552
13,21,0.0004037793749495276
13,29,0.0010498263748687717
13,30,0.0004845352499394331
13,32,0.0004037793749495276
13,33,0.0005652911249293386
13,34,0.0008883146248889606
13,35,0.0007268028749091496
13,36,0.0004845352499394331
13,37,0.0004037793749495276
13,38,0.0008883146248889606
13,39,0.0004037793749495276
13,40,0.0020996527497375433
13,41,0.0004845352499394331
13,44,0.0008075587498990552
13,45,0.0012113381248485828
13,47,0.0006460469999192441
13,48,0.0013728498748283937
13,49,0.0004845352499394331
13,51,0.002503432124687071
13,52,0.0012920939998384883
13,53,0.010417507873697811
13,55,0.0017766292497779213
13,56,0.0013728498748283937
13,57,0.0004037793749495276
13,58,0.0015343616248082049
13,59,0.0008075587498990552
13,61,0.0005652911249293386
13,62,0.0016958733747880158
13,63,0.0004037793749495276
13,65,0.0019381409997577324
13,67,0.0033917467495760316
13,68,0.0012920939998384883
13,70,0.0013728498748283937
13,75,0.0022611644997173543
13,77,0.0004845352499394331
13,78,0.0008883146248889606
13,83,0.0015343616248082049
13,84,0.0008075587498990552
13,92,0.0019381409997577324
13,93,0.003876281999515465
13,96,0.0012920939998384883
13,97,0.0004845352499394331
13,99,0.0015343616248082049
13,100,0.0004037793749495276
13,108,0.0004037793749495276
13,111,0.0004037793749495276
14,14,0.8817005545286506
14,16,0.0006721559401781214
14,17,0.00042009746261132585
14,22,0.002100487313056629
14,23,0.0008401949252226517
14,28,0.000504116955133591
14,31,0.001008233910267182
14,32,0.00042009746261132585
14,33,0.0016803898504453034
14,34,0.000504116955133591
14,35,0.002520584775667955
14,38,0.0011762728953117123
14,39,0.0005881364476558561
14,40,0.0028566627457570154
14,41,0.001512350865400773
14,44,0.0031927407158460763
14,45,0.001512350865400773
14,46,0.0005881364476558561
14,47,0.0016803898504453034
14,48,0.005797344984036296
14,49,0.0017644093429675684
14,51,0.0012602923878339775
14,52,0.004453033103680054
14,53,0.0027726432532347504
14,55,0.0013443118803562427
14,56,0.002100487313056629
14,57,0.0007561754327003865
14,58,0.0015963703579230382
14,59,0.0014283313728785077
14,61,0.00042009746261132585
14,62,0.0021845068055788945
14,63,0.0007561754327003865
14,65,0.001512350865400773
14,67,0.0036968576709796672
14,68,0.001512350865400773
14,73,0.017812132414720214
14,75,0.0011762728953117123
14,78,0.0006721559401781214
14,83,0.0036128381784574022
14,84,0.0034447991934128718
14,86,0.00042009746261132585
14,92,0.006637539909258948
14,93,0.0036968576709796672
14,94,0.001008233910267182
14,96,0.00042009746261132585
14,97,0.0009242144177449168
14,99,0.0034447991934128718
14,100,0.0007561754327003865
14,103,0.0012602923878339775
14,104,0.0006721559401781214
14,105,0.0005881364476558561
14,106,0.0007561754327003865
14,107,0.0008401949252226517
14,108,0.000504116955133591
14,109,0.00042009746261132585
14,119,0.00042009746261132585
14,120,0.00042009746261132585
14,121,0.0007561754327003865
14,122,0.00042009746261132585
14,123,0.0007561754327003865
14,125,0.0009242144177449168
14,128,0.00042009746261132585
15,15,0.9526825362160588
15,30,0.000509572686903982
15,31,0.0005823687850331223
15,32,0.0007279609812914028
15,34,0.0010919414719371041
15,36,0.00043677658877484165
15,37,0.001310329766324525
15,38,0.0010919414719371041
15,39,0.0009463492756788236
15,41,0.0015287180607119458
15,43,0.000509572686903982
15,44,0.0007279609812914028
15,45,0.0003639804906457014
15,48,0.0008007570794205431
15,49,0.0009463492756788236
15,51,0.001310329766324525
15,52,0.0012375336681953847
15,53,0.0022566790420033484
15,55,0.0014559219625828056
15,56,0.0011647375700662445
15,58,0.0016015141588410862
15,59,0.000509572686903982
15,61,0.0009463492756788236
15,62,0.0010919414719371041
15,63,0.0010919414719371041
15,65,0.0040037853971027155
15,67,0.0016015141588410862
15,68,0.0012375336681953847
15,70,0.00262065953264905
15,75,0.003421416612069593
15,78,0.000509572686903982
15,83,0.0011647375700662445
15,84,0.0011647375700662445
15,92,0.0003639804906457014
15,93,0.0010919414719371041
15,99,0.0006551648831622625
16,16,0.845905462373307
16,18,0.0005381648578347834
16,22,0.0021526594313391336
16,23,0.0010763297156695668
16,26,0.000807247286752175
16,28,0.002780518432146381
16,31,0.0006278590008072473
16,33,0.000896941429724639
16,35,0.00735491972374204
16,36,0.0004484707148623195
16,38,0.003498071575926092
16,40,0.0037671540048434837
16,41,0.00161449457350435
16,42,0.0006278590008072473
16,44,0.0020629652883666695
16,45,0.00529195443537537
16,46,0.0010763297156695668
16,47,0.0009866355726971029
16,48,0.001793882859449278
16,49,0.001793882859449278
16,51,0.0064579782940174
16,52,0.0013454121445869585
16,54,0.0183872993093551
16,55,0.0007175531437797112
16,56,0.0012557180016144946
16,58,0.0009866355726971029
16,59,0.0029599067180913086
16,61,0.0007175531437797112
16,62,0.0018835770024217418
16,65,0.0006278590008072473
16,67,0.006188895865100009
16,68,0.0013454121445869585
16,69,0.0005381648578347834
16,70,0.005650731007265226
16,72,0.0005381648578347834
16,73,0.000896941429724639
16,75,0.0009866355726971029
16,83,0.002601130146201453
16,84,0.006816754865907256
16,87,0.0004484707148623195
16,88,0.0009866355726971029
16,92,0.004215624719705803
16,93,0.013992286303704369
16,94,0.0010763297156695668
16,96,0.0020629652883666695
16,97,0.001704188716476814
16,98,0.0005381648578347834
16,99,0.004305318862678267
16,100,0.0030496008610637723
16,103,0.0004484707148623195
16,105,0.0004484707148623195
16,107,0.0007175531437797112
16,108,0.0009866355726971029
16,109,0.002780518432146381
16,110,0.0004484707148623195
16,111,0.0005381648578347834
16,114,0.0004484707148623195
16,115,0.000807247286752175
16,119,0.0006278590008072473
16,121,0.000807247286752175
16,122,0.0015248004305318862
16,123,0.0010763297156695668
16,124,0.0004484707148623195
16,125,0.00161449457350435
16,127,0.0005381648578347834
16,129,0.000896941429724639
17,17,0.9530534111592293
17,18,0.0003765769158350593
17,22,0.0006276281930584322
17,25,0.00043933973514090254
17,27,0.00043933973514090254
17,30,0.0003138140965292161
17,31,0.0003138140965292161
17,34,0.0005021025544467457
17,35,0.0003765769158350593
17,36,0.00043933973514090254
17,37,0.0003138140965292161
17,38,0.0003138140965292161
17,40,0.0005021025544467457
17,41,0.0008159166509759618
17,42,0.0003138140965292161
17,43,0.0006903910123642755
17,44,0.0006903910123642755
17,45,0.00043933973514090254
17,46,0.0007531538316701186
17,47,0.0006276281930584322
17,48,0.001380782024728551
17,49,0.0006903910123642755
17,51,0.0006276281930584322
17,52,0.0007531538316701186
17,53,0.001129730747505178
17,55,0.0008159166509759618
17,56,0.0008159166509759618
17,57,0.0008159166509759618
17,58,0.0018201217598694532
17,59,0.0003765769158350593
17,61,0.0013180192054227076
17,62,0.0007531538316701186
17,63,0.001443544844034394
17,65,0.0021339358563986694
17,67,0.0018201217598694532
17,68,0.0015690704826460805
17,70,0.001443544844034394
17,75,0.001129730747505178
17,78,0.0023222243143161993
17,83,0.001380782024728551
17,84,0.001129730747505178
17,92,0.002008410217786983
17,93,0.0018201217598694532
17,99,0.0008786794702818051
17,104,0.0003138140965292161
17,107,0.0003765769158350593
17,109,0.0003138140965292161
18,18,0.9138459531728951
18,22,0.0005869692819409117
18,23,0.00045653166373182025
18,25,0.0003913128546272745
18,26,0.00045653166373182025
18,28,0.00032609404552272873
18,29,0.00032609404552272873
18,30,0.0003913128546272745
18,33,0.00045653166373182025
18,34,0.00045653166373182025
18,35,0.0010435009456727321
18,36,0.00032609404552272873
18,37,0.00032609404552272873
18,38,0.000782625709254549
18,39,0.0005217504728363661
18,40,0.001565251418509098
18,41,0.0009782821365681863
18,43,0.0005217504728363661
18,44,0.0014348138003000064
18,45,0.0035218156916454707
18,46,0.0009130633274636405
18,47,0.000782625709254549
18,48,0.000782625709254549
18,49,0.0011087197547772778
18,51,0.005478379964781843
18,52,0.001304376182090915
18,53,0.0038479097371681994
18,55,0.000782625709254549
18,56,0.0016956890367181895
18,57,0.0009782821365681863
18,58,0.0022174395095545555
18,59,0.0016304702276136438
18,61,0.0010435009456727321
18,62,0.0038479097371681994
18,63,0.001304376182090915
18,65,0.001826126654927281
18,67,0.00260875236418183
18,68,0.001304376182090915
18,69,0.0005217504728363661
18,70,0.0022174395095545555
18,75,0.001565251418509098
18,78,0.001826126654927281
18,83,0.00215222070045001
18,84,0.003130502837018196
18,92,0.007108850192395487
18,93,0.0032609404552272877
18,94,0.00032609404552272873
18,96,0.00032609404552272873
18,97,0.0003913128546272745
18,99,0.0027391899823909216
18,100,0.0003913128546272745
18,103,0.0003913128546272745
18,104,0.0005869692819409117
18,105,0.00045653166373182025
18,106,0.0007174069001500032
18,107,0.0015000326094045523
18,109,0.0008478445183590947
18,122,0.0005217504728363661
18,123,0.0007174069001500032
18,125,0.0006521880910454575
18,129,0.00032609404552272873
19,19,0.9653887835274994
19,22,0.000406393931183961
19,27,0.0003386616093199675
19,30,0.000406393931183961
19,31,0.0003386616093199675
19,33,0.0006095908967759415
19,35,0.0003386616093199675
19,40,0.0003386616093199675
19,41,0.000677323218639935
19,45,0.000677323218639935
19,46,0.000541858574911948
19,47,0.0003386616093199675
19,48,0.0007450555405039285
19,49,0.000812787862367922
19,51,0.0015578434028718504
19,52,0.0007450555405039285
19,53,0.0008805201842319155
19,55,0.000812787862367922
19,56,0.000948252506095909
19,57,0.000541858574911948
19,58,0.0011514494716878894
19,59,0.000541858574911948
19,61,0.000812787862367922
19,62,0.0007450555405039285
19,63,0.000541858574911948
19,65,0.0011514494716878894
19,67,0.0010159848279599024
19,68,0.001083717149823896
19,70,0.0015578434028718504
19,75,0.000812787862367922
19,78,0.000812787862367922
19,83,0.001625575724735844
19,84,0.0007450555405039285
19,92,0.0008805201842319155
19,93,0.0011514494716878894
19,99,0.0010159848279599024
19,108,0.0006095908967759415
19,122,0.0003386616093199675
20,20,0.9506610576923077
20,27,0.00030048076923076925
20,31,0.0003605769230769231
20,34,0.0005408653846153846
20,35,0.0007211538461538462
20,36,0.00042067307692307695
20,40,0.0008413461538461539
20,41,0.00030048076923076925
20,42,0.0010216346153846154
20,43,0.0013822115384615385
20,44,0.00030048076923076925
20,45,0.0006610576923076923
20,46,0.0009014423076923077
20,47,0.0004807692307692308
20,48,0.0005408653846153846
20,49,0.0013221153846153847
20,51,0.0013221153846153847
20,52,0.00042067307692307695
20,53,0.0013221153846153847
20,55,0.0009014423076923077
20,56,0.0005408653846153846
20,57,0.002403846153846154
20,58,0.0008413461538461539
20,59,0.0004807692307692308
20,61,0.0010216346153846154
20,62,0.0008413461538461539
20,63,0.0015625
20,65,0.0004807692307692308
20,67,0.0016826923076923078
20,68,0.0025841346153846153
20,69,0.0010216346153846154
20,70,0.0006610576923076923
20,75,0.0008413461538461539
20,78,0.004387019230769231
20,83,0.0015625
20,84,0.0012620192307692308
20,88,0.0003605769230769231
20,92,0.0014423076923076924
20,93,0.0026442307692307694
20,99,0.0011418269230769231
20,104,0.00030048076923076925
20,107,0.00030048076923076925
20,108,0.0003605769230769231
20,125,0.00030048076923076925
21,21,0.9173104123599173
21,22,0.0007616146230007616
21,23,0.000272005222500272
21,28,0.0004352083560004352
21,31,0.0003808073115003808
21,33,0.0003264062670003264
21,34,0.0003808073115003808
21,35,0.0007616146230007616
21,37,0.000272005222500272
21,38,0.0003808073115003808
21,39,0.0003808073115003808
21,40,0.000816015667500816
21,41,0.0003808073115003808
21,42,0.0004896094005004897
21,44,0.0009248177565009248
21,45,0.0010336198455010337
21,46,0.0004896094005004897
21,47,0.0007072135785007072
21,48,0.0009792188010009793
21,49,0.004188880426504189
21,51,0.001088020890001088
21,52,0.0009248177565009248
21,53,0.0017952344685017952
21,55,0.000816015667500816
21,56,0.001196822979001197
21,57,0.0003808073115003808
21,58,0.0014688282015014689
21,59,0.00136002611250136
21,60,0.0004352083560004352
21,61,0.0008704167120008704
21,62,0.001632031335001632
21,63,0.0009248177565009248
21,65,0.000544010445000544
21,67,0.0026112501360026114
21,68,0.0007616146230007616
21,70,0.0033184637145033183
21,72,0.000272005222500272
21,75,0.0007616146230007616
21,78,0.0005984114895005984
21,83,0.0018496355130018496
21,84,0.003536067892503536
21,85,0.0004896094005004897
21,86,0.0003264062670003264
21,88,0.0008704167120008704
21,92,0.014797084104014797
21,93,0.003644869981503645
21,97,0.0003808073115003808
21,99,0.0015776302905015777
21,102,0.0006528125340006528
21,103,0.0010336198455010337
21,104,0.0007616146230007616
21,105,0.0010336198455010337
21,106,0.0017952344685017952
21,107,0.003536067892503536
21,108,0.000816015667500816
21,109,0.0011424219345011425
21,115,0.0006528125340006528
21,116,0.0003808073115003808
21,119,0.0004896094005004897
21,121,0.0004352083560004352
21,122,0.0003264062670003264
21,123,0.0006528125340006528
21,125,0.0007616146230007616
22,22,0.8576265375219646
22,23,0.000728581836883384
22,26,0.001157159387991257
22,27,0.00021428877555393648
22,28,0.0002571465306647238
22,29,0.0003000042857755111
22,30,0.00047143530621866027
22,31,0.0010714438777696825
22,32,0.00047143530621866027
22,33,0.0006857240817725968
22,34,0.0009857283675481078
22,35,0.003128616123087473
22,36,0.0002571465306647238
22,37,0.00047143530621866027
22,38,0.0008571551022157459
22,39,0.00042857755110787296
22,40,0.0029571851026443234
22,41,0.0006428663266618094
22,42,0.00042857755110787296
22,43,0.00021428877555393648
22,44,0.0036857669395277074
22,45,0.0019714567350962156
22,46,0.0005142930613294476
22,47,0.0010714438777696825
22,48,0.002314318775982514
22,49,0.0019714567350962156
22,51,0.00158573693909913
22,52,0.002314318775982514
22,53,0.0042429177559679425
22,54,0.0011143016328804697
22,55,0.0007714395919941713
22,56,0.002014314490207003
22,57,0.0009428706124373205
22,58,0.0017571679595422792
22,59,0.0026571808168688125
22,60,0.0002571465306647238
22,61,0.0006000085715510222
22,62,0.002014314490207003
22,63,0.0008142973471049587
22,65,0.002271461020871727
22,67,0.005485792654180774
22,68,0.001885741224874641
22,69,0.0003000042857755111
22,70,0.0027000385719795996
22,73,0.0008571551022157459
22,74,0.0002571465306647238
22,75,0.003000042857755111
22,77,0.0012857326533236189
22,78,0.0009428706124373205
22,83,0.0029571851026443234
22,84,0.006642952042172031
22,85,0.0002571465306647238
22,86,0.0008142973471049587
22,87,0.0006000085715510222
22,88,0.0013714481635451936
22,90,0.0003000042857755111
22,93,0.005957227960399434
22,94,0.0005142930613294476
22,96,0.000728581836883384
22,97,0.0006000085715510222
22,98,0.0003000042857755111
22,99,0.004885784082629752
22,100,0.0010714438777696825
22,106,0.028114687352676467
22,107,0.003942913470192431
22,108,0.0007714395919941713
22,109,0.002442892041314876
22,110,0.00021428877555393648
22,111,0.0006000085715510222
22,112,0.00038571979599708565
22,114,0.0002571465306647238
22,115,0.0003428620408862984
22,116,0.00021428877555393648
22,117,0.0005571508164402348
22,118,0.0002571465306647238
22,119,0.0009857283675481078
22,120,0.00047143530621866027
22,121,0.0015000214288775555
22,122,0.0008142973471049587
22,123,0.0017143102044314918
22,124,0.00042857755110787296
22,125,0.0010714438777696825
22,126,0.0003428620408862984
22,127,0.0003000042857755111
22,128,0.0003428620408862984
22,129,0.0007714395919941713
23,23,0.9124165448583732
23,26,0.0005925808872911153
23,31,0.0003160431398885948
23,32,0.00019752696243037176
23,33,0.0005530754948050409
23,34,0.00019752696243037176
23,35,0.0013826887370126022
23,36,0.00027653774740252045
23,38,0.0005925808872911153
23,39,0.00035554853237466916
23,40,0.0017382372693872713
23,41,0.0005925808872911153
23,42,0.0003160431398885948
23,43,0.00027653774740252045
23,44,0.001580215699442974
23,45,0.0019357642318176432
23,46,0.0004740647098328922
23,47,0.000671591672263264
23,48,0.0012246671670683047
23,49,0.0017382372693872713
23,51,0.0017777426618733458
23,52,0.0011851617745822305
23,53,0.0035554853237466915
23,54,0.00090862402717971
23,55,0.000790107849721487
23,56,0.0017382372693872713
23,57,0.00027653774740252045
23,58,0.00272587208153913
23,59,0.0015407103069568996
23,60,0.0003950539248607435
23,61,0.0014221941294986766
23,62,0.0032394421838580966
23,63,0.001027140204637933
23,65,0.000790107849721487
23,67,0.003594990716232766
23,68,0.0010666455971240073
23,70,0.0033579583613163196
23,73,0.0002370323549164461
23,75,0.0009876348121518588
23,78,0.0006320862797771896
23,83,0.00699245447003516
23,84,0.0036740015012049145
23,85,0.00027653774740252045
23,86,0.00027653774740252045
23,87,0.00035554853237466916
23,88,0.0005135701023189665
23,90,0.00027653774740252045
23,91,0.00035554853237466916
23,92,0.004069055426065658
23,93,0.003990044641093509
23,94,0.00035554853237466916
23,96,0.0005135701023189665
23,97,0.0005925808872911153
23,99,0.004227076996009956
23,100,0.0007506024572354127
23,102,0.0003160431398885948
23,103,0.0002370323549164461
23,104,0.0004345593173468178
23,105,0.0002370323549164461
23,106,0.0009481294196657844
23,107,0.0007110970647493383
23,108,0.0006320862797771896
23,109,0.0013826887370126022
23,110,0.0002370323549164461
23,111,0.0003950539248607435
23,112,0.00019752696243037176
23,114,0.0002370323549164461
23,115,0.00027653774740252045
23,116,0.0004740647098328922
23,117,0.0002370323549164461
23,119,0.0003160431398885948
23,120,0.00027653774740252045
23,121,0.0003160431398885948
23,122,0.0003950539248607435
23,123,0.0011061509896100818
23,124,0.0003160431398885948
23,125,0.0009876348121518588
23,126,0.00027653774740252045
23,127,0.00027653774740252045
23,128,0.00027653774740252045
23,129,0.0005530754948050409
23,130,0.00019752696243037176
24,24,0.9343403059036547
24,26,0.0007147281650545576
24,30,0.00042883689903273453
24,31,0.00023824272168485253
24,33,0.0016200505074569973
24,34,0.00028589126602182304
24,35,0.0011435650640872921
24,38,0.0003335398103587935
24,39,0.0003335398103587935
24,40,0.001048267975413351
24,41,0.00038118835469576405
24,42,0.0006194310763806166
24,43,0.00023824272168485253
24,44,0.001048267975413351
24,45,0.0014294563301091151
24,46,0.0005241339877066755
24,47,0.0007147281650545576
24,48,0.0008576737980654691
24,49,0.0011912136084242626
24,51,0.0012388621527612332
24,52,0.0010006194310763807
24,53,0.002096535950826702
24,55,0.0007147281650545576
24,56,0.0010959165197503217
24,57,0.0010006194310763807
24,58,0.0009529708867394101
24,59,0.002382427216848525
24,60,0.0005717825320436461
24,61,0.0003335398103587935
24,62,0.0019059417734788202
24,63,0.00042883689903273453
24,65,0.0003335398103587935
24,67,0.0015724019631200266
24,68,0.0006194310763806166
24,70,0.0009529708867394101
24,75,0.0010006194310763807
24,78,0.0008576737980654691
24,83,0.003859532091294611
24,84,0.0035259922809358175
24,87,0.00023824272168485253
24,88,0.00047648544336970506
24,92,0.004907800066707962
24,93,0.0021918330395006434
24,97,0.0005717825320436461
24,99,0.0031924524705770237
24,100,0.00047648544336970506
24,104,0.00023824272168485253
24,106,0.00038118835469576405
24,107,0.0003335398103587935
24,108,0.00028589126602182304
24,109,0.0005717825320436461
24,115,0.00023824272168485253
24,117,0.00023824272168485253
24,118,0.00023824272168485253
24,119,0.0006194310763806166
24,121,0.001048267975413351
24,122,0.0009053223424024396
24,123,0.0016200505074569973
24,125,0.0012388621527612332
24,126,0.0003335398103587935
24,128,0.0005241339877066755
24,129,0.0006194310763806166
24,130,0.0003335398103587935
25,25,0.9358356998806437
25,26,0.0005762028233938346
25,28,0.00020578672264065523
25,29,0.00020578672264065523
25,30,0.0002469440671687863
25,33,0.0006585175124500967
25,34,0.0002469440671687863
25,35,0.000905461579618883
25,36,0.0003704161007531794
25,37,0.0003704161007531794
25,38,0.000864304235090752
25,39,0.00041157344528131045
25,40,0.000864304235090752
25,41,0.0006585175124500967
25,43,0.000864304235090752
25,44,0.0012758776803720624
25,45,0.001852080503765897
25,46,0.0006585175124500967
25,47,0.0007819895460344898
25,48,0.001070090957731407
25,49,0.0005762028233938346
25,51,0.001810923159237766
25,52,0.0011524056467876692
25,53,0.0019755525373502903
25,55,0.0006996748569782278
25,56,0.001028933613203276
25,57,0.0002469440671687863
25,58,0.002057867226406552
25,59,0.0019755525373502903
25,60,0.0003704161007531794
25,61,0.0006996748569782278
25,62,0.0019755525373502903
25,63,0.0006173601679219657
25,65,0.0014405070584845865
25,67,0.0022224966045190763
25,68,0.0006585175124500967
25,70,0.0012347203358439314
25,72,0.00020578672264065523
25,75,0.0016874511256533729
25,76,0.0002469440671687863
25,78,0.0002881014116969173
25,83,0.003909947730172449
25,84,0.0030044861505535664
25,88,0.0004527307898094415
25,91,0.00020578672264065523
25,92,0.003704161007531794
25,93,0.0022636539490472076
25,99,0.004403835864510022
25,100,0.00032925875622504837
25,102,0.0002469440671687863
25,103,0.0002881014116969173
25,105,0.0003704161007531794
25,106,0.0005350454788657035
25,107,0.0002469440671687863
25,109,0.0005350454788657035
25,116,0.00020578672264065523
25,117,0.0002469440671687863
25,119,0.0003704161007531794
25,120,0.0003704161007531794
25,121,0.0002881014116969173
25,122,0.0005350454788657035
25,123,0.0005762028233938346
25,125,0.0007408322015063588
25,126,0.00020578672264065523
25,129,0.0004527307898094415
25,130,0.0005762028233938346
26,26,0.8717459851873579
26,29,0.0005133093788956515
26,30,0.0002199897338124221
26,31,0.0003666495563540368
26,33,0.0017599178704993767
26,34,0.00047664442326024784
26,35,0.002529881938842854
26,36,0.0003666495563540368
26,38,0.0004033145119894405
26,39,0.0004033145119894405
26,40,0.002309892205030432
26,41,0.0002199897338124221
26,42,0.0003666495563540368
26,44,0.0017599178704993767
26,45,0.003373175918457139
26,46,0.0012466084916037251
26,47,0.002053237515582606
26,48,0.001833247781770184
26,49,0.002896531495196891
26,51,0.0014665982254161473
26,52,0.0014299332697807435
26,53,0.0029331964508322946
26,54,0.0001833247781770184
26,55,0.0014299332697807435
26,56,0.0015399281366869546
26,58,0.0027132067170198724
26,59,0.006453032191831048
26,60,0.0005499743345310553
26,61,0.00047664442326024784
26,62,0.002749871672655276
26,63,0.00047664442326024784
26,65,0.0006599692014372662
26,67,0.0045097895431546525
26,68,0.0010999486690621105
26,69,0.0004033145119894405
26,70,0.0032998460071863313
26,73,0.0001833247781770184
26,75,0.0011732785803329178
26,78,0.0002199897338124221
26,83,0.004289799809342231
26,84,0.006636356970008066
26,85,0.0005866392901664589
26,86,0.0009532888465204957
26,87,0.0005866392901664589
26,88,0.003226516095915524
26,91,0.00025665468944782575
26,92,0.006416367236195644
26,93,0.005059763877685708
26,94,0.0004033145119894405
26,96,0.0004033145119894405
26,97,0.0004399794676248442
26,98,0.0001833247781770184
26,99,0.008396274840507444
26,100,0.0009899538021558994
26,101,0.0003299846007186331
26,102,0.0002199897338124221
26,103,0.0009532888465204957
26,104,0.0004399794676248442
26,105,0.0006233042458018626
26,106,0.0013566033585099362
26,107,0.00139326831414534
26,108,0.0014299332697807435
26,109,0.0019432426486763951
26,110,0.0004399794676248442
26,111,0.00047664442326024784
26,112,0.0004399794676248442
26,114,0.00047664442326024784
26,115,0.0007332991127080736
26,116,0.000806629023978881
26,117,0.0003666495563540368
26,118,0.0001833247781770184
26,119,0.00069663415707267
26,120,0.0015765930923223584
26,121,0.001833247781770184
26,122,0.0019432426486763951
26,123,0.002309892205030432
26,124,0.00047664442326024784
26,125,0.0032998460071863313
26,126,0.0010632837134267068
26,127,0.0005499743345310553
26,128,0.00047664442326024784
26,129,0.0015032631810515508
26,130,0.0019065776930409914
26,131,0.0009532888465204957
27,27,0.9572516978660324
27,29,0.0002068466232288758
27,30,0.00017237218602406316
27,31,0.0008618609301203158
27,33,0.00027579549763850106
27,34,0.00065501430689144
27,35,0.0005860654324818148
27,36,0.00017237218602406316
27,37,0.0003447443720481263
27,38,0.00027579549763850106
27,39,0.0005171165580721895
27,40,0.0007239631813010653
27,41,0.0005515909952770021
27,42,0.0005515909952770021
27,43,0.0006205398696866273
27,44,0.0003447443720481263
27,45,0.0003447443720481263
27,46,0.0005860654324818148
27,47,0.0003447443720481263
27,48,0.0004136932464577516
27,49,0.0017581962974454442
27,51,0.0014479263626021306
27,52,0.0008618609301203158
27,53,0.0010687075533491917
27,55,0.0009652842417347537
27,56,0.0006205398696866273
27,57,0.001034233116144379
27,58,0.0009652842417347537
27,59,0.0006205398696866273
27,61,0.001034233116144379
27,62,0.0013445030509876927
27,63,0.0011721308649636295
27,64,0.0002068466232288758
27,65,0.0014134519253973178
27,67,0.0016202985486261936
27,68,0.0017237218602406317
27,69,0.00017237218602406316
27,70,0.0012755541765780674
27,75,0.0014824007998069432
27,77,0.0003447443720481263
27,78,0.0017581962974454442
27,83,0.0018960940462646946
27,84,0.000930809804529941
27,92,0.0013789774881925053
27,93,0.001861619609059882
27,99,0.000930809804529941
27,106,0.0002068466232288758
27,108,0.00017237218602406316
27,122,0.00017237218602406316
27,123,0.0002068466232288758
27,125,0.0002068466232288758
27,130,0.00017237218602406316
28,28,0.9242597338438262
28,30,0.00043227220798468523
28,31,0.00015438293142310187
28,32,0.00015438293142310187
28,33,0.0008954210022539908
28,34,0.00027788927656158334
28,35,0.0021304844536388055
28,36,0.00030876586284620374
28,37,0.0003705190354154445
28,38,0.006453206533485658
28,39,0.000247012690276963
28,40,0.0008954210022539908
28,41,0.006978108500324204
28,44,0.001235063451384815
28,45,0.0006792848982616482
28,46,0.0004631487942693056
28,47,0.0003705190354154445
28,48,0.000988050761107852
28,49,0.0011424336925309538
28,51,0.001420322969092537
28,52,0.0010189273473924722
28,53,0.001574705900515639
28,54,0.00040139562170006483
28,55,0.0010498039336770926
28,56,0.00043227220798468523
28,57,0.0003396424491308241
28,58,0.0013585697965232963
28,59,0.00083366782968475
28,60,0.00015438293142310187
28,61,0.000741038070830889
28,62,0.0006792848982616482
28,63,0.0007101614845462685
28,65,0.0025318800753388704
28,67,0.0025318800753388704
28,68,0.0007719146571155093
28,71,0.0165189736622719
28,72,0.0006484083119770278
28,73,0.00027788927656158334
28,74,0.0012041868651001945
28,75,0.0008027912434001297
28,77,0.00015438293142310187
28,78,0.00043227220798468523
28,83,0.0013894463828079168
28,84,0.0013894463828079168
28,85,0.000247012690276963
28,86,0.00030876586284620374
28,88,0.0003705190354154445
28,92,0.0016055824868002593
28,93,0.0026245098341927315
28,94,0.00015438293142310187
28,96,0.000247012690276963
28,97,0.0003396424491308241
28,99,0.001574705900515639
28,100,0.00030876586284620374
28,105,0.00021613610399234262
28,106,0.00015438293142310187
28,108,0.00027788927656158334
28,109,0.00030876586284620374
28,111,0.00015438293142310187
28,115,0.00015438293142310187
28,121,0.00040139562170006483
28,122,0.0003705190354154445
28,125,0.000247012690276963
28,130,0.000247012690276963
29,29,0.9416165379095545
29,31,0.00021374698464075238
29,32,0.0003969586857613973
29,33,0.0006412409539222572
29,34,0.0003969586857613973
29,35,0.0008549879385630095
29,36,0.00030535283520107486
29,37,0.00030535283520107486
29,38,0.0005190998198418272
29,39,0.0006412409539222572
29,40,0.0007328468044825796
29,41,0.0005496351033619347
29,43,0.00024428226816085985
29,44,0.0008244526550429021
29,45,0.0010992702067238694
29,46,0.0005801703868820422
29,47,0.0005496351033619347
29,48,0.000946593789123332
29,49,0.0007328468044825796
29,51,0.0016183700265656967
29,52,0.0011603407737640844
29,53,0.0014656936089651592
29,55,0.0007939173715227946
29,56,0.0010992702067238694
29,57,0.0001832117011206449
29,58,0.002259610980487954
29,59,0.001832117011206449
29,60,0.00030535283520107486
29,61,0.001129805490243977
29,62,0.003084063635530856
29,63,0.0008549879385630095
29,65,0.0029924577849705335
29,67,0.001832117011206449
29,68,0.0007328468044825796
29,70,0.0016794405936059115
29,75,0.001771046444166234
29,76,0.0001832117011206449
29,77,0.00027481755168096736
29,78,0.0003664234022412898
29,83,0.003725304589453113
29,84,0.0016489053100858042
29,88,0.00015267641760053743
29,91,0.0003664234022412898
29,92,0.002900851934410211
29,93,0.0020458639958472013
29,94,0.00021374698464075238
29,96,0.00015267641760053743
29,99,0.0020458639958472013
29,100,0.0001832117011206449
29,103,0.00021374698464075238
29,105,0.0001832117011206449
29,106,0.00045802925280161226
29,107,0.00045802925280161226
29,108,0.00030535283520107486
29,109,0.0004885645363217197
29,117,0.00024428226816085985
29,118,0.0001832117011206449
29,119,0.0003969586857613973
29,120,0.0003664234022412898
29,121,0.0005190998198418272
29,122,0.00024428226816085985
29,123,0.0005496351033619347
29,125,0.0008549879385630095
29,126,0.00015267641760053743
29,128,0.00024428226816085985
29,129,0.0003358881187211823
29,130,0.0003969586857613973
30,30,0.9425788326725655
30,31,0.00021004542232257726
30,32,0.0001837897445322551
30,33,0.0005776249113870874
30,34,0.0002888124556935437
30,35,0.0018904088009031952
30,36,0.0001837897445322551
30,37,0.0004726022002257988
30,38,0.0006826476225483761
30,40,0.0006038805891774097
30,41,0.0005513692335967653
30,42,0.00015753406674193294
30,44,0.0006301362669677318
30,45,0.0007351589781290203
30,46,0.00034132381127418806
30,47,0.0006301362669677318
30,48,0.0008139260114999869
30,49,0.0009452044004515976
30,51,0.001496573634048363
30,52,0.001496573634048363
30,53,0.001680363378580618
30,54,0.00034132381127418806
30,55,0.0006563919447580539
30,56,0.001969175834274162
30,57,0.00039383516685483235
30,58,0.001837897445322551
30,59,0.0014440622784677186
30,60,0.00013127838895161077
30,61,0.0009452044004515976
30,62,0.0019429201564838397
30,63,0.000997715756032242
30,65,0.0024942893900806048
30,66,0.00013127838895161077
30,67,0.002047942867645128
30,68,0.0006826476225483761
30,69,0.0001837897445322551
30,70,0.000997715756032242
30,75,0.0026255677790322156
30,76,0.00021004542232257726
30,77,0.0005513692335967653
30,78,0.0002363011001128994
30,83,0.0029406359125160814
30,84,0.0029668915903064037
30,85,0.00021004542232257726
30,88,0.0002363011001128994
30,91,0.0001837897445322551
30,92,0.0038070732795967128
30,93,0.002363011001128994
30,96,0.00013127838895161077
30,97,0.00015753406674193294
30,99,0.001995431512064484
30,100,0.0001837897445322551
30,103,0.0002363011001128994
30,105,0.0002363011001128994
30,106,0.00039383516685483235
30,107,0.0002363011001128994
30,108,0.0002888124556935437
30,109,0.0004200908446451545
30,116,0.00015753406674193294
30,118,0.00034132381127418806
30,119,0.0002363011001128994
30,120,0.00021004542232257726
30,121,0.00026255677790322155
30,122,0.0002363011001128994
30,123,0.0006038805891774097
30,125,0.000840181689290309
30,126,0.00013127838895161077
30,128,0.00015753406674193294
30,129,0.0003675794890645102
31,31,0.9303562468640241
31,32,0.00020070245860511792
31,33,0.0005519317611640742
31,34,0.00047666833918715506
31,35,0.0018564977420973407
31,36,0.0002508780732563974
31,37,0.0004515805318615153
31,38,0.00047666833918715506
31,39,0.000577019568489714
31,40,0.0009282488710486704
31,41,0.0009784244856999498
31,42,0.00030105368790767686
31,43,0.00035122930255895634
31,44,0.0015052684395383843
31,45,0.0005268439538384345
31,46,0.000677370797792273
31,47,0.0009533366783743101
31,48,0.0008278976417461114
31,49,0.0016557952834922228
31,51,0.0015052684395383843
31,52,0.002207727044656297
31,53,0.0012794781736076267
31,55,0.0012293025589563472
31,56,0.0012042147516307074
31,57,0.001154039136979428
31,58,0.001354741595584546
31,59,0.0009784244856999498
31,60,0.0003261414952333166
31,61,0.0015805318615153036
31,62,0.0018564977420973407
31,63,0.0012042147516307074
31,65,0.0022829904666332164
31,67,0.00958354239839438
31,68,0.0035122930255895636
31,69,0.000677370797792273
31,70,0.0017059708981435023
31,72,0.00015052684395383843
31,75,0.0015805318615153036
31,77,0.0002759658805820371
31,78,0.0015052684395383843
31,81,0.0001254390366281987
31,82,0.0001254390366281987
31,83,0.0023833416959357753
31,84,0.0019819367787255395
31,86,0.00015052684395383843
31,88,0.00017561465127947817
31,92,0.0026342197691921728
31,93,0.002709483191169092
31,96,0.00022579026593075766
31,97,0.00020070245860511792
31,99,0.0015052684395383843
31,100,0.00042649272453587557
31,104,0.00017561465127947817
31,105,0.0002759658805820371
31,106,0.0006522829904666332
31,107,0.00020070245860511792
31,108,0.00017561465127947817
31,109,0.0002759658805820371
31,111,0.00030105368790767686
31,115,0.00015052684395383843
31,117,0.00017561465127947817
31,118,0.0001254390366281987
31,119,0.00020070245860511792
31,120,0.00015052684395383843
31,121,0.0002759658805820371
31,122,0.00020070245860511792
31,123,0.00040140491721023583
31,125,0.00040140491721023583
31,130,0.0001254390366281987
31,131,0.0001254390366281987
32,32,0.9550187083129982
32,33,0.00040670245648283715
32,34,0.00032536196518626975
32,35,0.0005151564448782604
32,36,0.0002169079767908465
32,37,0.000569383439075972
32,38,0.0005422699419771162
32,39,0.000433815953581693
32,40,0.0006507239303725395
32,41,0.0006507239303725395
32,42,0.00016268098259313488
32,44,0.000569383439075972
32,45,0.0005422699419771162
32,46,0.0002169079767908465
32,47,0.0005422699419771162
32,48,0.0005964969361748278
32,49,0.0005422699419771162
32,51,0.0014099018491405021
32,52,0.0016539233230302044
32,53,0.0010303128897565209
32,55,0.0009218589013610975
32,56,0.001843717802722195
32,57,0.0002169079767908465
32,58,0.0013827883520416463
32,59,0.0006507239303725395
32,61,0.0012201073694485115
32,62,0.001708150317227916
32,63,0.001003199392657665
32,65,0.003416300634455832
32,67,0.001979285288216474
32,68,0.0007049509245702511
32,70,0.0016539233230302044
32,75,0.0024673282359958786
32,76,0.00016268098259313488
32,77,0.0006236104332736837
32,78,0.00035247546228512553
32,83,0.0024673282359958786
32,84,0.0013827883520416463
32,91,0.00018979447969199068
32,92,0.0027926902011821486
32,93,0.0012472208665473673
32,99,0.001437015346239358
32,103,0.0002982484680874139
32,107,0.00013556748549427904
32,118,0.00013556748549427904
32,121,0.00018979447969199068
32,122,0.00013556748549427904
32,125,0.000433815953581693
32,130,0.00013556748549427904
33,33,0.8990248741320257
33,34,0.00044919425780007115
33,35,0.002770031256433772
33,36,0.00029946283853338077
33,37,0.00018716427408336297
33,38,0.0008983885156001423
33,39,0.0005802092496584252
33,40,0.0022459712890003556
33,41,0.0006363585318834341
33,42,0.00018716427408336297
33,43,0.00022459712890003557
33,44,0.0013101499185835409
33,45,0.0019839413052836477
33,46,0.001254000636358532
33,47,0.0006363585318834341
33,48,0.00101068708005016
33,49,0.0012352842089501956
33,51,0.001703194894158603
33,52,0.001572179902300249
33,53,0.003462539070542215
33,54,0.00048662711261674373
33,55,0.0026764491193920904
33,56,0.0009171049430084786
33,57,0.00039304497557506225
33,58,0.00202137416010032
33,59,0.003574837634992233
33,60,0.00044919425780007115
33,61,0.0007673735237417881
33,62,0.002189822006775347
33,63,0.0007486570963334519
33,65,0.002264687716408692
33,66,9.358213704168148e-05
33,67,0.003013344812742144
33,68,0.0025641505549420726
33,69,0.00033689569335005335
33,70,0.0029946283853338074
33,71,0.00016844784667502667
33,72,0.00011229856445001779
33,73,0.0003556121207583896
33,74,0.00013101499185835406
33,75,0.0009358213704168148
33,76,0.00011229856445001779
33,77,0.00016844784667502667
33,78,0.0009171049430084786
33,83,0.003574837634992233
33,84,0.004922420408392446
33,85,0.00011229856445001779
33,86,0.0004679106852084074
33,87,0.00022459712890003557
33,88,0.0014224484830335584
33,90,0.00013101499185835406
33,91,0.00022459712890003557
33,92,0.004566808287634057
33,93,0.00454809186022572
33,94,0.00022459712890003557
33,96,0.00039304497557506225
33,97,0.00044919425780007115
33,100,0.0005240599674334163
33,101,0.00014973141926669038
33,102,0.00031817926594171703
33,103,0.00039304497557506225
33,104,0.00028074641112504445
33,105,0.0005240599674334163
33,106,0.0011791349267251867
33,107,0.0006737913867001067
33,108,0.0004679106852084074
33,109,0.00101068708005016
33,110,0.00016844784667502667
33,114,9.358213704168148e-05
33,115,0.00031817926594171703
33,121,0.012427707799135301
33,122,0.0014224484830335584
33,123,0.0015347470474835762
33,124,0.00028074641112504445
33,126,0.0008048063785584608
33,128,0.0034812554979505514
33,129,0.0009545377978251511
33,130,0.0009919706526418238
33,131,0.00043047783039173483
34,34,0.9316883956470208
34,35,0.0009266242861760586
34,36,0.0004309880400818877
34,37,0.0006249326581187372
34,38,0.0009050748841719642
34,39,0.002133390798405344
34,40,0.001616205150307079
34,41,0.0009697230901842474
34,42,0.0004309880400818877
34,43,0.0004525374420859821
34,44,0.0007973278741514923
34,45,0.0004525374420859821
34,46,0.0007757784721473979
34,47,0.0007111302661351147
34,48,0.000560284452106454
34,49,0.0009697230901842474
34,51,0.001120568904212908
34,52,0.0012498653162374743
34,53,0.008878353625686888
34,54,0.0001292964120245663
34,55,0.0008835254821678699
34,56,0.001336062924253852
34,57,0.0027798728585281757
34,58,0.001163667708221097
34,59,0.0007973278741514923
34,60,0.0001508458140286607
34,61,0.0012929641202456632
34,62,0.0018747979743562117
34,63,0.0010128218941924361
34,65,0.0024135330244585713
34,67,0.0023704342204503826
34,68,0.002241137808425816
34,69,0.0004525374420859821
34,70,0.0014869087382825127
34,74,0.0001292964120245663
34,75,0.002068742592393061
34,76,0.00010774701002047193
34,77,0.0001508458140286607
34,78,0.002952268074560931
34,79,0.0001723952160327551
34,81,0.00019394461803684947
34,82,0.0003232410300614158
34,83,0.0021118413964012497
34,84,0.0015946557483029846
34,88,0.0001508458140286607
34,91,0.0001292964120245663
34,92,0.0031462126925977806
34,93,0.0026074776424954206
34,94,0.0001292964120245663
34,95,0.0001508458140286607
34,97,0.0001508458140286607
34,98,0.0001292964120245663
34,99,0.001508458140286607
34,100,0.00023704342204503825
34,102,0.0001508458140286607
34,103,0.0001508458140286607
34,104,0.0004309880400818877
34,105,0.0001723952160327551
34,106,0.0006033832561146428
34,107,0.0003447904320655102
34,108,0.00021549402004094386
34,109,0.0002585928240491326
34,111,0.00010774701002047193
34,115,0.00010774701002047193
34,120,0.0001292964120245663
34,121,0.0005171856480982652
34,122,0.00023704342204503825
34,123,0.0003232410300614158
34,125,0.0003016916280573214
34,128,0.0001292964120245663
34,129,0.0001508458140286607
34,130,0.0001292964120245663
35,35,0.8958144761072443
35,36,0.00034333156465557604
35,37,0.0001872717625394051
35,38,0.0009987827335434939
35,39,0.00034333156465557604
35,40,0.001732263803489497
35,41,0.0009363588126970255
35,42,0.0006866631293111521
35,43,0.0005930272480414495
35,44,0.00171665782327788
35,45,0.00294953025999563
35,46,0.0009051468522737913
35,47,0.0009207528324854085
35,48,0.0012796903773526014
35,49,0.002028777427510222
35,50,7.802990105808545e-05
35,51,0.0021224133087799244
35,52,0.0014981741003152408
35,53,0.0044633103405224885
35,54,0.0012328724367177502
35,55,0.0008427229314273229
35,56,0.0012796903773526014
35,57,0.0013889322388339212
35,58,0.0015918099815849433
35,60,0.005243609351103343
35,61,0.0006866631293111521
35,62,0.0021380192889915418
35,63,0.0008115109710040888
35,65,0.001029994693966728
35,67,0.004759823964543213
35,69,0.003714223290364868
35,70,0.0020912013483566903
35,71,0.0001560598021161709
35,72,0.0002028777427510222
35,73,0.0005930272480414495
35,74,0.00014045382190455382
35,75,0.0007646930303692375
35,77,0.00010924186148131964
35,78,0.0019039295858172853
35,80,0.00014045382190455382
35,81,9.363588126970255e-05
35,82,0.00010924186148131964
35,83,0.00343331564655576
35,86,0.006086332282530665
35,87,0.00042136146571366146
35,88,0.0011236305752364306
35,90,0.0001560598021161709
35,91,0.00012484784169293674
35,100,0.008380411373638378
35,103,0.005727394737663473
35,104,0.00046817940634851277
35,105,0.0007802990105808546
35,106,0.001732263803489497
35,107,0.001014388713755111
35,108,0.0008895408720621742
35,109,0.0013265083179874529
35,110,0.0001560598021161709
35,114,0.00017166578232778802
35,115,0.0001872717625394051
35,125,0.008817378819563657
35,127,0.0011080245950248135
35,128,0.0025281687942819687
35,129,0.002247261150472861
35,130,0.0016698398826430288
35,131,0.0006086332282530665
36,36,0.963685174394406
36,37,0.00029135103637725795
36,38,0.0003954049779405644
36,39,0.00029135103637725795
36,40,0.00045783734287854825
36,41,0.000957296262382419
36,42,0.00020810788312661285
36,43,0.0002497294597519354
36,44,0.0004786481311912095
36,45,0.0005618912844418546
36,46,0.0006451344376924998
36,47,0.0004162157662532257
36,48,0.0004994589195038708
36,49,0.0006867560143178224
36,51,0.0011654041455090318
36,52,0.0006243236493798385
36,53,0.0010613502039457255
36,55,0.0011237825688837093
36,56,0.00081162074419379
36,57,0.0008532423208191126
36,58,0.0012694580870723383
36,59,0.0005827020727545159
36,60,0.00010405394156330642
36,61,0.0012694580870723383
36,62,0.0008532423208191126
36,63,0.0014151336052609673
36,65,0.0014567551818862898
36,67,0.0015191875468242738
36,68,0.0010405394156330643
36,69,0.00022891867143927413
36,70,0.0015816199117622575
36,74,0.00014567551818862897
36,75,0.0009989178390077415
36,76,0.0001248647298759677
36,77,0.00020810788312661285
36,78,0.0012070257221343545
36,82,0.00020810788312661285
36,83,0.0015191875468242738
36,84,0.0008532423208191126
36,88,0.00010405394156330642
36,92,0.0018729709481395155
36,93,0.0012902688753849995
36,96,0.00010405394156330642
36,97,0.00010405394156330642
36,99,0.0007283775909431449
36,100,0.00020810788312661285
36,103,0.00020810788312661285
36,104,0.0001248647298759677
36,106,0.00022891867143927413
36,107,0.00031216182468991925
36,108,0.00018729709481395156
36,118,0.00010405394156330642
36,119,0.00010405394156330642
36,120,0.00010405394156330642
36,121,0.00018729709481395156
36,122,0.0001248647298759677
36,123,0.00016648630650129028
36,125,0.00031216182468991925
36,128,0.00010405394156330642
37,37,0.9475882536134977
37,38,0.0009342883836810962
37,39,0.0006228589224540642
37,40,0.0005495814021653508
37,41,0.001080843424258523
37,42,0.00014655504057742687
37,44,0.0007144558228149559
37,45,0.0004946232619488156
37,47,0.0003847069815157455
37,48,0.0007510945829593127
37,49,0.0008793302434645611
37,51,0.0012640372249803067
37,52,0.001593786066279517
37,53,0.0017037023467125873
37,55,0.0018685767673621925
37,56,0.0022716031289501163
37,57,0.0003114294612270321
37,58,0.0018136186271456574
37,59,0.00040302636158792384
37,61,0.0013739535054133768
37,62,0.002308241889094473
37,63,0.0006594976825984209
37,65,0.005111107040137761
37,66,0.00016487442064960523
37,67,0.0028395039111876455
37,68,0.0009892465238976313
37,70,0.002051770568083976
37,71,0.0001282356605052485
37,72,0.00010991628043307014
37,74,0.00023815194093831864
37,75,0.007401029549160057
37,76,0.00043966512173228056
37,77,0.0007327752028871342
37,78,0.0005495814021653508
37,83,0.0017220217267847656
37,84,0.0008610108633923828
37,88,9.159690036089178e-05
37,91,0.00010991628043307014
37,92,0.0017037023467125873
37,93,0.0012273984648359499
37,96,9.159690036089178e-05
37,99,0.000970927143825453
37,103,0.00014655504057742687
37,105,0.00014655504057742687
37,106,0.00016487442064960523
37,108,0.0001282356605052485
37,118,0.00010991628043307014
37,119,9.159690036089178e-05
37,120,0.00010991628043307014
37,123,0.0001282356605052485
37,125,0.00023815194093831864
38,38,0.9192091414331852
38,39,0.0004262504713346558
38,40,0.0011967801695165336
38,41,0.009000442644720233
38,42,0.00019673098676984113
38,43,0.0001639424889748676
38,44,0.0011967801695165336
38,45,0.0016722133875436496
38,46,0.0003278849779497352
38,47,0.0005410102136170631
38,48,0.0007705296981818778
38,49,0.0014099054051838614
38,51,0.002131252356673279
38,52,0.0016394248897486762
38,53,0.002819810810367723
38,54,0.0006229814581044969
38,55,0.0010656261783366396
38,56,0.0013279341606964278
38,57,0.00022951948456481467
38,58,0.0016230306408511893
38,59,0.001377116907388888
38,60,0.00018033673787235438
38,61,0.0008361066937718248
38,62,0.002754233814777776
38,63,0.0010656261783366396
38,65,0.0036887060019345215
38,66,0.00011475974228240734
38,67,0.003557552010754627
38,68,0.0011967801695165336
38,69,0.00022951948456481467
38,72,0.009951309080774464
38,73,0.0003278849779497352
38,74,0.0016886076364411365
38,75,0.0018033673787235438
38,76,0.00019673098676984113
38,77,0.00031149072905224846
38,78,0.00044264472023214255
38,83,0.002344377592340607
38,84,0.0020000983654933848
38,85,8.19712444874338e-05
38,86,0.0002459137334623014
38,87,0.0001639424889748676
38,88,0.00019673098676984113
38,91,0.00013115399117989408
38,92,0.0024427430857255276
38,93,0.0031313015394199713
38,94,0.00019673098676984113
38,96,0.000344279226847222
38,97,0.0002950964801547617
38,99,0.0025738970769054216
38,100,0.000688558453694444
38,102,8.19712444874338e-05
38,103,0.00027870223125727497
38,104,0.0001639424889748676
38,105,0.0003278849779497352
38,106,0.00019673098676984113
38,107,0.000344279226847222
38,108,0.00045903896912962935
38,109,0.00036067347574470876
38,111,9.836549338492056e-05
38,112,0.00011475974228240734
38,114,0.00013115399117989408
38,115,0.00013115399117989408
38,116,8.19712444874338e-05
38,117,0.0001639424889748676
38,118,8.19712444874338e-05
38,119,0.0001639424889748676
38,120,0.00026230798235978817
38,121,0.0005901929603095234
38,122,0.0004918274669246028
38,123,0.0003770677246421955
38,125,0.001098414676131613
38,126,0.00014754824007738086
38,127,0.00019673098676984113
38,128,0.0004754332180271161
38,129,0.0002950964801547617
38,130,0.00027870223125727497
38,131,0.00011475974228240734
39,39,0.9496640319550463
39,40,0.0009139684850126094
39,41,0.0007447150618621262
39,42,0.00010155205389028993
39,43,0.00015232808083543489
39,44,0.0008801178003825127
39,45,0.0009308938273276577
39,46,0.0012524753313135758
39,47,0.000897043142697561
39,48,0.0007954910888072712
39,49,0.0005754616387116429
39,51,0.0012355499889985275
39,52,0.001421728754464059
39,53,0.002267995870216475
39,54,8.462671157524161e-05
39,55,0.0007616404041771745
39,56,0.0013878780698339623
39,57,0.00015232808083543489
39,58,0.0017602356007650254
39,59,0.0021495184740111368
39,60,0.00032158150398591814
39,61,0.0009139684850126094
39,62,0.0025049506626271516
39,63,0.000947819169642706
39,65,0.0018110116277101705
39,67,0.002471099977997055
39,68,0.0010155205389028993
39,69,0.00015232808083543489
39,70,0.0011847739620533826
39,75,0.001370952727518914
39,76,0.00010155205389028993
39,77,0.00018617876546553154
39,78,0.0005077602694514497
39,83,0.00262342805883249
39,84,0.0020648917624358954
39,85,0.00010155205389028993
39,86,0.00013540273852038657
39,87,8.462671157524161e-05
39,88,0.00033850684630096645
39,91,0.00011847739620533826
39,92,0.002369547924106765
39,93,0.0015571314929844456
39,94,8.462671157524161e-05
39,96,8.462671157524161e-05
39,97,0.00010155205389028993
39,99,0.0023356972394766684
39,100,0.00011847739620533826
39,102,0.00010155205389028993
39,103,0.00025388013472572483
39,104,0.00011847739620533826
39,105,0.00016925342315048323
39,106,0.00030465616167086977
39,107,0.00018617876546553154
39,108,0.00020310410778057986
39,109,0.00016925342315048323
39,111,8.462671157524161e-05
39,112,0.00022002945009562817
39,116,0.00010155205389028993
39,117,0.00013540273852038657
39,119,0.00011847739620533826
39,120,0.00028773081935582146
39,121,0.0006939390349169812
39,122,0.00033850684630096645
39,123,0.00035543218861601477
39,124,8.462671157524161e-05
39,125,0.00042313355787620803
39,126,0.00013540273852038657
39,128,0.00030465616167086977
39,129,0.00030465616167086977
39,130,0.00042313355787620803
39,131,0.00016925342315048323
40,40,0.9149260835479897
40,41,0.0005179751371934147
40,42,0.0005599731212901781
40,43,0.00047597715309665134
40,44,0.0013159368350319184
40,45,0.0013859334751931908
40,46,0.0012039422107738829
40,47,0.001175943554709374
40,48,0.0023938850935155114
40,49,0.0013719341471609362
40,51,0.001273938850935155
40,52,0.0014979280994512263
40,53,0.004493784298353679
40,54,0.0007279650576772315
40,55,0.0018059133161608242
40,56,0.0010359502743868293
40,57,0.0011059469145481018
40,58,0.0016799193638705342
40,59,0.0016239220517415163
40,60,0.00026598723261283457
40,61,0.0006719677455482136
40,62,0.0018199126441930788
40,63,0.0010079516183223206
40,65,0.0017499160040318064
40,67,0.0032478441034830326
40,68,0.0016659200358382798
40,69,0.0006159704334191959
40,70,0.0017919139881285699
40,72,0.00015399260835479898
40,73,0.00015399260835479898
40,74,0.00013999328032254451
40,75,0.0008819576660320305
40,76,9.799529622578117e-05
40,77,0.00015399260835479898
40,78,0.0018759099563220966
40,80,6.999664016127226e-05
40,82,8.39959681935267e-05
40,83,0.004185799081644081
40,84,0.0036818232724829206
40,85,0.00036398252883861575
40,86,0.0004899764811289059
40,87,0.0003219845447418524
40,88,0.0006579684175159592
40,90,0.00012599395229029008
40,91,0.00020998992048381677
40,94,0.004689774890805241
40,96,0.00047597715309665134
40,97,0.00047597715309665134
40,98,0.00018199126441930787
40,99,0.0033878373838055775
40,100,0.0012039422107738829
40,104,0.008063612946578565
40,105,0.0006859670735804681
40,106,0.001707918019935043
40,107,0.0011199462425803561
40,108,0.0005599731212901781
40,109,0.0009099563220965394
40,110,9.799529622578117e-05
40,111,0.00027998656064508903
40,112,0.0001679919363870534
40,114,0.00011199462425803562
40,115,0.00020998992048381677
40,116,0.00020998992048381677
40,117,0.0003499832008063613
40,118,6.999664016127226e-05
40,119,0.00046197782506439693
40,120,0.0002939858886773435
40,121,0.0014139321312576997
40,122,0.0006439690894837048
40,123,0.001021950946354575
40,124,0.00023798857654832567
40,125,0.0011899428827416283
40,126,0.0003359838727741068
40,127,0.00019599059245156234
40,128,0.0006159704334191959
40,129,0.0005179751371934147
40,130,0.0003499832008063613
40,131,0.0003359838727741068
41,41,0.9406477984867557
41,42,0.00017595863618521677
41,43,0.00012181751735899622
41,44,0.0013535279706555136
41,45,0.0007309051041539773
41,46,0.00046019951002287463
41,47,0.0006361581462080914
41,48,0.0007579756635670876
41,49,0.0014076690894817342
41,51,0.0023145328298209283
41,52,0.001678374683612837
41,53,0.0018272627603849434
41,54,0.00016242335647866164
41,55,0.0013670632503620687
41,56,0.0008391873418064185
41,57,0.0005414111882622054
41,58,0.0017189805227325022
41,59,0.000798581502686753
41,60,0.00013535279706555135
41,61,0.0015565571662538406
41,62,0.0021521094733422666
41,63,0.0012452457330030726
41,65,0.003695131359889552
41,66,0.00017595863618521677
41,67,0.0025581678645389206
41,68,0.0013535279706555136
41,69,0.00010828223765244109
41,74,0.013278109392130588
41,75,0.0023822092283537037
41,76,0.00016242335647866164
41,77,0.00013535279706555135
41,78,0.0008527226215129736
41,83,0.0016648394039062817
41,84,0.0015024160474276201
41,86,9.474695794588595e-05
41,87,6.767639853277568e-05
41,88,0.00017595863618521677
41,91,0.00013535279706555135
41,92,0.0011504987750571866
41,93,0.0019490802777439396
41,94,9.474695794588595e-05
41,96,6.767639853277568e-05
41,97,0.00023009975501143732
41,98,8.121167823933082e-05
41,99,0.0015430218865472856
41,100,0.00031131143325076815
41,101,6.767639853277568e-05
41,103,0.00012181751735899622
41,104,6.767639853277568e-05
41,106,0.00010828223765244109
41,107,0.00012181751735899622
41,108,0.0002707055941311027
41,109,0.00020302919559832703
41,115,0.0001894939158917719
41,116,0.00014888807677210648
41,118,0.00010828223765244109
41,120,0.00016242335647866164
41,121,0.00029777615354421296
41,122,0.0002707055941311027
41,123,9.474695794588595e-05
41,125,0.00041959367090320924
41,128,0.0001894939158917719
41,129,0.00014888807677210648
41,130,6.767639853277568e-05
42,42,0.939987155395923
42,43,0.002057515282700221
42,44,0.0004043671653861706
42,45,0.00022596988653933065
42,46,0.0007611617230798507
42,47,0.0006184439000023786
42,48,0.00033300825384743464
42,50,0.009229085892343189
42,51,0.0007254822673104826
42,52,0.00021407673461620798
42,53,0.0010465973692347947
42,55,0.0011655288884660213
42,56,0.0004995123807711519
42,57,0.004341000451939773
42,58,0.0004876192288480293
42,59,0.00046383292500178395
42,61,0.0006779096596179919
42,62,0.00047572607692490665
42,63,0.002069408434623344
42,64,0.00042815346923241596
42,65,0.0005114055326942746
42,67,0.0016531481173140505
42,68,0.00338954829808996
42,69,0.0013796056230822292
42,70,0.0003449014057705573
42,75,0.0002021835826930853
42,80,0.008919863942342
42,81,0.0004162603173092933
42,82,0.00053519183654052
42,83,0.0012963535596203705
42,84,0.0006184439000023786
42,85,0.00014271782307747198
42,88,0.00011893151923122666
42,92,0.00053519183654052
42,98,0.0074807925596441565
42,99,0.00047572607692490665
42,100,0.0004995123807711519
42,101,5.946575961561333e-05
42,103,8.325206346185866e-05
42,104,0.0002021835826930853
42,106,7.135891153873599e-05
42,107,0.00017839727884684
42,109,0.00021407673461620798
42,113,0.0025451345115482505
42,115,0.0005232986846173973
42,116,7.135891153873599e-05
42,120,5.946575961561333e-05
42,121,0.00015461097500059465
42,122,8.325206346185866e-05
42,123,0.00011893151923122666
42,124,7.135891153873599e-05
42,125,8.325206346185866e-05
42,128,7.135891153873599e-05
42,129,5.946575961561333e-05
43,43,0.9618032858325707
43,44,0.0003922081317819323
43,45,0.000315945439491001
43,46,0.0009260469778184512
43,47,0.00043578681309103587
43,48,0.0003377347801455528
43,49,0.0012202030766549005
43,50,0.0006101015383274503
43,51,0.0009260469778184512
43,52,0.0003813134614546564
43,53,0.0008497842855275199
43,55,0.0010023096701093825
43,56,0.0004902601647274154
43,57,0.002963350329019044
43,58,0.000740837582254761
43,59,0.0003268401098182769
43,61,0.0010458883514184861
43,62,0.0005774175273456226
43,64,0.0027563515928008017
43,65,0.0005556281866910708
43,67,0.0015143591754913496
43,68,0.0027563515928008017
43,69,0.0010894670327275897
43,70,0.0005992068680001744
43,72,5.4473351636379484e-05
43,74,6.536802196365538e-05
43,75,0.0003813134614546564
43,77,7.626269229093128e-05
43,81,0.006155488734910882
43,82,0.00030505076916372513
43,83,0.00145988582385497
43,84,0.0006101015383274503
43,92,0.00047936549440013947
43,93,0.0021789340654551795
43,94,8.715736261820717e-05
43,95,0.00014163071425458667
43,96,5.4473351636379484e-05
43,97,9.805203294548307e-05
43,98,0.0007735215932365886
43,99,0.000533838846036519
43,100,0.00029415609883644923
43,107,5.4473351636379484e-05
43,108,0.00030505076916372513
43,113,0.00013073604392731077
43,115,5.4473351636379484e-05
43,121,0.00011984137360003487
43,122,5.4473351636379484e-05
43,123,8.715736261820717e-05
43,125,0.00010894670327275897
43,128,7.626269229093128e-05
43,129,5.4473351636379484e-05
44,44,0.9168035286941016
44,45,0.001858195298202806
44,46,0.0009572521233165971
44,47,0.0017268077518652338
44,48,0.0014546478344516917
44,49,0.0021303552156163486
44,50,9.384824738398011e-05
44,51,0.001801886349772418
44,52,0.0030406832152409555
44,53,0.002590211627797851
44,54,0.00031908404110553236
44,55,0.000910327999624607
44,56,0.0015203416076204777
44,57,0.0007789404532870349
44,58,0.0020646614424475623
44,59,0.0023462061845995028
44,60,0.0003941626390127164
44,61,0.0010604851954389752
44,62,0.002928065318380179
44,63,0.000900943174886209
44,64,4.6924123691990054e-05
44,65,0.00169865327765004
44,66,0.00021585096898315423
44,67,0.004485946224954249
44,68,0.0020834310919243585
44,69,0.0006757073811646568
44,70,0.004392097977570269
44,71,9.384824738398011e-05
44,72,0.0003472385153207264
44,73,0.0007132466801182488
44,74,0.0005161653606118906
44,75,0.0015766505560508657
44,76,0.00011261789686077612
44,77,0.00022523579372155225
44,78,0.0013983388860213035
44,79,7.507859790718408e-05
44,80,0.00015015719581436816
44,81,0.00010323307212237812
44,82,0.00013138754633757214
44,83,0.0039040870911735723
44,84,0.0036694664727136223
44,85,0.00015954202055276618
44,86,0.0005630894843038807
44,87,0.0002909295668903383
44,88,0.0007789404532870349
44,89,0.00011261789686077612
44,90,0.00011261789686077612
44,91,0.00022523579372155225
44,92,0.00367885129745202
44,93,0.003519309276899254
44,94,0.00030969921636713436
44,95,8.44634226455821e-05
44,96,0.0003566233400591244
44,97,0.0003941626390127164
44,98,0.00021585096898315423
44,99,0.003509924452160856
44,100,0.0006944770306414528
44,101,8.44634226455821e-05
44,102,9.384824738398011e-05
44,103,0.00047862606165829854
44,104,0.00032846886584393035
44,105,0.0003941626390127164
44,106,0.000929097649101403
44,107,0.0007414011543334429
44,108,0.0005161653606118906
44,109,0.0008446342264558209
44,110,7.507859790718408e-05
44,111,0.00021585096898315423
44,112,0.00020646614424475623
44,113,6.569377316878607e-05
44,114,0.00010323307212237812
44,115,0.00023462061845995027
44,116,0.0002815447421519403
44,117,0.00020646614424475623
44,118,0.00011261789686077612
44,119,0.00030969921636713436
44,120,0.00046924123691990054
44,121,0.0010323307212237811
44,122,0.0007226315048566468
44,123,0.0008070949275022289
44,124,0.00010323307212237812
44,125,0.0012200272159917412
44,126,0.00021585096898315423
44,127,0.00015954202055276618
44,128,0.0004410867627047065
44,129,0.0006193984327342687
44,130,0.0004598564121815025
44,131,0.00022523579372155225
45,45,0.8942112669222184
45,46,0.001116017274006502
45,47,0.0011548352661458587
45,48,0.001183948760250376
45,49,0.0014750837012955506
45,50,4.852249017419574e-05
45,51,0.0073560095104080745
45,52,0.0013489252268426416
45,53,0.00546363239361444
45,54,0.0011354262700761803
45,55,0.0007084283565432578
45,56,0.0016982871560968509
45,57,0.0002037944587316221
45,58,0.0017371051482362075
45,59,0.0027269639477898004
45,60,0.0010577902857974671
45,61,0.0006502013683342229
45,62,0.002367897520500752
45,63,0.0004949293997767966
45,65,0.0006016788781600271
45,67,0.004153525158911155
45,68,0.001048085787762628
45,69,0.0006210878742297054
45,70,0.0027172594497549612
45,71,7.763598427871318e-05
45,72,0.00023290795283613955
45,73,0.0002037944587316221
45,74,0.0001649764665922655
45,75,0.0009704498034839148
45,77,8.734048231355234e-05
45,78,0.00032024843514969186
45,83,0.0037071182493085544
45,87,0.008704934737250716
45,88,0.0015527196855742637
45,89,7.763598427871318e-05
45,90,0.00023290795283613955
45,91,0.00013586297248774807
45,92,0.004570818574409239
45,93,0.005288951428987335
45,94,0.0005337473919161532
45,96,0.0007569508467174536
45,97,0.00045611140763743995
45,98,0.00021349895676646126
45,100,0.0029113494104517443
45,101,0.0001455674705225872
45,102,0.00032024843514969186
45,103,0.001378038720947159
45,104,0.0004852249017419574
45,105,0.0005143383958464749
45,106,0.0007957688388568102
45,107,0.0009316318113445582
45,108,0.000786064340821971
45,109,0.0016691736619923335
45,110,0.000262021446940657
45,114,0.00015527196855742636
45,115,0.0003590664272890485
45,122,0.013178708331311562
45,123,0.001960308603037508
45,124,0.00038817992139356593
45,126,0.00047552040370711825
45,129,0.008268232325682953
45,130,0.0008442913290310058
45,131,0.0004658159056722791
46,46,0.9464510103582952
46,47,0.0013839361521480727
46,48,0.0011546951944302938
46,49,0.0009254542367125149
46,50,6.792324673119375e-05
46,51,0.001434878587196468
46,52,0.0007641365257259297
46,53,0.003379181524876889
46,54,0.00014433689930378672
46,55,0.0012141280353200883
46,56,0.0011801664119544914
46,57,0.000696213278994736
46,58,0.0011122431652232977
46,59,0.0019443029376804211
46,60,0.0003056546102903719
46,61,0.001010358295126507
46,62,0.0016556291390728477
46,63,0.0009594158600781117
46,64,9.339446425539141e-05
46,65,0.0004160298862285617
46,67,0.0024282560706401766
46,68,0.000967906265919511
46,69,0.00012735608762098828
46,70,0.001477330616403464
46,71,7.641365257259297e-05
46,72,0.00010188487009679063
46,73,5.094243504839531e-05
46,74,0.00011886568177958906
46,78,0.0009084734250297164
46,81,5.094243504839531e-05
46,82,4.2452029206996094e-05
46,83,0.0030056036678553235
46,84,0.0029631516386483276
46,85,0.00018678892851078282
46,86,0.0002801833927661742
46,87,0.00033112582781456954
46,88,0.0007301749023603328
46,90,0.00010188487009679063
46,91,0.00010188487009679063
46,92,0.004049923586347428
46,93,0.0023093903888605875
46,94,0.00020376974019358125
46,95,4.2452029206996094e-05
46,96,0.00023773136355917813
46,97,0.0001782985226693836
46,98,0.00011037527593818985
46,99,0.0023942944472745797
46,100,0.0004075394803871625
46,101,0.00011037527593818985
46,102,0.00011886568177958906
46,103,0.00029716420444897266
46,104,0.0005264051621667516
46,105,0.00037357785702156563
46,106,0.0006792324673119375
46,107,0.0005094243504839531
46,108,0.0003990490745457633
46,109,0.0004584819154355578
46,110,0.00011886568177958906
46,111,8.490405841399219e-05
46,112,7.641365257259297e-05
46,114,8.490405841399219e-05
46,115,0.00011037527593818985
46,116,0.00019527933435218203
46,117,0.00014433689930378672
46,119,0.0003056546102903719
46,120,0.00025471217524197657
46,121,0.0007641365257259297
46,122,0.0007216844965189336
46,123,0.0009169638308711156
46,124,9.339446425539141e-05
46,125,0.0005773475972151469
46,126,0.00025471217524197657
46,127,5.943284088979453e-05
46,128,0.000271692986924775
46,129,0.0004499915095941586
46,130,0.0004415011037527594
46,131,0.0001782985226693836
47,47,0.9474530245333667
47,48,0.00115487858168425
47,49,0.0013265497222048816
47,50,7.022910294025844e-05
47,51,0.0014123852924651976
47,52,0.001349959423184968
47,53,0.001568449965665772
47,54,0.00019508084150071789
47,55,0.0007491104313627567
47,56,0.0013265497222048816
47,57,0.0007881265996629003
47,58,0.0013577626568449966
47,59,0.0020210375179474374
47,60,0.00031993258006117735
47,61,0.0007803233660028715
47,62,0.0017791372744865473
47,63,0.0007881265996629003
47,64,0.00016386790686060305
47,65,0.0007569136650227854
47,66,5.462263562020101e-05
47,67,0.003121293464011486
47,68,0.0010066171421437044
47,69,0.00031993258006117735
47,70,0.0014748111617454273
47,72,6.242586928022972e-05
47,73,0.0001404582058805169
47,74,0.00013265497222048818
47,75,0.0007491104313627567
47,76,6.242586928022972e-05
47,77,0.00010144203758037331
47,78,0.0011158624133841065
47,80,0.00010924527124040202
47,81,0.00010924527124040202
47,82,9.363880392034459e-05
47,83,0.0033397840064922904
47,84,0.0030588675947312567
47,85,0.00018727760784068918
47,86,0.0001560646732005743
47,87,0.0002965228790810912
47,88,0.0007178974967226419
47,89,3.901616830014358e-05
47,90,0.00011704850490043074
47,91,0.00018727760784068918
47,92,0.0031993258006117733
47,93,0.002582870341469505
47,94,0.00017947437418066047
47,95,4.6819401960172294e-05
47,96,0.00012485173856045944
47,97,0.0002419002434608902
47,98,0.00012485173856045944
47,99,0.0026452962107497346
47,100,0.0003823584493414071
47,101,7.022910294025844e-05
47,102,9.363880392034459e-05
47,103,0.0002419002434608902
47,104,0.0002887196454210625
47,105,0.00030432611274111993
47,106,0.0003979649166614645
47,107,0.0003277358137212061
47,108,0.0003823584493414071
47,109,0.0005852425245021537
47,110,6.242586928022972e-05
47,111,0.0001482614395405456
47,112,0.00010144203758037331
47,114,0.00011704850490043074
47,115,0.0001482614395405456
47,116,0.00017947437418066047
47,117,0.00020288407516074662
47,118,7.803233660028715e-05
47,119,0.0002497034771209189
47,120,0.0003511455147012922
47,121,0.0003823584493414071
47,122,0.000577439290842125
47,123,0.0008739621699232162
47,124,0.0001482614395405456
47,125,0.000686684562082527
47,126,0.00018727760784068918
47,127,7.022910294025844e-05
47,128,0.00013265497222048818
47,129,0.00042137461764155066
47,130,0.0003121293464011486
47,131,0.0001482614395405456
48,48,0.941958495460441
48,49,0.0011569979955193964
48,50,4.421648390519986e-05
48,51,0.0014222968989505954
48,52,0.0014296663129347955
48,53,0.0022108241952599928
48,54,0.0002137130055417993
48,55,0.0009727626459143969
48,56,0.0015254686947293952
48,57,0.0002505600754627992
48,58,0.0026824666902487914
48,59,0.0018202452540973942
48,60,0.0002800377313995991
48,61,0.0006558778445937979
48,62,0.0020339582596391936
48,63,0.0007000943284989977
48,65,0.0017612899422237943
48,66,8.106355382619974e-05
48,67,0.003662598750147388
48,68,0.000935915575993397
48,69,0.0001252800377313996
48,70,0.0017686593562079944
48,71,7.369413984199976e-05
48,72,0.00014001886569979955
48,73,0.0005379672208465983
48,74,0.00020634359155759935
48,75,0.001554946350666195
48,76,0.00014001886569979955
48,77,0.00032425421530479895
48,78,0.00042005659709939866
48,83,0.004045808277325787
48,84,0.00310252328734819
48,85,0.00014738827968399952
48,86,0.0003463624572573989
48,87,0.0002137130055417993
48,88,0.0005453366348307983
48,89,7.369413984199976e-05
48,90,0.00011791062374719962
48,91,0.00027266831741539914
48,92,0.004502711944346186
48,93,0.0022550406791651927
48,94,0.00032425421530479895
48,96,0.00023582124749439923
48,97,0.00014738827968399952
48,98,5.895531187359981e-05
48,99,0.0026456196203277914
48,100,0.00035373187124159886
48,101,8.106355382619974e-05
48,102,0.00016212710765239947
48,103,0.00033899304327319893
48,104,0.00042005659709939866
48,105,0.00042005659709939866
48,106,0.000626400188656998
48,107,0.0007443108124041976
48,108,0.00036110128522579883
48,109,0.00045690366702039854
48,110,6.63247258577998e-05
48,111,0.00010317179577879967
48,112,0.0002137130055417993
48,114,8.843296781039972e-05
48,115,0.00016949652163659947
48,116,0.00016949652163659947
48,117,0.0002137130055417993
48,118,0.00016949652163659947
48,119,0.00022845183351019927
48,120,0.0003316236292889989
48,121,0.0007222025704515977
48,122,0.0005453366348307983
48,123,0.0007443108124041976
48,124,5.1585897889399836e-05
48,125,0.0007443108124041976
48,126,0.00010317179577879967
48,127,0.00014738827968399952
48,128,0.0002505600754627992
48,129,0.0003758401131941988
48,130,0.0002800377313995991
48,131,8.106355382619974e-05
49,49,0.9239704259691177
49,50,0.00355469808191663
49,51,0.0012751983825463004
49,52,0.0010835882628890841
49,53,0.0022861069448757505
49,54,0.00017178838314095237
49,55,0.000997694071318608
49,56,0.0010968027538999267
49,57,0.0017707417954528936
49,58,0.001295020119062564
49,59,0.0018037780229799999
49,60,0.00027089706572227103
49,61,0.0008589419157047618
49,62,0.0016253823943336262
49,63,0.001724491076914945
49,64,0.000323755029765641
49,65,0.001810385268485421
49,66,3.964347303252747e-05
49,67,0.002722185148233553
49,68,0.0020350316156697436
49,69,0.0006871535325638095
49,70,0.0020878895797131133
49,71,7.928694606505494e-05
49,72,0.00025768257471142853
49,73,0.00017839562864637362
49,74,0.0002048246106680586
49,75,0.0009250143707589742
49,76,7.26797005596337e-05
49,77,7.928694606505494e-05
49,78,0.0032904082616997798
49,79,5.94652095487912e-05
49,80,0.00036339850279816846
49,81,0.00037661299380901096
49,82,0.00015857389213010987
49,83,0.0023059286813920145
49,85,0.004017205267296117
49,86,0.0003832202393144322
49,87,0.00030393329324937725
49,88,0.0006012593409933333
49,89,3.964347303252747e-05
49,90,6.607245505421245e-05
49,91,0.00012553766460300365
49,92,0.002841115567331135
49,101,0.00010571592808673992
49,102,0.00018500287415179487
49,103,0.0003964347303252747
49,104,0.0002378608381951648
49,105,0.00031714778426021975
49,106,0.00040304197583069596
49,108,0.013088953346239485
49,113,0.0007862622151451282
49,114,0.0014205577836655676
49,115,0.0049290051470442485
49,116,0.0030855836510317214
49,117,5.94652095487912e-05
49,118,3.964347303252747e-05
49,119,0.00027089706572227103
49,120,0.0003832202393144322
49,121,0.0006012593409933333
49,122,0.0005285796404336996
49,123,0.0005616158679608058
49,124,0.00021143185617347984
49,125,0.0008126911971668131
49,126,0.00021143185617347984
49,127,7.26797005596337e-05
49,128,0.00025768257471142853
49,129,0.0004492926943686447
49,130,0.00023125359268974356
49,131,0.0001321449101084249
50,50,0.9376737076153419
50,51,0.0008337965536409116
50,53,0.0013201778765981101
50,55,0.0010422456920511395
50,56,0.0004168982768204558
50,57,0.0037520844913841024
50,58,0.0008337965536409116
50,59,0.000764313507504169
50,61,0.0005558643690939411
50,62,0.0009727626459143969
50,63,0.002084491384102279
50,64,0.0006253474152306837
50,65,0.0006948304613674264
50,67,0.0027098387993329627
50,68,0.0027098387993329627
50,69,0.0013201778765981101
50,70,0.0006253474152306837
50,75,0.00048638132295719845
50,80,0.0084769316286826
50,81,0.002153974430239022
50,82,0.0004168982768204558
50,83,0.002084491384102279
50,85,0.0012506948304613673
50,86,0.0004168982768204558
50,92,0.0006948304613674264
50,113,0.015425236242356866
50,114,0.0003474152306837132
50,115,0.0048638132295719845
50,116,0.0010422456920511395
51,51,0.9416251796345719
51,52,0.0013280127283925272
51,53,0.0026111168137959353
51,54,0.00042983986861014166
51,55,0.0009238349414904537
51,56,0.0015718025046191748
51,57,0.0007249538082529255
51,58,0.0018155922808458223
51,59,0.0016616197905974133
51,60,0.0005196571545883802
51,61,0.000968743584479573
51,62,0.0023288339150071852
51,63,0.000968743584479573
51,64,9.62328064052556e-05
51,65,0.0017193594744405666
51,66,3.849312256210224e-05
51,67,0.002758673783617327
51,68,0.0013793368918086635
51,69,0.00039776226647505645
51,70,0.0023801580784233215
51,71,7.698624512420447e-05
51,72,0.00020529665366454526
51,73,0.00013472592896735783
51,74,0.00036568466433997124
51,75,0.001616711147608294
51,76,0.00014114144939437486
51,77,0.00021812769451857935
51,78,0.000981574625333607
51,79,4.4908642989119276e-05
51,80,7.698624512420447e-05
51,81,8.340176555122152e-05
51,82,5.773968384315336e-05
51,83,0.00292547731471977
51,84,0.002425066721412441
51,85,0.00014114144939437486
51,86,0.0005324881954424143
51,87,0.0010778074317388626
51,88,0.0005709813180045165
51,89,3.20776021350852e-05
51,90,8.340176555122152e-05
51,91,0.00017321905152946007
51,92,0.0025148840073906794
51,93,0.0030922808458222133
51,94,0.0003079449804968179
51,95,3.20776021350852e-05
51,96,0.00022454321494559638
51,97,0.00032077602135085196
51,98,0.00010906384725928967
51,99,0.0025277150482447136
51,100,0.0010393143091767603
51,101,5.773968384315336e-05
51,102,0.00014114144939437486
51,103,0.0006543830835557381
51,104,0.00021171217409156231
51,105,0.00020529665366454526
51,106,0.00032077602135085196
51,107,0.00032719154177786905
51,108,0.0005453192362964484
51,109,0.0005517347567234654
51,110,8.981728597823855e-05
51,111,0.00010264832683227263
51,112,0.00010264832683227263
51,113,3.849312256210224e-05
51,114,0.00010906384725928967
51,115,0.0002758673783617327
51,116,0.00013472592896735783
51,117,0.00010906384725928967
51,118,0.00014114144939437486
51,119,0.0001924656128105112
51,120,0.0002758673783617327
51,121,0.00047474851159926094
51,122,0.0018220078012728391
51,123,0.000647967563128721
51,124,0.00010264832683227263
51,125,0.0012638575241223568
51,126,0.00016038801067542598
51,127,0.00011547936768630672
51,128,0.00023737425579963047
51,129,0.0014819852186409362
51,130,0.0005260726750153972
51,131,0.00019888113323752822
52,52,0.94574014626158
52,53,0.0018267917634748063
52,54,0.00011232700163760945
52,55,0.0007271695369171559
52,56,0.0014779868636527558
52,57,0.000254213740548274
52,58,0.0017322006042010298
52,59,0.0018563515007478614
52,60,0.00026603763545749603
52,61,0.0010996222265576504
52,62,0.0024238984563905194
52,63,0.0006621381149164346
52,66,0.004569935382414321
52,67,0.003269306942399896
52,68,0.0013006284400144251
52,69,0.00018327037109294172
52,70,0.002447546246208964
52,71,2.9559737273055117e-05
52,72,0.00018918231854755276
52,73,0.0002719495829121071
52,74,0.0002246540032752189
52,75,0.0019213829227485825
52,76,0.00031333321509438426
52,77,0.00039610047945893857
52,78,0.0004374841116412157
52,83,0.003044652939124677
52,84,0.002264275875116022
52,85,0.00023647789818444093
52,86,0.000248301793093663
52,87,0.0002010062134567748
52,88,0.0004020124269135496
52,89,4.138363218227716e-05
52,90,5.320752709149921e-05
52,91,0.00015371063381988662
52,92,0.0037008791065865007
52,93,0.0019272948702031935
52,94,0.0002010062134567748
52,96,0.00016553452872910865
52,97,0.00016553452872910865
52,98,3.547168472766614e-05
52,100,0.00028968542527594014
52,101,7.094336945533228e-05
52,102,0.0001005031067283874
52,103,0.00030150932018516217
52,104,0.00047295579636888186
52,105,0.00039610047945893857
52,106,0.0005320752709149921
52,107,0.00046113190145965984
52,108,0.0006148425352795465
52,109,0.0004847796912781039
52,110,4.729557963688819e-05
52,112,0.0038723255827702203
52,114,0.00014188673891066456
52,115,0.00018327037109294172
52,116,0.00036654074218588344
52,117,0.00013597479145605355
52,118,0.000254213740548274
52,119,0.0003251571100036063
52,120,0.00023647789818444093
52,121,0.0008986160131008756
52,122,0.0005557230607334362
52,123,0.000508427481096548
52,124,9.459115927377638e-05
52,125,0.0007153456420079338
52,126,0.00014188673891066456
52,127,6.503142200072125e-05
52,128,0.00029559737273055116
52,129,0.0003547168472766614
52,130,0.00037245268964049446
52,131,6.503142200072125e-05
53,53,0.9238692010706665
53,54,0.0034969347855583377
53,55,0.001060798559287538
53,56,0.001554193238025928
53,57,0.0009312824561187108
53,58,0.001979746148437789
53,59,0.002022918182827398
53,60,0.0004193854769276313
53,61,0.0012334866968459746
53,62,0.0026088243638292363
53,63,0.0009312824561187108
53,65,0.002183271453417375
53,66,0.00019119043801112606
53,67,0.0044652218425824276
53,68,0.001794723143910893
53,69,0.0007215897176548951
53,70,0.001887234646174341
53,71,6.167433484229872e-05
53,72,0.00018502300452689617
53,73,0.00023436247240073515
53,74,0.00024052990588496504
53,75,0.0024854756941446385
53,76,0.00017268813755843643
53,77,0.00025903220633765467
53,78,0.0009867893574767796
53,80,7.400920181075847e-05
53,81,6.78417683265286e-05
53,82,8.634406877921821e-05
53,83,0.003614116021758705
53,84,0.0036511206226640847
53,85,0.0003577111420853326
53,86,0.0008942778552133315
53,87,0.0009929567909610095
53,88,0.0007955989194656536
53,89,6.167433484229872e-05
53,90,0.0001356835366530572
53,91,0.00018502300452689617
53,92,0.0038484784941594406
53,96,0.005186811560237323
53,97,0.0003638785755695625
53,98,0.0002220276054322754
53,100,0.002368294457944271
53,101,7.400920181075847e-05
53,102,0.00019119043801112606
53,103,0.0006660828162968263
53,104,0.0008757755547606419
53,105,0.0005118969791910794
53,106,0.0011286403276140667
53,107,0.0007400920181075847
53,108,0.0014061748344044109
53,109,0.0012149843963932848
53,110,0.00020969273846381566
53,111,0.0033057443475472117
53,112,0.0003268739746641832
53,113,8.634406877921821e-05
53,114,0.00025903220633765467
53,115,0.0005982410479702977
53,116,0.0004193854769276313
53,117,0.0002281950389165053
53,118,0.0001788555710426663
53,119,0.000339208841632643
53,120,0.000388548309506482
53,121,0.0009806219239925497
53,122,0.0012766587312355835
53,123,0.0009436173230871705
53,124,0.0002035253049795858
53,126,0.00021586017194804555
53,127,0.002016750749343168
53,128,0.0006352456488756769
53,129,0.0011163054606456069
53,130,0.0003823808760222521
53,131,0.00015418583710574682
54,54,0.8800417246175244
54,58,0.0012169680111265646
54,59,0.0033031988873435327
54,60,0.001043115438108484
54,61,0.0008692628650904034
54,62,0.0013908205841446453
54,67,0.009735744089012517
54,68,0.0019123783031988874
54,69,0.0033031988873435327
54,70,0.0013908205841446453
54,83,0.002260083449235049
54,84,0.005737134909596662
54,85,0.0008692628650904034
54,86,0.004172461752433936
54,87,0.003129346314325452
54,88,0.0008692628650904034
54,92,0.0033031988873435327
54,96,0.01808066759388039
54,97,0.0013908205841446453
54,100,0.014603616133518776
54,103,0.0019123783031988874
54,106,0.002260083449235049
54,107,0.0012169680111265646
54,108,0.001564673157162726
54,109,0.004520166898470098
54,111,0.004520166898470098
54,114,0.0008692628650904034
54,115,0.0013908205841446453
54,121,0.001564673157162726
54,122,0.0019123783031988874
54,127,0.005737134909596662
54,128,0.0012169680111265646
54,129,0.003129346314325452
55,55,0.9641157106316598
55,56,0.0008487893281947168
55,57,0.0007398231306562059
55,58,0.0013878852528589288
55,59,0.0009405503366481997
55,60,0.0002179323950770219
55,61,0.0009233451475631718
55,62,0.0016459630891343495
55,63,0.0010953970384134522
55,64,9.17610084534829e-05
55,65,0.0022022642028835895
55,66,0.00013190644965188167
55,67,0.0032689859261553285
55,68,0.0012559788032070471
55,69,0.0002810180883887914
55,70,0.002936352270511453
55,71,0.00013190644965188167
55,72,0.00014337657570856705
55,73,0.00014337657570856705
55,74,0.0002867531514171341
55,75,0.0009979009669316265
55,76,3.4410378170056086e-05
55,77,0.00011470126056685363
55,78,0.0012617138662353899
55,80,0.00010323113451016826
55,81,4.588050422674145e-05
55,82,5.7350630283426814e-05
55,83,0.0024029914088755837
55,84,0.0014796462613124119
55,85,0.00011470126056685363
55,86,0.00013190644965188167
55,87,9.749607148182559e-05
55,88,0.0002179323950770219
55,89,4.014544119839877e-05
55,90,3.4410378170056086e-05
55,91,0.00011470126056685363
55,92,0.001674638404276063
55,93,0.0015828773958225801
55,94,0.00014911163873690972
55,95,3.4410378170056086e-05
55,96,0.00016631682782193777
55,97,0.000126171386623539
55,98,0.00010323113451016826
55,99,0.001187158046866935
55,100,0.00024087264719039263
55,101,4.014544119839877e-05
55,102,5.7350630283426814e-05
55,103,0.00014911163873690972
55,104,0.0002810180883887914
55,105,0.00014337657570856705
55,106,0.00023513758416204993
55,107,0.00024087264719039263
55,108,0.0003268985926155328
55,109,0.00020072720599199385
55,110,3.4410378170056086e-05
55,111,3.4410378170056086e-05
55,112,8.029088239679754e-05
55,113,6.30856933117695e-05
55,114,5.7350630283426814e-05
55,115,6.882075634011217e-05
55,116,0.00010323113451016826
55,117,0.00010323113451016826
55,118,4.588050422674145e-05
55,119,6.30856933117695e-05
55,120,0.00010896619753851095
55,121,0.0006079166810043242
55,122,0.00029822327747381944
55,123,0.00025807783627542066
55,124,5.7350630283426814e-05
55,125,0.00032116352958719014
55,126,5.7350630283426814e-05
55,127,2.8675315141713407e-05
55,128,0.00016058176479359507
55,129,0.00017778695387862312
55,130,0.0001835220169069658
55,131,9.17610084534829e-05
56,56,0.9550174568081552
56,57,0.00026510339032222564
56,58,0.0014355598683486559
56,59,0.0015105891297606067
56,60,0.0002500975380398355
56,61,0.0007652984664018968
56,62,0.0020558017626874482
56,63,0.0009953882013985455
56,65,0.0014555676713918428
56,66,0.00012004681825912106
56,67,0.002505977331159152
56,68,0.0008203199247706606
56,69,0.0002300897349966487
56,70,0.0011954662318304139
56,71,4.50175568471704e-05
56,72,0.00011004291673752763
56,73,0.00010003901521593422
56,74,0.00011504486749832435
56,77,0.0037664689228799233
56,78,0.0005302067806444513
56,80,3.501365532557698e-05
56,81,3.0011704564780265e-05
56,83,0.003116215323976351
56,84,0.0021558407779033823
56,85,0.00019007412891027502
56,86,0.0001850721781494783
56,87,0.0002500975380398355
56,88,0.00039515411010294016
56,89,5.502145836876382e-05
56,90,5.001950760796711e-05
56,91,0.00013505267054151119
56,93,0.0017556847170396455
56,94,0.0001400546213023079
56,95,3.0011704564780265e-05
56,96,0.0001850721781494783
56,97,0.00017506827662788486
56,98,7.502926141195066e-05
56,99,0.0026560358539830533
56,100,0.00035513850401656645
56,101,0.00565720631046108
56,102,0.00013005071978071449
56,103,0.0003751463070597533
56,104,0.0004101599623853303
56,105,0.0003701443562989566
56,106,0.0005452126329268415
56,107,0.00048518922379728097
56,108,0.0005252048298836547
56,109,0.0004101599623853303
56,110,6.502535989035724e-05
56,111,0.0003001170456478026
56,112,0.00019007412891027502
56,114,0.00010504096597673092
56,115,0.00015506047358469804
56,116,0.00024509558727903885
56,117,0.0001400546213023079
56,118,0.00025509948880063225
56,119,0.00040515801162453356
56,120,0.0002751072918438191
56,121,0.0005802262882524184
56,122,0.0004251658146677204
56,123,0.0006602575004251659
56,124,8.503316293354408e-05
56,125,0.0007402887125979132
56,126,0.0001500585228239013
56,127,0.0001400546213023079
56,128,0.0002500975380398355
56,129,0.00035513850401656645
56,130,0.00017506827662788486
56,131,0.00011504486749832435
57,57,0.9674773440361858
57,58,0.0007963431920620511
57,59,0.0002070492299361333
57,61,0.0013113117895955108
57,62,0.0005149685975334596
57,63,0.002229760937773743
57,64,0.0004884238244647247
57,65,0.0005786760528984238
57,66,2.6544773068735036e-05
57,67,0.0018793699332664406
57,68,0.0040029517787652435
57,69,0.001417490881870451
57,70,0.0005627491890571828
57,71,2.6544773068735036e-05
57,72,3.716268229622905e-05
57,74,5.8398500751217075e-05
57,75,0.00035569995912104947
57,76,2.6544773068735036e-05
57,77,4.2471636909976054e-05
57,82,0.008414693062789006
57,83,0.0012635311980717877
57,84,0.0005096596429197127
57,88,2.6544773068735036e-05
57,91,3.185372768248204e-05
57,92,0.0003185372768248204
57,93,0.002973014583698324
57,94,6.901640997871109e-05
57,95,0.00027606563991484435
57,96,7.43253645924581e-05
57,97,0.00016988654763990422
57,98,0.000743253645924581
57,99,0.00025482982145985634
57,100,0.00048311486985097763
57,104,0.00010617909227494014
57,106,7.96343192062051e-05
57,107,5.8398500751217075e-05
57,108,0.0008494327381995212
57,109,3.185372768248204e-05
57,112,3.716268229622905e-05
57,113,0.0005043506883059657
57,115,0.0001539596837986632
57,120,3.185372768248204e-05
57,121,5.8398500751217075e-05
57,122,4.778059152372306e-05
57,123,2.6544773068735036e-05
57,125,4.778059152372306e-05
57,129,2.6544773068735036e-05
57,130,3.716268229622905e-05
58,58,0.9540933210628341
58,59,0.001972743827220928
58,60,0.00035734565604746333
58,61,0.0010818272600888958
58,62,0.003656674042019933
58,63,0.0008958117131052848
58,65,0.0018063088641303284
58,66,0.00017622525503710522
58,67,0.002599322511797302
58,68,0.0011258835738481722
58,69,0.0001566446711440935
58,70,0.002011904995006951
58,71,7.342718959879383e-05
58,72,0.00013706408725108182
58,73,0.00010279806543831137
58,74,0.00029370875839517533
58,75,0.0017916234262105697
58,76,0.0001566446711440935
58,77,0.00038182138591372796
58,78,0.0005825223708170978
58,82,3.4266021812770455e-05
58,84,0.0024328875487067024
58,85,0.00010279806543831137
58,86,0.00020559613087662275
58,87,0.00019091069295686398
58,88,0.00046503886745902765
58,91,0.007146913120949267
58,92,0.002393726380920679
58,93,0.0018454700319163518
58,94,0.00013706408725108182
58,95,3.916116778602338e-05
58,96,0.00018112040101035814
58,97,0.00014685437919758766
58,98,8.321748154529967e-05
58,99,0.0025356856141450137
58,100,0.0002986039043684283
58,101,0.00016643496309059935
58,102,7.832233557204675e-05
58,103,0.00023007186074288735
58,104,0.00021049127684987567
58,105,0.00019091069295686398
58,106,0.00028881361242192243
58,107,0.00029370875839517533
58,108,0.0006021029547101094
58,109,0.0003426602181277046
58,110,7.832233557204675e-05
58,111,0.00020070098490336982
58,112,0.00017622525503710522
58,113,2.4475729866264613e-05
58,114,7.832233557204675e-05
58,115,0.00020070098490336982
58,116,0.0002398621526893932
58,117,0.0002398621526893932
58,118,0.0001713301090638523
58,119,0.00023007186074288735
58,120,0.00029370875839517533
58,121,0.0006902155822286621
58,122,0.0004797243053787864
58,123,0.0005874175167903507
58,124,8.321748154529967e-05
58,125,0.0007097961661216738
58,126,9.300777349180553e-05
58,127,0.0001566446711440935
58,128,0.00025454759060915196
58,129,0.0004160874077264984
58,130,0.0003279747802079458
58,131,0.00012237864933132306
59,59,0.9137416366443644
59,60,0.007682097678576266
59,61,0.0004442397811306444
59,62,0.0028875585773491886
59,63,0.0003846466397594604
59,65,0.0008234688625836336
59,66,6.501069967765528e-05
59,67,0.003348051033399247
59,68,0.0009209849121001165
59,69,0.00021128477395237967
59,70,0.0016198499336349107
59,71,4.334046645177019e-05
59,72,0.0001029336078229542
59,73,0.00010835116612942546
59,74,0.0001029336078229542
59,75,0.000693447463228323
59,76,5.959314137118401e-05
59,77,0.00014085651596825312
59,78,0.00025462524040414984
59,83,0.004274453503805835
59,88,0.01637727876046266
59,89,8.12633745970691e-05
59,90,0.00027629547363003495
59,91,0.0005796787387924262
59,92,0.004751198634775307
59,93,0.0038356312809816615
59,94,0.0003250534983882764
59,96,0.00040089931467887424
59,97,0.0002925481485494488
59,98,0.00011918628274236802
59,100,0.0005417558306471274
59,101,0.0002221198905653222
59,102,0.0003900641980659317
59,103,0.0003304710566947477
59,104,0.000514668039114771
59,105,0.0003900641980659317
59,106,0.0008072161876642197
59,107,0.0005417558306471274
59,108,0.0015114987675054852
59,110,0.0018473873825067043
59,113,5.959314137118401e-05
59,114,0.0004496573394371157
59,115,0.00059593141371184
59,120,0.010439634856570144
59,121,0.002015331690007314
59,122,0.0015277514424248992
59,126,0.0034564021995286726
59,130,0.007568328954140369
59,131,0.0018202995909743478
60,60,0.9243431382811682
60,61,0.0004448864231131582
60,62,0.0030095258034125404
60,63,0.0005233957918978332
60,65,0.0007850936878467497
60,67,0.0037161101224746154
60,69,0.0011514707421752329
60,70,0.0016486967444781745
60,75,0.0004972260023029415
60,76,0.0001308489479744583
60,78,0.00020935831675913326
60,83,0.0038731288600439653
60,88,0.014288705118810845
60,90,0.0002878676855438082
60,91,0.0004187166335182665
60,100,0.004789071495865173
60,103,0.004815241285460065
60,104,0.0004972260023029415
60,105,0.0005233957918978332
60,106,0.000915942635821208
60,107,0.0007327541086569664
60,108,0.0013869988485292579
60,110,0.0018057154820475243
60,114,0.00039254684392337483
60,115,0.0004710562127080498
60,130,0.023160263791479115
60,131,0.00473673191667539
61,61,0.9791125845525344
61,62,0.0014386034480373669
61,63,0.001240334383083499
61,65,0.0018213088524832047
61,66,0.00010605089520788281
61,67,0.0021671269890306487
61,68,0.0010466762266169304
61,69,0.00015677088856817458
61,70,0.0015584870687071473
61,71,5.994181033489028e-05
61,72,8.76072612586858e-05
61,73,2.3054542436496263e-05
61,74,0.00017060361403007233
61,75,0.0012956652849310899
61,76,0.00013371634613167834
61,77,0.00012910543764437906
61,78,0.0006962471815821871
61,82,5.533090184759103e-05
61,83,0.0017936434015594094
61,84,0.001037454409642332
61,85,5.533090184759103e-05
61,86,5.994181033489028e-05
61,87,3.688726789839402e-05
61,88,0.00016138179705547383
61,89,2.3054542436496263e-05
61,91,0.00016138179705547383
61,92,0.0010789525860280251
61,93,0.0010190107756931348
61,94,3.688726789839402e-05
61,96,3.688726789839402e-05
61,97,2.7665450923795516e-05
61,98,5.0719993360291776e-05
61,99,0.0007331344494805812
61,100,5.0719993360291776e-05
61,101,2.7665450923795516e-05
61,102,2.3054542436496263e-05
61,103,5.994181033489028e-05
61,104,8.76072612586858e-05
61,105,0.00010143998672058355
61,106,0.00011988362066978056
61,107,8.299635277138654e-05
61,108,0.00016599270554277308
61,109,5.533090184759103e-05
61,110,2.7665450923795516e-05
61,111,5.533090184759103e-05
61,112,5.0719993360291776e-05
61,115,7.838544428408729e-05
61,116,5.994181033489028e-05
61,117,4.610908487299253e-05
61,118,5.533090184759103e-05
61,119,0.00010143998672058355
61,120,0.00011988362066978056
61,121,0.00014293816310627684
61,122,0.00016599270554277308
61,123,0.00014293816310627684
61,125,0.00018904724797926936
61,126,2.3054542436496263e-05
61,128,3.688726789839402e-05
61,129,0.00010143998672058355
61,130,0.0001244945291570798
62,62,0.9546194844398297
62,63,0.0009210917449245751
62,65,0.001699832947451716
62,66,0.0001716580070086708
62,67,0.0033871055529271876
62,68,0.0011974192684019477
62,69,0.00022189937491364764
62,70,0.002327850046263926
62,71,7.954883251621331e-05
62,72,0.00028470108479486866
62,73,0.0001758447876674189
62,74,0.00026376718150112835
62,75,0.001574229527689274
62,76,0.00011722985844494593
62,77,0.0003516895753348378
62,78,0.0005652153889309893
62,81,2.0933903293740344e-05
62,82,3.768102592873262e-05
62,84,0.002679539621598764
62,85,0.0001716580070086708
62,86,0.00029307464611236483
62,87,0.00027214074281862446
62,88,0.0009671463321708039
62,89,0.005618659644039908
62,90,0.00012979020042119013
62,91,0.0006280170988122103
62,92,0.0031317119327435557
62,93,0.0023445971688989186
62,94,0.0001716580070086708
62,95,2.0933903293740344e-05
62,96,0.0003809970399460743
62,97,0.00022608615557239572
62,98,0.00010466951646870172
62,99,0.002867944751242427
62,100,0.0006280170988122103
62,101,0.00015072410371493047
62,102,8.373561317496138e-05
62,103,0.00031819533006485323
62,104,0.0002972614267711129
62,105,0.000242833278207388
62,106,0.00043961196916854724
62,107,0.0004437987498272953
62,108,0.0007368733959396602
62,109,0.00046891943377978373
62,110,0.00012560341976244207
62,111,0.00031400854940610514
62,112,0.00025958040084238026
62,114,9.629595515120558e-05
62,115,0.00033075567204109743
62,116,0.000364249917311082
62,117,0.00027214074281862446
62,118,0.00018421834898491504
62,119,0.00020515225227865538
62,120,0.0006908188086934314
62,121,0.0007996751058208812
62,122,0.0006531377827646988
62,123,0.0006196435374947142
62,124,9.629595515120558e-05
62,125,0.0009797066741470482
62,126,0.000242833278207388
62,127,0.0002009654716199073
62,128,0.00026795396215987643
62,129,0.0005149740210260125
62,130,0.0007117527119871717
62,131,0.00018003156832616696
63,63,0.9798208165980414
63,64,0.0005852089490657708
63,65,0.0020840174804860182
63,66,0.00010946354442956863
63,67,0.001654583575416172
63,68,0.0012335699429947542
63,69,0.00019787640723806636
63,70,0.0016335328937951011
63,71,6.736218118742685e-05
63,72,0.00013051422605063953
63,74,0.00016419531664435295
63,75,0.0012419902156431825
63,76,8.420272648428356e-05
63,77,0.00018524599826542383
63,78,0.0011872584434283982
63,80,6.315204486321267e-05
63,82,0.00010946354442956863
63,83,0.0017808876651425973
63,84,0.0010483239447293302
63,85,5.8941908538998493e-05
63,86,4.631149956635596e-05
63,87,5.473177221478431e-05
63,88,0.00019787640723806636
63,89,8.841286280849774e-05
63,90,2.9470954269499247e-05
63,91,0.0001726155892927813
63,92,0.0010188529904598311
63,93,0.0011493672165104707
63,94,7.157231751164103e-05
63,95,3.7891226917927604e-05
63,96,3.7891226917927604e-05
63,97,7.999259016006939e-05
63,98,7.157231751164103e-05
63,99,0.0008125563105733363
63,100,0.00010104327178114028
63,101,0.00010525340810535445
63,102,2.105068162107089e-05
63,103,5.052163589057014e-05
63,104,7.157231751164103e-05
63,105,4.631149956635596e-05
63,106,7.999259016006939e-05
63,107,0.00012630408972642533
63,108,0.0003368109059371342
63,109,7.999259016006939e-05
63,110,2.526081794528507e-05
63,111,2.105068162107089e-05
63,112,5.052163589057014e-05
63,113,5.052163589057014e-05
63,114,2.9470954269499247e-05
63,115,9.262299913271192e-05
63,116,0.00010104327178114028
63,117,5.8941908538998493e-05
63,118,5.473177221478431e-05
63,119,5.473177221478431e-05
63,120,0.00014735477134749622
63,121,0.00014735477134749622
63,122,0.00012630408972642533
63,123,0.00014735477134749622
63,125,0.00017682572561699547
63,127,2.105068162107089e-05
63,128,5.8941908538998493e-05
63,129,4.631149956635596e-05
63,130,0.00015998518032013878
63,131,2.526081794528507e-05
64,64,0.9844497607655502
64,65,0.000503651473180559
64,67,0.001070259380508688
64,68,0.002266431629312516
64,69,0.0009443465122135483
64,81,0.004155124653739612
64,82,0.0008813900780659784
64,83,0.001133215814656258
64,84,0.000503651473180559
64,93,0.0014479979853941074
64,100,0.0003777386048854193
65,65,0.9734481340358991
65,66,0.004613498265572982
65,67,0.002863550647597023
65,68,0.000985558081964287
65,69,9.312359829583815e-05
65,70,0.0012998502262127408
65,71,3.880149928993256e-05
65,72,9.700374822483141e-05
65,73,2.7161049502952792e-05
65,74,0.0002134082460946291
65,76,0.0031856030917034634
65,77,0.0005044194907691233
65,78,0.000741108636437712
65,83,0.002009917663218507
65,84,0.0010942022799760984
65,85,6.984269872187861e-05
65,86,0.00010864419801181117
65,87,3.880149928993256e-05
65,88,0.0002638501951715414
65,89,0.00014744569730174373
65,90,3.104119943194605e-05
65,91,0.0002483295954555684
65,92,0.0010980824299050916
65,93,0.0012532884270648218
65,94,0.00011252434794080443
65,96,8.536329843785164e-05
65,97,8.148314850885839e-05
65,98,3.880149928993256e-05
65,99,0.0013308914256446869
65,100,0.00010088389815382466
65,101,5.044194907691233e-05
65,102,1.940074964496628e-05
65,103,7.372284865087186e-05
65,104,7.760299857986513e-05
65,105,7.760299857986513e-05
65,106,8.92434483668449e-05
65,107,6.20823988638921e-05
65,108,0.00027161049502952793
65,109,8.148314850885839e-05
65,111,6.596254879288535e-05
65,112,0.00010476404808281792
65,115,9.312359829583815e-05
65,116,0.0001435655473727505
65,117,6.984269872187861e-05
65,118,0.0001241647977277842
65,119,7.372284865087186e-05
65,120,0.00012804494765677747
65,121,0.0006712659377158334
65,122,0.00015520599715973025
65,123,0.00019788764637865608
65,124,4.268164921892582e-05
65,125,0.00019012734652066956
65,126,6.984269872187861e-05
65,127,4.268164921892582e-05
65,128,0.00027937079488751446
65,129,0.00012028464779879094
65,130,0.00027937079488751446
65,131,4.6561799147919074e-05
66,66,0.9677288957757866
66,67,0.004513912281883716
66,68,0.001886411102876777
66,70,0.0015495519773630667
66,76,0.004379168631678232
66,77,0.0005389746008219363
66,78,0.0006063464259246784
66,83,0.0024253857036987134
66,84,0.0018190392777740348
66,92,0.0012126928518493567
66,93,0.002358013878595971
66,108,0.0006063464259246784
66,112,0.0033685912551371018
66,116,0.00033685912551371016
66,121,0.0012126928518493567
66,123,0.00033685912551371016
66,125,0.00033685912551371016
66,130,0.0004042309506164522
67,67,0.9524062398648528
67,68,0.0024912414508362945
67,69,0.0008910019495122656
67,70,0.0028369502072470533
67,71,9.979221834537375e-05
67,72,0.0002352245146712381
67,73,0.00016750836650830593
67,74,0.0002352245146712381
67,75,0.0015681634311415873
67,76,0.0001960204288926984
67,77,0.0002423525302673362
67,78,0.0016180595403142743
67,79,6.058813256683405e-05
67,80,0.0001888924132966003
67,81,0.00017463638210440404
67,82,0.00035283677200685713
67,83,0.0030614826985241443
67,84,0.002626673747162159
67,85,0.00033145272521856276
67,86,0.0005096531151210159
67,87,0.0004134249045736912
67,88,0.0011190984485874055
67,89,0.00021740447568099279
67,90,8.197217935512843e-05
67,91,0.0003385807408146609
67,93,0.0029474344489865746
67,94,0.00029581264723807217
67,95,0.00010692023394147187
67,96,0.0006735974738312728
67,97,0.000345708756410759
67,98,0.00028512062384392496
67,99,0.0027015179109211892
67,100,0.0011155344407893565
67,105,0.006482930184651244
67,106,0.0010620743238186204
67,107,0.0006700334660332237
67,108,0.00102643424583813
67,109,0.0006379573958507821
67,110,0.00017463638210440404
67,111,0.000345708756410759
67,112,0.00022096848347904187
67,113,8.197217935512843e-05
67,114,0.0001960204288926984
67,115,0.00046332101374637805
67,116,0.0002993766550361212
67,117,0.00022809649907513997
67,118,0.00013899630412391343
67,119,0.0002815566160458759
67,120,0.0006165733490624877
67,121,0.0009337700430888543
67,122,0.0007769536999746955
67,123,0.000687853505023469
67,124,0.0001318682885278153
67,125,0.00102643424583813
67,126,0.00031719669402636655
67,127,0.0003492727642088081
67,128,0.0003670928031990534
67,129,0.0006165733490624877
67,130,0.000687853505023469
67,131,0.0002423525302673362
68,68,0.974125214243072
68,69,0.003127467406166349
68,70,0.0012016869836501242
68,71,5.007029098542184e-05
68,72,8.088277774568143e-05
68,73,5.392185183045429e-05
68,74,0.00015791399464633042
68,75,0.0010784370366090858
68,76,0.00011169526450594103
68,77,0.00014635931211123308
68,79,0.0036551312419357946
68,80,0.0003196795501376933
68,81,0.000419820132108537
68,82,0.0007857184123866197
68,83,0.0018256398405453811
68,84,0.0011015464016792805
68,85,0.00013095306873110328
68,86,9.628902112581124e-05
68,87,0.00013480462957613572
68,88,0.0002426483332370443
68,89,8.858589943574633e-05
68,90,5.7773412675486743e-05
68,91,0.00014635931211123308
68,92,0.0009898511371733395
68,93,0.0027538660041982015
68,94,0.00013095306873110328
68,95,0.00016561711633639533
68,96,0.00030042174591253106
68,97,0.00012710150788607083
68,98,0.0003504920368979529
68,99,0.0009397808461879177
68,100,0.0003196795501376933
68,101,4.6218730140389396e-05
68,103,5.007029098542184e-05
68,104,0.00021568740732181717
68,105,0.00025420301577214167
68,106,0.00023494521154697942
68,107,0.00016946867718142778
68,108,0.0006239528568952568
68,109,0.0002041327247867198
68,110,6.547653436555164e-05
68,111,0.00012710150788607083
68,112,8.473433859071389e-05
68,113,0.0001810233597165251
68,114,5.392185183045429e-05
68,115,0.00016561711633639533
68,116,0.00011554682535097349
68,117,6.547653436555164e-05
68,118,6.16249735205192e-05
68,119,8.088277774568143e-05
68,120,0.00014250775126620064
68,121,0.0004275232537986019
68,122,0.00030812486760259595
68,123,0.00018487492056155758
68,124,3.466404760529204e-05
68,125,0.0002580545766171741
68,126,0.0001232499470410384
68,127,8.088277774568143e-05
68,128,6.16249735205192e-05
68,129,0.0001232499470410384
68,130,0.00016946867718142778
68,131,5.392185183045429e-05
69,69,0.9679618705651022
69,70,0.0008335470633495768
69,73,0.00014961101137043686
69,74,0.00010686500812174061
69,75,0.00042746003248696245
69,79,0.005065401384970505
69,80,0.00068393605197914
69,81,0.0009617850730956655
69,82,0.0014533641104556723
69,83,0.0021373001624348125
69,86,0.0015174831153287169
69,87,0.0002992220227408737
69,88,0.0004488330341113106
69,89,0.00012823800974608873
69,91,0.00014961101137043686
69,100,0.007865264597760109
69,103,0.0009404120714713174
69,104,0.00034196802598957
69,105,0.00042746003248696245
69,106,0.0002992220227408737
69,107,0.00021373001624348123
69,108,0.001047277079593058
69,109,0.00038471402923826624
69,110,0.00010686500812174061
69,113,0.0002992220227408737
69,114,0.00010686500812174061
69,115,0.00038471402923826624
69,125,0.0019449431478156792
69,127,0.0005770710438573993
69,128,0.0006198170471060955
69,129,0.0008335470633495768
69,130,0.0008549200649739249
69,131,0.00023510301786782936
70,70,0.9499030775505741
70,71,0.0035909662390305234
70,72,0.004516039509038386
70,73,0.005100517620543354
70,74,0.005626127433047822
70,75,0.0011983903725101862
70,76,0.00011353171950096501
70,77,0.0001513756260012867
70,78,0.0006307317750053613
70,82,2.5229271000214448e-05
70,83,0.002245405119019086
70,84,0.002476673436521052
70,85,0.00035741467250303803
70,86,0.00044151224250375283
70,87,0.0002901366165024662
70,88,0.0008115415505068981
70,89,0.00011353171950096501
70,90,4.6253663500393156e-05
70,91,0.00022706343900193003
70,92,0.0024009856235204085
70,93,0.003464819884029451
70,94,0.00047935614900407455
70,96,0.00043310248550368135
70,97,0.000618117139505254
70,98,0.00011353171950096501
70,99,0.0020898246145177636
70,100,0.0012740781855108297
70,101,0.00013455611200114371
70,102,9.671220550082205e-05
70,103,0.0005382244480045749
70,104,0.0003237756445027521
70,105,0.0006097073825051825
70,106,0.00046253663500393154
70,107,0.0004961756630042175
70,108,0.0012152098865103292
70,109,0.0005045854200042889
70,110,0.00013455611200114371
70,111,0.00013035123350110797
70,112,0.00025229271000214447
70,113,4.2048785000357416e-05
70,114,0.0001724000185014654
70,115,0.000601297625505111
70,116,0.00032798052300278785
70,117,8.830244850075057e-05
70,118,7.568781300064335e-05
70,119,0.0001513756260012867
70,120,0.0003027512520025734
70,121,0.0006938049525058973
70,122,0.0007779025225066122
70,123,0.0004078732145034669
70,124,7.568781300064335e-05
70,125,0.0008031317935068267
70,126,0.00011353171950096501
70,127,0.00010512196250089353
70,128,0.00029854637350253767
70,129,0.000601297625505111
70,130,0.0005802732330049324
70,131,9.671220550082205e-05
71,71,0.953303714906891
71,72,0.007845732110785519
71,73,0.0025522261083278193
71,74,0.01096511957651952
71,75,0.000850742036109273
71,78,0.0009452689290103034
71,83,0.001606957179317516
71,84,0.0014179033935154551
71,92,0.0010397958219113337
71,93,0.004726344645051517
71,94,0.0005671613574061821
71,97,0.000850742036109273
71,99,0.0012288496077133945
71,100,0.0013233765006144247
71,103,0.0004726344645051517
71,108,0.0013233765006144247
71,109,0.0005671613574061821
71,115,0.0011343227148123641
71,125,0.000850742036109273
72,72,0.9345027267105189
72,73,0.004385225164445943
72,74,0.021251475796930343
72,75,0.0015179625569235959
72,78,0.0005622083544161466
72,83,0.0033732501264968798
72,84,0.0022488334176645865
72,86,0.0006746500252993759
72,87,0.0003935458480913026
72,88,0.0009557542025074492
72,91,0.00033732501264968796
72,92,0.0025299375948726597
72,93,0.004329004329004329
72,96,0.0011806375442739079
72,97,0.0005622083544161466
72,98,0.00033732501264968796
72,99,0.0030359251138471917
72,100,0.0022488334176645865
72,103,0.0008433125316242199
72,105,0.0005059875189745319
72,106,0.0005059875189745319
72,107,0.0006746500252993759
72,108,0.0019677292404565133
72,109,0.0005622083544161466
72,112,0.00033732501264968796
72,114,0.00033732501264968796
72,115,0.0009557542025074492
72,116,0.0005059875189745319
72,121,0.0008995333670658346
72,122,0.0012930792151571373
72,125,0.0011806375442739079
72,127,0.0002811041772080733
72,128,0.0004497666835329173
72,129,0.0009557542025074492
72,130,0.0007308708607409906
73,73,0.9147042253521127
73,74,0.006084507042253521
73,75,0.0007887323943661971
73,83,0.004845070422535212
73,84,0.004169014084507042
73,86,0.0014647887323943661
73,87,0.0009014084507042254
73,88,0.000676056338028169
73,91,0.0005633802816901409
73,92,0.004732394366197183
73,93,0.008450704225352112
73,94,0.0024788732394366198
73,96,0.0016901408450704226
73,97,0.0023661971830985914
73,99,0.0037183098591549294
73,100,0.008450704225352112
73,101,0.0007887323943661971
73,103,0.0012394366197183099
73,104,0.0010140845070422536
73,105,0.0014647887323943661
73,106,0.0028169014084507044
73,107,0.0012394366197183099
73,108,0.0040563380281690145
73,109,0.0022535211267605635
73,112,0.0009014084507042254
73,115,0.0022535211267605635
73,116,0.0007887323943661971
73,120,0.0007887323943661971
73,121,0.0016901408450704226
73,122,0.0009014084507042254
73,125,0.0025915492957746477
73,127,0.0007887323943661971
73,128,0.0016901408450704226
73,129,0.002140845070422535
73,130,0.0007887323943661971
74,74,0.9713294993234101
74,75,0.0019874830852503384
74,76,0.0002114343707713126
74,78,0.0009303112313937754
74,83,0.0019874830852503384
74,84,0.002241204330175913
74,86,0.0004651556156968877
74,88,0.00038058186738836264
74,89,0.00033829499323410016
74,92,0.0020720568335588635
74,93,0.004566982408660352
74,94,0.00038058186738836264
74,96,0.0004228687415426252
74,97,0.0007188768606224627
74,99,0.002114343707713126
74,100,0.001395466847090663
74,103,0.0002114343707713126
74,105,0.0004651556156968877
74,106,0.0002114343707713126
74,108,0.0011840324763193505
74,109,0.0002960081190798376
74,112,0.00033829499323410016
74,115,0.0006343031123139378
74,116,0.00038058186738836264
74,121,0.00038058186738836264
74,122,0.0004228687415426252
74,125,0.0006765899864682003
74,128,0.0002537212449255751
74,129,0.0006765899864682003
74,130,0.0004651556156968877
75,75,0.9740570214273065
75,76,0.004427129449265097
75,77,0.0038462900655215158
75,78,0.0005241721267929874
75,79,1.7708517797060387e-05
75,83,0.0029785726934655568
75,84,0.001469806977156012
75,85,9.2084292544714e-05
75,86,0.00010979281034177439
75,87,0.00011687621746059854
75,88,0.00027271117407472997
75,89,0.0001877102886488401
75,90,1.7708517797060387e-05
75,91,0.0003116699132282628
75,92,0.0023835664954843278
75,93,0.0013635558703736497
75,94,4.6042146272357e-05
75,95,2.479192491588454e-05
75,96,0.00022312732424296087
75,97,5.666725695059323e-05
75,98,3.5417035594120773e-05
75,100,0.00018062688153001595
75,101,5.666725695059323e-05
75,102,4.6042146272357e-05
75,103,0.0001558349566141314
75,104,0.00010270940322295024
75,105,0.0003081282096688507
75,106,0.00021958562068354878
75,107,0.0001558349566141314
75,108,0.0002797945811935541
75,109,0.00016646006729236762
75,110,3.18753320347087e-05
75,113,2.1250221356472463e-05
75,114,2.1250221356472463e-05
75,115,8.854258898530193e-05
75,118,0.00303523995041615
75,119,0.000184168585089428
75,120,0.00021250221356472463
75,121,0.000368337170178856
75,122,0.0002585443598370816
75,123,0.0003010448025500266
75,124,3.5417035594120773e-05
75,125,0.00044271294492650965
75,126,6.37506640694174e-05
75,127,8.145918186647778e-05
75,128,0.0001522932530547193
75,129,0.000184168585089428
75,130,0.00022312732424296087
75,131,4.6042146272357e-05
76,76,0.9706466102580174
76,77,0.004857411469758696
76,78,0.0011490650788676486
76,83,0.004909641700616317
76,84,0.0015669069257286117
76,87,0.00026115115428810193
76,88,0.00041784184686096315
76,89,0.00026115115428810193
76,91,0.0009923743862947875
76,92,0.0021936696960200563
76,93,0.0015669069257286117
76,96,0.00031338138514572234
76,103,0.0004700720777185835
76,108,0.0006789930011490651
76,118,0.00402172777603677
76,119,0.00026115115428810193
76,120,0.00026115115428810193
76,121,0.0014102162331557505
76,122,0.00026115115428810193
76,123,0.00026115115428810193
76,125,0.00041784184686096315
76,128,0.00026115115428810193
76,129,0.00026115115428810193
76,130,0.00041784184686096315
77,77,0.9842199661033683
77,78,0.00024682013394105933
77,83,0.0029124775805045005
77,84,0.001398647425666003
77,86,9.872805357642374e-05
77,88,9.872805357642374e-05
77,89,0.0002139107827489181
77,91,0.00039491221430569496
77,93,0.0012176459941092262
77,96,0.00013163740476856498
77,97,8.227337798035312e-05
77,101,0.0025175653661988055
77,103,9.872805357642374e-05
77,104,0.00016454675596070623
77,105,0.00037845753870962434
77,106,0.00023036545834498873
77,107,0.0001480920803646356
77,108,0.00026327480953712996
77,109,0.00011518272917249437
77,115,8.227337798035312e-05
77,118,0.0024682013394105935
77,119,8.227337798035312e-05
77,120,8.227337798035312e-05
77,121,0.00037845753870962434
77,122,0.00019745610715284748
77,123,0.0002139107827489181
77,125,0.0005100949434781893
77,129,0.00024682013394105933
77,130,0.0002139107827489181
78,78,0.9774470069222768
78,79,0.004314766328323948
78,80,0.00223090993866791
78,81,0.0026971772891933575
78,82,0.004027832574154442
78,83,0.0013880420357949858
78,84,0.00044833399088985333
78,85,2.869337541695061e-05
78,86,3.2280047344069436e-05
78,87,2.869337541695061e-05
78,88,7.532011046949536e-05
78,89,6.0973422761020046e-05
78,91,8.608012625085183e-05
78,92,0.00036942720849323914
78,95,0.003267458125605251
78,96,0.00012912018937627775
78,97,0.00019368028406441663
78,98,0.00039812058391018975
78,99,0.000269000394533912
78,100,0.00033356048922205083
78,101,2.1520031562712958e-05
78,103,2.5106703489831784e-05
78,104,7.890678239661418e-05
78,105,7.173343854237653e-05
78,106,6.81467666152577e-05
78,107,6.81467666152577e-05
78,108,0.0007998278397474983
78,109,5.738675083390122e-05
78,111,3.586671927118826e-05
78,112,3.2280047344069436e-05
78,113,0.00016498690864746602
78,115,0.0001470535490118719
78,116,5.021340697966357e-05
78,118,2.869337541695061e-05
78,120,3.945339119830709e-05
78,121,7.890678239661418e-05
78,122,4.662673505254474e-05
78,123,5.021340697966357e-05
78,125,6.81467666152577e-05
78,126,2.1520031562712958e-05
78,128,2.869337541695061e-05
78,129,4.3040063125425915e-05
78,130,6.0973422761020046e-05
79,79,0.9731579895514322
79,80,0.0027022158169699153
79,81,0.004383594547528974
79,82,0.007986548970155528
79,83,0.0016213294901819492
79,95,0.0035429051822494445
79,97,0.00030024620188554615
79,100,0.0027622650573470246
79,108,0.0011409355671650754
80,80,0.9675764192139737
80,81,0.0054585152838427945
80,82,0.007914847161572052
80,83,0.0014737991266375546
80,98,0.009061135371179039
80,100,0.0006550218340611354
80,113,0.005786026200873363
80,115,0.001200873362445415
81,81,0.9792352156514006
81,82,0.008892841262783458
81,83,0.0011560693641618498
81,95,0.004179635393508226
81,97,0.0003112494441974211
81,98,0.0017341040462427746
81,100,0.0011116051578479323
81,108,0.0011560693641618498
81,113,0.0010226767452200978
81,115,0.00040017785682525564
82,82,0.98371755602128
82,83,0.0019345477994518782
82,84,0.0001934547799451878
82,95,0.005158794131871675
82,96,0.0002901821699177817
82,97,0.0005481218765113655
82,98,0.0019023053361276801
82,100,0.0017088505561824922
82,108,0.0012574560696437208
82,113,0.0017410930195066903
82,115,0.0008060615831049493
83,83,0.9635495933994183
83,89,0.0034807384103994776
83,90,0.005330325874042857
83,91,0.003915237134207871
83,92,0.0032243129340535407
83,93,0.002343443936605924
83,94,0.00029916305573692644
83,95,3.798895945865733e-05
83,96,0.00036801804475574285
83,97,0.00018519617736095448
83,98,9.259808868047724e-05
83,100,0.0006173205912031815
83,101,0.00011871549830830414
83,102,0.00011396687837597199
83,103,0.0003181575354662551
83,104,0.00036564373478957675
83,105,0.0004487445836053897
83,106,0.00051522526265804
83,107,0.00036564373478957675
83,108,0.0006909242001543302
83,109,0.0006125719712708495
83,110,0.00014720721790229715
83,113,4.0363269424823414e-05
83,114,0.00014958152786846322
83,115,0.00023505668665044221
83,117,0.004734374072535169
83,118,0.0003205318454324212
83,119,0.00039650976434973587
83,120,0.000543716982252033
83,121,0.001032824835282246
83,122,0.0008262598682257969
83,123,0.0010067074256544192
83,124,0.00015195583783462932
83,125,0.0011064284442333947
83,126,0.00026354840624443523
83,127,0.00019944203715795096
83,128,0.00038226390455273933
83,129,0.0005698343918798599
83,130,0.0006553095506618389
83,131,0.00024455392651510655
84,84,0.9265849680889432
84,85,0.003195025952235342
84,86,0.006111712220288219
84,87,0.005115961800818554
84,88,0.00959291841119004
84,90,0.005006194038042371
84,91,0.0002548180207304261
84,102,0.005045396810462436
84,103,0.00039594800144266204
84,104,0.0006664471311411143
84,105,0.000721331012529206
84,106,0.0009683084787756191
84,109,0.011129667090056609
84,110,0.0009996706967116715
84,114,0.001187844004327986
84,115,0.00034106412005457026
84,123,0.014493264963698233
84,124,0.0013524956484922614
84,125,0.0018974141851311724
84,126,0.0020385441658434087
84,127,0.00036850606074861615
84,128,0.0006546862994150946
84,129,0.0007722946166752913
84,131,0.0011055181822458484
85,85,0.8379982197606567
85,86,0.012263871031549797
85,87,0.0082088814162793
85,88,0.02007714370487588
85,90,0.007417663930372861
85,102,0.008901196716447433
85,103,0.0011868262288596578
85,104,0.0006923153001681337
85,105,0.0013846306003362674
85,106,0.0024725546434576206
85,114,0.043813668282069035
85,115,0.019582632776184352
85,123,0.02116506774799723
85,124,0.004450598358223716
85,125,0.0028681633864108395
85,126,0.0024725546434576206
85,127,0.0008901196716447434
85,128,0.0011868262288596578
85,129,0.000989021857383048
85,131,0.001681337157551182
86,86,0.8785161339771596
86,87,0.009274162642753124
86,88,0.016325592090135663
86,90,0.0062849697248409594
86,91,0.0005365218057791063
86,103,0.00743465930865333
86,104,0.0007664597225415804
86,105,0.002222733195370583
86,106,0.0026059630566413737
86,109,0.025676400705142946
86,110,0.002146087223116425
86,114,0.005518510002299379
86,115,0.001992795278608109
86,125,0.016325592090135663
86,127,0.005978385835824327
86,128,0.0068981375028742235
86,129,0.004752050279757798
86,131,0.0067448455583659075
87,87,0.895057128663686
87,88,0.011984600099354198
87,90,0.00527819175360159
87,91,0.00031048186785891704
87,102,0.005340288127173373
87,103,0.0022354694485842027
87,104,0.0009935419771485345
87,105,0.0013040238450074517
87,106,0.00254595131644312
87,109,0.026825633383010434
87,110,0.002856433184302037
87,114,0.005774962742175857
87,115,0.0014903129657228018
87,123,0.016703924490809735
87,124,0.0027943368107302535
87,126,0.001800794833581719
87,129,0.014530551415797318
87,131,0.002173373075012419
88,88,0.9185990823278593
88,90,0.005206321741414204
88,91,0.00040167467441177835
88,102,0.005129076611719631
88,103,0.0014831064901357968
88,104,0.0008342474007013858
88,105,0.0011277788935407623
88,106,0.0018847811645475753
88,110,0.019295833397704274
88,114,0.00553075128613141
88,115,0.0018075360348530024
88,126,0.020840735991595728
88,131,0.01785907398538522
89,89,0.9417542888765911
89,90,0.008439402324294411
89,91,0.006848367459878251
89,92,0.0035971223021582736
89,93,0.0035971223021582736
89,94,0.0005534034311012728
89,96,0.0009684560044272275
89,97,0.00041505257332595465
89,100,0.0021444382955174324
89,101,0.0003458771444382955
89,103,0.0005534034311012728
89,104,0.000691754288876591
89,105,0.0005534034311012728
89,106,0.0011759822910902048
89,107,0.000691754288876591
89,108,0.002075262866629773
89,109,0.0008992805755395684
89,114,0.00041505257332595465
89,115,0.000691754288876591
89,117,0.008370226895406752
89,119,0.00048422800221361375
89,120,0.0011068068622025456
89,121,0.0017293857221914776
89,122,0.0024211400110680688
89,123,0.001383508577753182
89,125,0.002213613724405091
89,126,0.0005534034311012728
89,127,0.00048422800221361375
89,128,0.0006225788599889319
89,129,0.0016602102933038186
89,130,0.001314333148865523
90,90,0.9058839190628328
90,91,0.004792332268370607
90,102,0.006056975505857295
90,103,0.0013312034078807242
90,104,0.0015308839190628328
90,105,0.0011980830670926517
90,106,0.001996805111821086
90,109,0.017838125665601706
90,110,0.008985623003194889
90,114,0.0059904153354632585
90,115,0.0017305644302449414
90,123,0.01683972310969116
90,124,0.0023296059637912675
90,125,0.002862087326943557
90,126,0.008320021299254526
90,127,0.0011980830670926517
90,128,0.0014643237486687967
90,129,0.0023296059637912675
90,131,0.007321618743343983
91,91,0.9731879524533024
91,92,0.003425983853189144
91,93,0.0028301605743736406
91,94,0.00023832931152620133
91,96,0.0002681204754669765
91,97,0.0002681204754669765
91,98,0.00014895581970387583
91,100,0.000357493967289302
91,101,0.00023832931152620133
91,102,0.00038728513123007717
91,103,0.00032770280334852683
91,104,0.000536240950933953
91,105,0.00041707629517085234
91,106,0.0005064497869931778
91,107,0.000357493967289302
91,108,0.0006851967706378288
91,109,0.0009235260821640302
91,110,0.00047665862305240267
91,114,0.00014895581970387583
91,115,0.00041707629517085234
91,117,0.004766586230524027
91,118,0.00023832931152620133
91,119,0.000178746983644651
91,120,0.0008639437542824798
91,121,0.0013406023773348825
91,122,0.0006256144427562785
91,123,0.0010128995739863557
91,125,0.001251228885512557
91,126,0.0006554056066970537
91,127,0.000178746983644651
91,128,0.00047665862305240267
91,129,0.0006554056066970537
91,130,0.0008341525903417047
91,131,0.0005958232788155033
92,92,0.9174487496615436
92,101,0.004098191380489305
92,102,0.006365275973951473
92,103,0.008545165006126636
92,104,0.00811377643975934
92,105,0.01212477225896164
92,106,0.010761767958843696
92,107,0.014194519529511108
92,108,0.001399718220659841
92,109,0.00130334417923736
92,110,0.00025699744379328225
92,113,5.966012088058338e-05
92,114,0.00027535440406423103
92,115,0.0005139948875865645
92,119,0.007154625265602269
92,120,0.0006883860101605775
92,121,0.001050935975511815
92,122,0.001000454334766706
92,123,0.001023400535105392
92,124,0.0001973373229126989
92,125,0.0013171118994405717
92,126,0.00029371136433517975
92,127,0.0002799436441319682
92,128,0.0003579607252835003
92,129,0.0005369410879252505
92,130,0.00047728096704466707
92,131,0.00016062340237080143
93,93,0.9479535859480871
93,94,0.002628870009381841
93,95,0.003039325549880121
93,96,0.003850463879912436
93,97,0.001794928593766288
93,98,0.0020718232044198894
93,99,0.0019806108620869386
93,100,0.00539130094860836
93,107,0.006687819243198165
93,108,0.00787032210987178
93,109,0.005244709684144689
93,110,0.0016646252475763577
93,111,0.00010750026060669238
93,112,0.00019545501928489525
93,113,0.000384394871260294
93,114,0.0008762900031272803
93,115,0.001348639633065777
93,116,0.00040068278953403523
93,117,0.0003518190347128114
93,118,0.00012704576253518192
93,119,0.0002671218596893568
93,120,0.0005961378088189305
93,121,0.0007459866569373501
93,122,0.0009544720108412384
93,124,0.0009544720108412384
93,125,0.0006515167309496508
93,126,0.0003485614510580632
93,127,0.00011401542791618889
93,128,0.00025083394141561555
93,129,0.0004723496299384968
93,130,0.0004886375482122381
93,131,0.00018568226832065048
94,94,0.9027645376549094
94,95,0.003145853193517636
94,96,0.010676835081029552
94,97,0.004957102001906578
94,98,0.00228789323164919
94,99,0.004099142040038132
94,100,0.011344137273593898
94,107,0.018493803622497616
94,108,0.011344137273593898
94,109,0.0111534795042898
94,110,0.002478551000953289
94,112,0.0010486177311725452
94,114,0.0012392755004766445
94,115,0.0018112488083889418
94,116,0.000667302192564347
94,117,0.000667302192564347
94,119,0.00047664442326024784
94,120,0.0008579599618684462
94,121,0.002478551000953289
94,122,0.002001906577693041
94,124,0.001525262154432793
94,125,0.0012392755004766445
94,128,0.00047664442326024784
94,129,0.0009532888465204957
94,130,0.0005719733079122975
95,95,0.9731470363497435
95,96,0.002128588582032529
95,97,0.0017465342211548957
95,98,0.006003711385219954
95,99,0.0005457919441109049
95,100,0.004257177164065058
95,107,0.0012553214714550814
95,108,0.006986136884619583
95,109,0.0012553214714550814
95,113,0.0010915838882218098
95,115,0.0005457919441109049
96,96,0.8880384867701727
96,97,0.006414461695458853
96,98,0.002259639915445732
96,100,0.025512063561484073
96,107,0.013922297543552738
96,108,0.012683140170566367
96,109,0.01567169618776879
96,110,0.005321087542823821
96,111,0.004665063051242802
96,113,0.0004373496610540127
96,114,0.0024783147459727386
96,115,0.0032801224579050953
96,116,0.0009475909322836941
96,117,0.0009475909322836941
96,118,0.000656024491581019
96,119,0.0003644580508783439
96,120,0.0007289161017566878
96,121,0.0020409650849187258
96,122,0.0040090385596617826
96,124,0.0025512063561484075
96,126,0.000656024491581019
96,127,0.0027698811866754135
96,128,0.0007289161017566878
96,129,0.0016765070340403819
96,130,0.000656024491581019
97,97,0.9261814196376765
97,98,0.00760750435175037
97,99,0.002127522403455612
97,100,0.009799497131068273
97,107,0.007478563600025788
97,109,0.006382567210366836
97,110,0.001611759396557282
97,115,0.02920508026561795
97,116,0.0007736445103474954
97,118,0.0003223518793114564
97,119,0.0003223518793114564
97,120,0.0008381148862097866
97,121,0.0010315260137966605
97,122,0.001160466765521243
97,124,0.001160466765521243
97,125,0.0007736445103474954
97,126,0.0003223518793114564
97,128,0.0006447037586229128
97,129,0.0005802333827606215
97,130,0.0006447037586229128
98,98,0.963918808431979
98,99,0.0005687675518111692
98,100,0.005012264050335928
98,107,0.0018484945433862997
98,109,0.00202623440332729
98,110,0.00046212363584657493
98,113,0.018556041377839394
98,114,0.00024883580391738653
98,115,0.005687675518111692
98,116,0.00017773985994099038
98,126,0.00024883580391738653
98,130,0.00017773985994099038
99,99,0.9204460778741839
99,111,0.0048581905134779
99,112,0.0027869342460332494
99,116,0.00324581012642241
99,117,0.006335855045740243
99,118,0.001961799635425218
99,119,0.009627973747247796
99,120,0.006222188543258524
99,121,0.00439931463308874
99,122,0.00649162025284482
99,123,0.010490997192016401
99,124,0.0025217124069092395
99,125,0.010709910456055268
99,126,0.0023112188837949455
99,127,0.0018060344283206407
99,128,0.0008125049992211739
99,129,0.0024122557748898067
99,130,0.0019365404126515026
99,131,0.0006230608284183096
100,100,0.9374189964821329
100,107,0.010442510646176633
100,108,0.009479725976670987
100,109,0.010701721903351231
100,110,0.004406591371968154
100,113,0.002036659877800407
100,114,0.0013701166450657285
100,115,0.005147194963895575
100,125,0.004295500833179041
100,127,0.0028513238289205704
100,128,0.002295871134975005
100,129,0.005073134604702833
100,130,0.0033327161636733937
100,131,0.0011479355674875024
101,101,0.9212447844228094
101,102,0.007214881780250348
101,103,0.00817107093184979
101,104,0.009909596662030598
101,105,0.011474269819193325
101,106,0.008779554937413074
101,107,0.014168984700973575
101,108,0.001564673157162726
101,109,0.001303894297635605
101,110,0.000521557719054242
101,115,0.0012169680111265646
101,119,0.006780250347705146
101,120,0.0008692628650904034
101,121,0.001043115438108484
101,122,0.0012169680111265646
101,123,0.0008692628650904034
101,125,0.0011300417246175244
101,126,0.0006954102920723226
101,129,0.0004346314325452017
101,130,0.0004346314325452017
102,102,0.8671137887916335
102,103,0.014777765147209276
102,104,0.014550414914175287
102,105,0.013413663749005343
102,106,0.01693759236103217
102,109,0.02466750028418779
102,110,0.00693418210753666
102,114,0.006365806524951688
102,115,0.0018188018642719109
102,123,0.016255541661930203
102,124,0.002614527679890872
102,125,0.0018188018642719109
102,126,0.006365806524951688
102,127,0.0005683755825849721
102,128,0.000795725815618961
102,129,0.0014777765147209276
102,131,0.003523928612026827
103,103,0.866230677764566
103,104,0.017954815695600475
103,105,0.020927467300832343
103,106,0.02235434007134364
103,107,0.026159334126040427
103,108,0.002497027348394768
103,109,0.00535077288941736
103,110,0.0023781212841854932
103,114,0.0008323424494649227
103,115,0.0013079667063020215
103,125,0.012604042806183116
103,127,0.002972651605231867
103,128,0.005112960760998811
103,129,0.004518430439952438
103,130,0.004994054696789536
103,131,0.0036860879904875147
104,104,0.9002660794568309
104,105,0.016240022020368842
104,106,0.01890081658867786
104,107,0.03303055326176713
104,108,0.002110285347279567
104,109,0.00761537755757409
104,110,0.0011010184420589045
104,114,0.0007340122947059363
104,115,0.0011927699788971465
104,119,0.005596843747132764
104,120,0.0011010184420589045
104,121,0.0013762730525736307
104,122,0.0011927699788971465
104,123,0.0016515276630883566
104,125,0.0018350307367648408
104,126,0.0007340122947059363
104,127,0.0012845215157353885
104,128,0.0012845215157353885
104,129,0.0010092669052206625
104,130,0.0004587576841912102
104,131,0.0008257638315441783
105,105,0.9269073966220152
105,106,0.022306348281887014
105,107,0.019044845661036692
105,108,0.00227140361094933
105,109,0.004018637157833431
105,110,0.00104834012813046
105,114,0.0015725101921956902
105,115,0.0011648223645894002
105,119,0.008037274315666861
105,120,0.0007571345369831101
105,121,0.0009318578916715201
105,122,0.0011065812463599302
105,123,0.0013395457192778102
105,124,0.00029120559114735004
105,125,0.0025043680838672104
105,126,0.00122306348281887
105,127,0.0009900990099009901
105,128,0.0008736167734420501
105,129,0.0011648223645894002
105,130,0.00128130460104834
105,131,0.00104834012813046
106,106,0.9164572864321608
106,107,0.04043655778894473
106,108,0.0036118090452261307
106,109,0.010678391959798994
106,110,0.0027481155778894474
106,114,0.001256281407035176
106,115,0.00157035175879397
106,119,0.005496231155778895
106,120,0.000785175879396985
106,121,0.001256281407035176
106,122,0.0009422110552763819
106,123,0.003062185929648241
106,124,0.000785175879396985
106,125,0.0024340452261306534
106,126,0.001256281407035176
106,127,0.0009422110552763819
106,128,0.00157035175879397
106,129,0.0018059045226130653
106,130,0.0011777638190954773
106,131,0.00157035175879397
107,107,0.9402626333685075
107,108,0.011959198030249736
107,109,0.019345761519521634
107,110,0.003751905264392074
107,113,0.0008207292765857662
107,114,0.0017587055926837848
107,115,0.005276116778051354
107,119,0.005745104936100363
107,120,0.0008793527963418924
107,121,0.0011724703951225231
107,122,0.001465587993903154
107,124,0.0015242115136592802
107,125,0.0015828350334154062
107,126,0.0004103646382928831
107,127,0.0002931175987806308
107,128,0.0009379763160980185
107,129,0.0013483409543909016
107,130,0.0008793527963418924
107,131,0.0005862351975612616
108,108,0.9371657754010695
108,113,0.006825218125527723
108,114,0.015110470025330707
108,115,0.02518998029833943
108,116,0.004204193639178159
108,117,0.00035181536729524343
108,119,0.0005277230509428652
108,120,0.0011433999437095413
108,121,0.0012841260906276387
108,122,0.0011433999437095413
108,124,0.0012665353222628764
108,125,0.0013017168589924007
108,126,0.0005629045876723895
108,127,0.0005453138193076273
108,128,0.0005453138193076273
108,129,0.0010554461018857304
108,130,0.0010554461018857304
108,131,0.0006508584294962004
109,109,0.9234578875519858
109,110,0.01727038953617575
109,114,0.01685767802152449
109,115,0.006984348709482841
109,124,0.019302200069843487
109,125,0.0033969332359757454
109,126,0.002857233562970253
109,127,0.001396869741896568
109,128,0.002254039810787644
109,129,0.003714403631861329
109,131,0.002508016127496111
110,110,0.9299333145486992
110,114,0.017469709777402084
110,115,0.007419930496853574
110,126,0.02310510002817695
110,131,0.022071945148868226
111,111,0.8790719475041012
111,112,0.00429653933286462
111,116,0.005702679478165769
111,117,0.008046246387001016
111,118,0.0029685180845246467
111,119,0.012186547925943286
111,120,0.007421295211311616
111,121,0.006249511756893993
111,122,0.011405358956331537
111,123,0.013905163659089134
111,124,0.007186938520428092
111,126,0.0036715881571752207
111,127,0.02991953753612999
111,128,0.0011717834544176236
111,129,0.004218420435903445
111,130,0.0016404968361846731
111,131,0.0009374267635340989
112,112,0.930735056542811
112,116,0.0026252019386106625
112,117,0.006125471190091545
112,118,0.0026252019386106625
112,119,0.011510500807754443
112,120,0.005317716747442111
112,121,0.00639472267097469
112,122,0.004779213785675821
112,123,0.00942380183091007
112,124,0.0022886375875067312
112,125,0.008414108777598277
112,126,0.0018174474959612278
112,127,0.003432956381260097
112,128,0.0008077544426494346
112,129,0.0010770059235325794
112,130,0.0018174474959612278
112,131,0.0008077544426494346
113,113,0.9815136672460104
113,114,0.004266076789382209
113,115,0.01161320903776268
113,116,0.0003950071101279823
113,125,0.0004740085321535788
113,130,0.0004740085321535788
114,114,0.9007844437078776
114,115,0.05469008949287372
114,124,0.016241299303944315
114,125,0.003314550878355983
114,126,0.010054137664346482
114,127,0.0017677604684565242
114,128,0.001436305380620926
114,129,0.0016572754391779914
114,131,0.010054137664346482
115,115,0.9744954128440367
115,116,0.004342507645259939
115,117,0.0004892966360856269
115,119,0.0009174311926605505
115,120,0.0012232415902140672
115,121,0.0012844036697247706
115,122,0.0007339449541284404
115,124,0.004220183486238532
115,125,0.0019571865443425078
115,126,0.003180428134556575
115,127,0.0009785932721712539
115,128,0.0015290519877675841
115,129,0.0010397553516819573
115,130,0.0009174311926605505
115,131,0.0026299694189602448
116,116,0.8863733971409289
116,117,0.008466777102889747
116,118,0.0017178968034848763
116,119,0.014234002086017546
116,120,0.010184673906374625
116,121,0.007362414872078042
116,122,0.007546475243879993
116,123,0.01233204491073072
116,124,0.013068286397938524
116,125,0.018651451009264373
116,126,0.005030983495919995
116,127,0.006135345726731701
116,128,0.0016565433462175593
116,129,0.0031290263206331676
116,130,0.0029449659488312166
116,131,0.0011657156880790233
117,117,0.9267512240255985
117,118,0.0015420794941979259
117,119,0.010756004472030534
117,120,0.0057827981032422225
117,121,0.0051659663055630516
117,122,0.007132117660665407
117,123,0.012914915763907629
117,124,0.0045491345078838815
117,125,0.011180076332934963
117,126,0.0025444311654265776
117,127,0.004896102394078415
117,128,0.0010409036585836
117,129,0.002660087127491422
117,130,0.0021974632792320444
117,131,0.0008866957091638074
118,118,0.9657967192771552
118,119,0.006592469073564199
118,120,0.003063559157715128
118,121,0.002287974560825222
118,122,0.0031798968472486135
118,123,0.0058556637065187885
118,124,0.0010082599759568774
118,125,0.0059720013960522745
118,126,0.0010082599759568774
118,127,0.0022104161011362315
118,128,0.000542909217822934
118,129,0.0011633768953348586
118,130,0.0011245976654903633
118,131,0.00019389614922247643
119,119,0.9248102798081848
119,120,0.006471437217747567
119,121,0.0070766795474649655
119,122,0.007216350854322827
119,123,0.012989431537781088
119,124,0.006098980399459938
119,125,0.021555938358396573
119,126,0.0018157269891521952
119,127,0.006331765910889706
119,128,0.001163927557148843
119,129,0.0024209693188695937
119,130,0.0013501559662926579
119,131,0.0006983565342893059
120,120,0.9266351544465208
120,121,0.005188523689128284
120,122,0.006859404199186545
120,126,0.028448939210728812
120,130,0.0265142354622403
120,131,0.0063537429921952295
121,121,0.9315669482920474
121,122,0.008831925206429489
121,123,0.011015958771576911
121,124,0.003774163266088089
121,126,0.008851083395597448
121,128,0.022415081326513018
121,129,0.0029312029426978563
121,130,0.007701592045519857
121,131,0.0029120447535298964
122,122,0.9375230187163089
122,123,0.01208691867278267
122,124,0.0047041885693240035
122,126,0.006545685874041585
122,129,0.031707235410319085
122,130,0.005440787491211035
122,131,0.001992165266012656
123,123,0.9234063181708007
123,124,0.024211575233632276
123,125,0.011526756618458969
123,126,0.019404271363550673
123,127,0.004241738708895532
123,128,0.004564918801001858
123,129,0.008079502302658156
123,131,0.004564918801001858
124,124,0.9143723162414751
124,125,0.014818556874631642
124,126,0.02955291740338469
124,127,0.009345794392523364
124,128,0.00825124189610171
124,129,0.015744716679296118
124,131,0.007914456512587353
125,125,0.9418627743024526
125,127,0.016036143381987885
125,128,0.0077615595935524445
125,129,0.014546718300069506
125,130,0.01070731142223546
125,131,0.009085492999702115
126,126,0.9462061713384378
126,131,0.053793828661562224
127,127,0.9439549941619786
127,128,0.009553125995117292
127,129,0.025793440186816684
127,130,0.00902239677316633
127,131,0.011676042882921133
128,128,0.9554669325357261
128,129,0.018001550902847014
128,130,0.0128503378752631
128,131,0.01368117868616373
129,129,0.9826993432362146
129,130,0.009300480451359809
129,131,0.008000176312425618
130,130,0.9666066308902448
130,131,0.033393369109755204
131,131,1.0
