source,target,value
0,0,0.8989839166791249
0,1,0.005109347246094174
0,2,7.583354664511527e-05
0,3,3.5892281464136545e-05
0,4,0.0004412347352334282
0,5,0.00010744174211207686
0,6,2.66971700555659e-05
0,7,0.0002391251415740218
0,8,0.00019150386856883915
0,9,0.00015717893564025443
0,10,0.0002476149461415941
0,11,0.00016820262034030218
0,12,0.0001810810008074196
0,13,0.00011279684960854555
0,14,0.00013863197796955796
0,15,0.0002803986530102196
0,16,0.00012332420727233524
0,17,0.0001356540157520095
0,18,0.00010443765741893589
0,19,0.0003656362908686457
0,20,0.00039972612151689766
0,21,0.00014717402748831536
0,22,0.00018795121188825505
0,23,0.0005518895418433863
0,24,0.0005879646806366706
0,25,0.00036239710389517196
0,26,0.0002322288080175938
0,27,0.00017901732523560972
0,28,0.00030994317290537125
0,29,0.0008860743720986256
0,30,0.0007439681048752612
0,31,0.0008672923121475964
0,32,0.00035079872473208856
0,33,0.00046589435219277674
0,34,0.00045413923817613815
0,35,0.0007014929595618069
0,36,0.001266522106628236
0,37,0.00048559069878954456
0,38,0.000692872542616272
0,39,0.0009397038144900902
0,40,0.00038081344918790576
0,41,0.0011820420205619932
0,42,0.0006935778494572703
0,43,0.0005033801046680576
0,44,0.0013716128259369852
0,45,0.00047924293722055974
0,46,0.002215003072917416
0,47,0.002402353467867043
0,48,0.0026972239723555246
0,49,0.0008102147029779178
0,50,5.613720004834748e-05
0,51,0.0018802696706747338
0,52,0.0016220489994425724
0,53,0.0015721289485852471
0,54,5.4752708841943374e-05
0,55,0.001291260091014362
0,56,0.0024688874132012175
0,57,0.0003467236185396538
0,58,0.00239313223398288
0,59,0.0005727352773662255
0,60,0.00016274302294146337
0,61,0.0019721685398092553
0,62,0.003366716899316482
0,63,0.004949869532601777
0,64,0.0009810295708774731
0,65,0.0008215779798606685
0,66,6.478373946947498e-05
0,67,0.0033981161149787033
0,68,0.0028026020388957915
0,69,0.0004067530674512883
0,70,0.002304942756382498
0,71,7.525885218207961e-05
0,72,0.0002707594595165759
0,73,0.00023442309596736634
0,74,0.0003117195012456633
0,75,0.004205143875934333
0,76,3.1843297747294356e-05
0,77,0.0005865540669546739
0,78,0.0022949378482305586
0,79,0.00023695697609984177
0,80,0.0001993144887710057
0,81,0.00021629409790615035
0,82,6.180577725192654e-05
0,83,0.005003760199749167
0,84,0.0014808570188649466
0,85,0.00010752010953885446
0,86,0.00021921981517251374
0,87,0.00014693892520798257
0,88,0.0004895874375552017
0,89,0.0002740508914412347
0,90,0.00011175195058484435
0,91,0.0006666194546457791
0,92,0.0028216714460783388
0,93,0.001248445353518205
0,94,2.889145800533844e-05
0,95,0.00010446377989452841
0,96,5.203597138032023e-05
0,97,5.0285765515620705e-05
0,98,0.0001707887454239627
0,99,0.0031462432053155267
0,100,0.00011245725742584267
0,101,0.00015563770958029516
0,102,0.00011028909195166266
0,103,0.00013492258643541867
0,104,4.064657202197705e-05
0,105,0.00021412593243197035
0,106,0.00015838056951751083
0,107,9.074948020845004e-05
0,108,0.00018468590243918878
0,109,0.0002057928627179532
0,110,6.61682306758791e-05
0,111,0.00014866300859708956
0,112,0.00020675939431487683
0,113,1.9200019560509722e-05
0,114,5.187923652676505e-05
0,115,3.1712685369331706e-05
0,116,0.00023100105166474488
0,117,0.00042887880427816143
0,118,0.00012167849131000585
0,119,0.0004344167691037778
0,120,0.0005272560473596303
0,121,0.0010456043305422079
0,122,0.0006079222519893636
0,123,0.0012291930890065102
0,124,0.00013364258513138468
0,125,0.0013817483464668868
0,126,0.000564140982896283
0,127,0.00011415521833935713
0,128,0.00046790578281340157
0,129,0.000469551498775731
0,130,0.0007623060827412173
0,131,0.00043695064923625327
1,1,0.904520655685478
1,2,7.09346952794827e-05
1,3,5.6001075220644236e-05
1,4,0.00027004962939732887
1,5,8.71127836765577e-05
1,6,2.2400430088257694e-05
1,7,0.00014560279557367502
1,8,0.00015929194729427695
1,9,0.00012569130216189038
1,10,0.00025138260432378077
1,11,0.00014435832723543848
1,12,0.0001157355554559981
1,13,0.00017547003569135195
1,14,0.00016302535230898655
1,15,0.0001393804538824923
1,16,0.00025511600933849043
1,17,9.955746705892308e-05
1,18,0.0001518251372648577
1,19,0.0007193026995007193
1,20,0.00031360602123560775
1,21,8.213491032361155e-05
1,22,0.00015929194729427695
1,23,0.0005724554355888078
1,24,0.0019301703926048713
1,25,0.0005201877653828732
1,26,0.0003584068814121231
1,27,9.457959370597694e-05
1,28,0.00015680301061780387
1,29,0.0009009950768832539
1,30,0.000757881217986052
1,31,0.0005276545754122924
1,32,0.00027253856607380194
1,33,0.0005139654236916905
1,34,0.0003036502745297154
1,35,0.0007802816480743097
1,36,0.0008611720900596848
1,37,0.0002314711109119962
1,38,0.0006782352443389135
1,39,0.0005575218155299692
1,40,0.0003036502745297154
1,41,0.0009370846586921136
1,42,0.00040694114660334813
1,43,0.0004890760569269596
1,44,0.0011013544793393366
1,45,0.0006645460926183116
1,46,0.0018592356973253887
1,47,0.001968748911090204
1,48,0.002116840643340352
1,49,0.0007404586612507404
1,50,4.106745516180577e-05
1,51,0.0016725654465899078
1,52,0.0014261607156190732
1,53,0.0015082956259426848
1,54,0.00010080193539715963
1,55,0.0007168137628242462
1,56,0.002165374908531577
1,57,0.00019289259242666348
1,58,0.0022935551473699405
1,59,0.0007441920662654501
1,60,0.0001904036557501904
1,61,0.0009694408354862635
1,62,0.003214461717664979
1,63,0.0030713478587677773
1,64,0.0007529033446331059
1,65,0.0005749443722652809
1,66,3.608958180885962e-05
1,67,0.0037632722548272927
1,68,0.0019612821010607847
1,69,0.0002837387811179308
1,70,0.0013888266654719771
1,71,4.728979685298847e-05
1,72,0.0002152930225149212
1,73,0.00017173663067664234
1,74,0.0002227598325443404
1,75,0.0032306398060620543
1,76,1.866702507354808e-05
1,77,0.0004604532851475193
1,78,0.0014983398792367925
1,79,0.00020035940245608273
1,80,0.00012444683382365385
1,81,0.0001580474789560404
1,82,3.9822986823569237e-05
1,83,0.005132187426887485
1,84,0.0018206571788400559
1,85,0.0001393804538824923
1,86,0.0002936945278238231
1,87,0.0002600938826914366
1,88,0.0006570792825888924
1,89,0.00038578518485332696
1,90,0.0001904036557501904
1,91,0.000644634599206527
1,92,0.004374306208901433
1,93,0.0012233123764865174
1,94,2.9867240117676926e-05
1,95,8.462384700008462e-05
1,96,7.342363195595578e-05
1,97,5.47566068824077e-05
1,98,0.0001418693905589654
1,99,0.004773780545475362
1,100,0.0001157355554559981
1,101,0.00020533727580902887
1,102,0.00021778195919139426
1,103,0.00017671450402958848
1,104,5.6001075220644236e-05
1,105,0.00035591794473565004
1,106,0.00026880516105909233
1,107,0.0001518251372648577
1,108,0.0002152930225149212
1,109,0.00033102857797091926
1,110,0.00010453534041186924
1,111,0.0002999168695150058
1,112,0.0003123615528973712
1,113,1.742255673531154e-05
1,114,9.084618869126731e-05
1,115,3.2356176794150005e-05
1,116,0.0003932519948827462
1,117,0.0007977042048096212
1,118,0.00011200215044128847
1,119,0.0008773501784567597
1,120,0.000755392281309579
1,121,0.0015182513726485771
1,122,0.0009569961521038982
1,123,0.0024528470946642176
1,124,0.00024391579429436155
1,125,0.0021778195919139424
1,126,0.000871127836765577
1,127,0.00022524876922081348
1,128,0.0007665924963537078
1,129,0.0007628590913389982
1,130,0.000933351253677404
1,131,0.0006334343841623982
2,2,0.9172831203765972
2,7,0.0004203093476798924
2,10,0.0004203093476798924
2,12,0.0004203093476798924
2,14,0.0004203093476798924
2,17,0.0005884330867518494
2,23,0.0005884330867518494
2,24,0.0004203093476798924
2,25,0.0004203093476798924
2,26,0.0004203093476798924
2,29,0.0004203093476798924
2,30,0.0007565568258238063
2,31,0.0004203093476798924
2,33,0.0006724949562878278
2,35,0.0012609280430396772
2,39,0.0005884330867518494
2,40,0.0004203093476798924
2,41,0.0004203093476798924
2,42,0.0007565568258238063
2,44,0.0014290517821116341
2,45,0.0005043712172158709
2,46,0.0017652992602555481
2,47,0.0018493611297915266
2,48,0.004034969737726967
2,49,0.0010928043039677203
2,51,0.0018493611297915266
2,52,0.0015131136516476126
2,53,0.0011768661735036988
2,56,0.0011768661735036988
2,58,0.0026899798251513113
2,59,0.0009246805648957633
2,62,0.003698722259583053
2,63,0.0017652992602555481
2,64,0.0004203093476798924
2,65,0.0010087424344317419
2,67,0.0026899798251513113
2,68,0.0010928043039677203
2,70,0.0009246805648957633
2,75,0.003950907868190989
2,77,0.0005043712172158709
2,78,0.001597175521183591
2,83,0.0035305985205110963
2,84,0.0034465366509751176
2,86,0.0005884330867518494
2,88,0.0009246805648957633
2,91,0.0008406186953597848
2,92,0.0026899798251513113
2,93,0.0024377942165433758
2,99,0.0037827841291190314
2,109,0.0004203093476798924
2,116,0.0006724949562878278
2,117,0.0004203093476798924
2,119,0.0008406186953597848
2,120,0.0005884330867518494
2,121,0.0005043712172158709
2,123,0.0013449899125756557
2,125,0.0012609280430396772
2,126,0.0008406186953597848
3,3,0.8885581395348837
3,10,0.0016744186046511627
3,17,0.0011162790697674418
3,23,0.0014883720930232557
3,24,0.0011162790697674418
3,26,0.0018604651162790699
3,29,0.0013023255813953488
3,30,0.0011162790697674418
3,31,0.0009302325581395349
3,36,0.0016744186046511627
3,40,0.0009302325581395349
3,41,0.002046511627906977
3,42,0.0009302325581395349
3,44,0.0016744186046511627
3,46,0.0016744186046511627
3,47,0.0014883720930232557
3,48,0.0048372093023255815
3,51,0.0016744186046511627
3,52,0.0014883720930232557
3,53,0.0011162790697674418
3,55,0.0014883720930232557
3,56,0.0018604651162790699
3,58,0.0029767441860465114
3,59,0.0011162790697674418
3,61,0.0024186046511627908
3,62,0.0033488372093023254
3,63,0.0037209302325581397
3,64,0.0022325581395348836
3,67,0.0026046511627906975
3,68,0.0029767441860465114
3,70,0.0013023255813953488
3,75,0.0048372093023255815
3,78,0.0014883720930232557
3,83,0.008558139534883722
3,84,0.0014883720930232557
3,91,0.0009302325581395349
3,92,0.0037209302325581397
3,93,0.002046511627906977
3,99,0.0048372093023255815
3,117,0.0009302325581395349
3,119,0.0011162790697674418
3,121,0.0026046511627906975
3,123,0.0024186046511627908
3,125,0.002046511627906977
4,4,0.9311542615868028
4,5,7.364493322859388e-05
4,7,0.00031912804399057346
4,8,0.00014728986645718776
4,9,8.591908876669285e-05
4,10,0.000564611154752553
4,11,0.00012274155538098978
4,12,6.137077769049489e-05
4,13,9.819324430479184e-05
4,14,0.00011046739984289081
4,15,0.00024548311076197957
4,17,9.819324430479184e-05
4,19,0.0002945797329143755
4,20,0.00022093479968578162
4,21,0.00012274155538098978
4,22,9.819324430479184e-05
4,23,0.0004173212882953653
4,24,0.0002945797329143755
4,25,0.0004050471327572663
4,26,0.00014728986645718776
4,27,0.00014728986645718776
4,28,0.00015956402199528673
4,29,0.0007732717989002356
4,30,0.0004786920659858602
4,31,0.000625981932443048
4,32,0.00039277297721916735
4,33,0.0002945797329143755
4,34,0.00022093479968578162
4,35,0.0003314021995286724
4,36,0.0010310290652003143
4,37,0.00038049882168106835
4,38,0.000576885310290652
4,39,0.0006873527101335428
4,40,0.00025775726630007857
4,41,0.0009205616653574234
4,42,0.00018411233307148467
4,43,0.0003436763550667714
4,44,0.0009819324430479183
4,45,0.00025775726630007857
4,46,0.001693833464257659
4,47,0.0019147682639434407
4,48,0.002295267085624509
4,49,0.00045414375490966224
4,50,6.137077769049489e-05
4,51,0.0013133346425765907
4,52,0.0013378829536527888
4,53,0.0007978201099764336
4,55,0.0033508444619010213
4,56,0.0026880400628436765
4,57,0.0003314021995286724
4,58,0.0022093479968578163
4,59,0.0003314021995286724
4,61,0.0016815593087195601
4,62,0.002921249018067557
4,63,0.0036945208169677926
4,64,0.0004664179104477612
4,65,0.0011660447761194029
4,66,8.591908876669285e-05
4,67,0.003142183817753339
4,68,0.0015097211311861744
4,69,0.00015956402199528673
4,70,0.0021111547525530243
4,71,6.137077769049489e-05
4,72,0.0003314021995286724
4,73,0.00020866064414768265
4,74,0.0002332089552238806
4,75,0.002344363707776905
4,77,0.0003314021995286724
4,78,0.0013133346425765907
4,79,7.364493322859388e-05
4,81,6.137077769049489e-05
4,82,8.591908876669285e-05
4,83,0.00421003534956795
4,84,0.0007119010212097408
4,86,0.00012274155538098978
4,88,0.00018411233307148467
4,89,0.00015956402199528673
4,91,0.0004664179104477612
4,92,0.0015588177533385702
4,93,0.000625981932443048
4,95,6.137077769049489e-05
4,97,6.137077769049489e-05
4,99,0.0018779457973291437
4,101,7.364493322859388e-05
4,103,6.137077769049489e-05
4,105,0.00013501571091908876
4,107,6.137077769049489e-05
4,108,6.137077769049489e-05
4,109,9.819324430479184e-05
4,112,0.00012274155538098978
4,116,0.00011046739984289081
4,117,0.00020866064414768265
4,119,0.0002700314218381775
4,120,0.0002332089552238806
4,121,0.00039277297721916735
4,122,0.0002823055773762765
4,123,0.00042959544383346424
4,125,0.0006996268656716418
4,126,0.00025775726630007857
4,128,0.00024548311076197957
4,129,0.00013501571091908876
4,130,0.00044186959937156324
4,131,0.00011046739984289081
5,5,0.9350055800605835
5,9,0.0003720040389009938
5,11,0.000265717170643567
5,15,0.000265717170643567
5,19,0.000531434341287134
5,23,0.0006908646436732742
5,29,0.000531434341287134
5,30,0.0012754424190891216
5,31,0.00042514747302970716
5,32,0.0003188606047722804
5,33,0.0003188606047722804
5,34,0.00047829090715842057
5,35,0.0010097252484455547
5,36,0.0022320242334059625
5,37,0.00042514747302970716
5,38,0.0007440080778019876
5,39,0.000265717170643567
5,40,0.000265717170643567
5,41,0.0013285858532178349
5,43,0.000265717170643567
5,44,0.00047829090715842057
5,46,0.002391454535792103
5,47,0.001222298984960408
5,48,0.001222298984960408
5,49,0.00042514747302970716
5,51,0.001222298984960408
5,52,0.0007440080778019876
5,53,0.0011160121167029813
5,55,0.0009034383801881277
5,56,0.0022851676675346762
5,57,0.0007440080778019876
5,58,0.0012754424190891216
5,61,0.002550884838178243
5,62,0.0014880161556039752
5,63,0.0045703353350693525
5,64,0.0015411595897326885
5,65,0.0011691555508316948
5,67,0.0016474464579901153
5,68,0.00281660200882181
5,69,0.0007440080778019876
5,70,0.001222298984960408
5,75,0.006111494924802041
5,78,0.0023383111016633895
5,79,0.00042514747302970716
5,80,0.000265717170643567
5,83,0.0022320242334059625
5,84,0.0003720040389009938
5,91,0.0003188606047722804
5,92,0.001222298984960408
5,93,0.0008502949460594143
5,98,0.0003188606047722804
5,99,0.0012754424190891216
6,6,0.9374155785682126
6,31,0.0013507429085997298
6,46,0.0015758667266996848
6,47,0.0013507429085997298
6,48,0.002926609635299415
6,51,0.002476361999099505
6,53,0.0011256190904997748
6,56,0.0022512381809995496
6,58,0.0015758667266996848
6,61,0.0013507429085997298
6,62,0.0036019810895992796
6,63,0.005628095452498875
6,67,0.003376857271499325
6,68,0.002026114362899595
6,75,0.002476361999099505
6,78,0.0018009905447996398
6,83,0.003376857271499325
6,92,0.0015758667266996848
6,99,0.0013507429085997298
7,7,0.9248164464023495
7,8,0.00022026431718061675
7,9,0.0001713166911404797
7,10,0.00022026431718061675
7,11,0.00014684287812041116
7,12,0.0002936857562408223
7,13,0.00012236906510034264
7,14,0.0001713166911404797
7,15,0.00022026431718061675
7,18,0.00012236906510034264
7,19,0.0002692119432207538
7,20,0.0008076358296622614
7,22,0.00014684287812041116
7,23,0.0005139500734214391
7,24,0.0003671071953010279
7,25,0.00022026431718061675
7,26,0.00014684287812041116
7,27,0.0005384238864415076
7,29,0.0005384238864415076
7,30,0.0003426333822809594
7,31,0.0005139500734214391
7,32,0.0002936857562408223
7,33,0.00014684287812041116
7,34,0.0002936857562408223
7,35,0.0006607929515418502
7,36,0.0012236906510034262
7,37,0.0004894762604013706
7,38,0.0004405286343612335
7,39,0.00031815956926089085
7,40,0.0005139500734214391
7,41,0.000881057268722467
7,42,0.0015418502202643172
7,43,0.0005873715124816446
7,44,0.0009789525208027412
7,46,0.00232501223690651
7,47,0.0014684287812041115
7,48,0.0020068526676456193
7,49,0.0011257953989231523
7,50,0.00012236906510034264
7,51,0.0016642192853646598
7,52,0.0009544787077826726
7,53,0.001443954968184043
7,55,0.0013705335291238376
7,56,0.0016886930983847283
7,57,0.0005628976994615761
7,58,0.0015418502202643172
7,59,0.0003426333822809594
7,61,0.0010523739598629466
7,62,0.00215369554576603
7,63,0.004968184043073911
7,64,0.0018844836025452766
7,65,0.000465002447381302
7,67,0.0020802741067058247
7,68,0.004429760156632404
7,69,0.0005628976994615761
7,70,0.0014684287812041115
7,72,0.0001957905041605482
7,74,0.0001957905041605482
7,75,0.0031815956926089083
7,77,0.0002692119432207538
7,78,0.0040626529613313755
7,79,0.0006852667645619188
7,80,0.0005628976994615761
7,81,0.0007342143906020558
7,83,0.0028144884973078806
7,84,0.0010034263338228096
7,86,0.0001957905041605482
7,91,0.000465002447381302
7,92,0.0014684287812041115
7,93,0.0015907978463044542
7,95,0.0002936857562408223
7,98,0.0005873715124816446
7,99,0.0014684287812041115
7,100,0.0001713166911404797
7,108,0.00012236906510034264
7,109,0.00012236906510034264
7,117,0.0001713166911404797
7,119,0.0002692119432207538
7,120,0.00031815956926089085
7,121,0.0003426333822809594
7,122,0.0001957905041605482
7,123,0.0002936857562408223
7,125,0.0003915810083210964
7,126,0.0001957905041605482
7,129,0.0002447381302006853
7,130,0.0001957905041605482
7,131,0.0001957905041605482
8,8,0.9288790413181874
8,10,0.00034327799275995504
8,11,0.00015603545125452502
8,13,0.00021844963175633505
8,15,0.0004368992635126701
8,19,0.00024965672200724003
8,20,0.00015603545125452502
8,23,0.00021844963175633505
8,24,0.00018724254150543002
8,25,0.00031207090250905004
8,26,0.00015603545125452502
8,27,0.00018724254150543002
8,29,0.0010610410685307702
8,30,0.0013731119710398202
8,31,0.0005305205342653851
8,32,0.0009986268880289601
8,34,0.00034327799275995504
8,35,0.0004681063537635751
8,36,0.0007489701660217201
8,37,0.0010298339782798653
8,38,0.0009050056172762452
8,39,0.0005617276245162901
8,41,0.0009050056172762452
8,42,0.00015603545125452502
8,44,0.0009674197977780552
8,45,0.00031207090250905004
8,46,0.00018724254150543002
8,47,0.0007489701660217201
8,48,0.0025901884908251156
8,49,0.00018724254150543002
8,51,0.0006865559855199101
8,52,0.0018100112345524903
8,53,0.0010610410685307702
8,55,0.00037448508301086004
8,56,0.0034327799275995505
8,58,0.0022469104980651603
8,59,0.00021844963175633505
8,61,0.0005929347147671951
8,62,0.0025589814005742106
8,63,0.0025589814005742106
8,65,0.0004368992635126701
8,67,0.0023717388590687805
8,68,0.0009362127075271502
8,70,0.0014979403320434402
8,72,0.00018724254150543002
8,74,0.00021844963175633505
8,75,0.012545250280863812
8,77,0.0013419048807889152
8,78,0.0007489701660217201
8,83,0.003776057920359506
8,84,0.0005617276245162901
8,89,0.00021844963175633505
8,91,0.0004368992635126701
8,92,0.005211584071901136
8,93,0.0007489701660217201
8,99,0.0014355261515416303
8,101,0.00040569217326176505
8,105,0.00021844963175633505
8,106,0.00021844963175633505
8,112,0.00015603545125452502
8,117,0.00024965672200724003
8,119,0.00034327799275995504
8,120,0.00018724254150543002
8,121,0.00018724254150543002
8,122,0.00015603545125452502
8,123,0.0004368992635126701
8,125,0.0006865559855199101
8,126,0.00015603545125452502
8,128,0.00015603545125452502
8,130,0.00018724254150543002
8,131,0.00015603545125452502
9,9,0.9418591716415143
9,11,0.00022247765953502168
9,15,0.0001853980496125181
9,20,0.0006303533686825614
9,23,0.00044495531907004336
9,28,0.0006674329786050651
9,29,0.0001853980496125181
9,31,0.0008157514182950795
9,34,0.0002595572694575253
9,35,0.00029663687938002894
9,36,0.0012236271274426193
9,38,0.0015202640068226483
9,40,0.00033371648930253253
9,41,0.0064889317364381326
9,42,0.0003707960992250362
9,43,0.0008157514182950795
9,44,0.0007045125885275687
9,46,0.0022618562052727207
9,47,0.0005561941488375542
9,48,0.0007415921984500724
9,49,0.0007786718083725759
9,51,0.0025584930846527494
9,52,0.00022247765953502168
9,53,0.0008899106381400867
9,55,0.0011865475175201158
9,56,0.00044495531907004336
9,57,0.00033371648930253253
9,58,0.0005191145389150506
9,61,0.002706811524342764
9,62,0.0007045125885275687
9,63,0.003967518261707887
9,64,0.0011865475175201158
9,65,0.0017798212762801734
9,67,0.0017056620564351664
9,68,0.00348548333271534
9,69,0.0005932737587600579
9,70,0.004783269680002966
9,71,0.00022247765953502168
9,72,0.00029663687938002894
9,74,0.0008899106381400867
9,75,0.000482034928992547
9,78,0.0029292891838777857
9,79,0.00044495531907004336
9,80,0.0002595572694575253
9,83,0.0012607067373651228
9,84,0.00029663687938002894
9,92,0.0002595572694575253
9,93,0.0011865475175201158
9,99,0.00029663687938002894
10,10,0.9242773782059981
10,11,0.00022617270547790292
10,12,0.00011308635273895146
10,14,0.00013570362328674176
10,15,0.00013570362328674176
10,16,0.00013570362328674176
10,17,0.00013570362328674176
10,18,0.00013570362328674176
10,19,0.000542814493146967
10,20,0.0005201972225991767
10,22,0.00015832089383453204
10,23,0.0009046908219116117
10,24,0.0003166417876690641
10,25,0.00015832089383453204
10,26,0.0005201972225991767
10,27,0.00013570362328674176
10,29,0.0008142217397204505
10,30,0.0007463699280770797
10,31,0.0005654317636947573
10,32,0.0006559008458859184
10,33,0.00045234541095580584
10,34,0.00022617270547790292
10,35,0.0005654317636947573
10,36,0.0011082462568417243
10,37,0.00045234541095580584
10,38,0.0005880490342425476
10,39,0.0005880490342425476
10,40,0.00033925905821685436
10,41,0.0010630117157461438
10,42,0.00042972814040801555
10,43,0.00024878997602569323
10,44,0.0011082462568417243
10,45,0.0003618763287646447
10,46,0.0011308635273895146
10,47,0.001628443479440901
10,48,0.0028045415479259965
10,49,0.0004749626815035961
10,51,0.001085628986293934
10,52,0.0012891844212240466
10,53,0.0011760980684850952
10,55,0.0014022707739629982
10,56,0.00230696159587461
10,57,0.0002714072465734835
10,58,0.0026914551951870446
10,59,0.00045234541095580584
10,61,0.0014475053150585788
10,62,0.002714072465734835
10,63,0.0038223187225765592
10,64,0.0004975799520513865
10,65,0.001085628986293934
10,67,0.0029854797123083187
10,68,0.0012891844212240466
10,69,0.00018093816438232235
10,70,0.001470122585606369
10,74,0.00020355543493011263
10,75,0.004116343239697833
10,77,0.00045234541095580584
10,78,0.0014022707739629982
10,80,0.00011308635273895146
10,81,0.00013570362328674176
10,83,0.0050436513321572354
10,84,0.0010403944451983535
10,86,0.00013570362328674176
10,87,0.00018093816438232235
10,88,0.0003618763287646447
10,89,0.00042972814040801555
10,90,0.00013570362328674176
10,91,0.0008820735513638214
10,92,0.0026688379246392543
10,93,0.001085628986293934
10,99,0.002714072465734835
10,103,0.00013570362328674176
10,109,0.00024878997602569323
10,112,0.00018093816438232235
10,116,0.00015832089383453204
10,117,0.0002940245171212738
10,119,0.00018093816438232235
10,120,0.00040711086986022527
10,121,0.0006106663047903379
10,122,0.00045234541095580584
10,123,0.0008142217397204505
10,124,0.00020355543493011263
10,125,0.0008820735513638214
10,126,0.0003166417876690641
10,128,0.0003166417876690641
10,129,0.00018093816438232235
10,130,0.00024878997602569323
10,131,0.0002940245171212738
11,11,0.914384292523298
11,15,0.00028455573735505443
11,17,0.000177847335846909
11,19,0.00039126413886319986
11,20,0.00028455573735505443
11,22,0.0003201252045244362
11,23,0.000355694671693818
11,24,0.0003201252045244362
11,25,0.000355694671693818
11,26,0.00024898627018567264
11,27,0.00021341680301629082
11,28,0.00021341680301629082
11,29,0.000711389343387636
11,30,0.0008536672120651633
11,31,0.0015650565554527994
11,32,0.00021341680301629082
11,33,0.00024898627018567264
11,34,0.00024898627018567264
11,35,0.0005691114747101089
11,36,0.0006046809418794907
11,37,0.000177847335846909
11,38,0.0009248061464039269
11,39,0.0005691114747101089
11,40,0.00021341680301629082
11,41,0.0013872092196058903
11,42,0.00021341680301629082
11,43,0.0003201252045244362
11,44,0.003058974176566835
11,45,0.0003201252045244362
11,46,0.0016717649569609448
11,47,0.0024542932346873444
11,48,0.0032012520452443624
11,49,0.00042683360603258165
11,51,0.0023120153660098172
11,52,0.0015294870882834174
11,53,0.0013160702852671267
11,55,0.0007469588105570178
11,56,0.002525432169026108
11,57,0.00028455573735505443
11,58,0.0024542932346873444
11,59,0.00042683360603258165
11,61,0.0018851817599772355
11,62,0.0023120153660098172
11,63,0.004446183396172725
11,64,0.0006402504090488724
11,65,0.0007825282777263997
11,67,0.006615920893505016
11,68,0.002205306964501672
11,69,0.00039126413886319986
11,70,0.0016717649569609448
11,72,0.00028455573735505443
11,74,0.00028455573735505443
11,75,0.0037347940527850893
11,77,0.0003201252045244362
11,78,0.0017073344241303266
11,79,0.00021341680301629082
11,80,0.000177847335846909
11,83,0.005299850608237889
11,84,0.0012805008180977449
11,86,0.000177847335846909
11,87,0.00021341680301629082
11,88,0.00028455573735505443
11,89,0.00021341680301629082
11,91,0.0008892366792345451
11,92,0.002525432169026108
11,93,0.001244931350928363
11,99,0.002489862701856726
11,102,0.000177847335846909
11,105,0.00024898627018567264
11,117,0.0003201252045244362
11,119,0.0003201252045244362
11,120,0.00039126413886319986
11,121,0.0006402504090488724
11,122,0.00021341680301629082
11,123,0.0009603756135733087
11,125,0.001102653482250836
11,126,0.00024898627018567264
11,128,0.0004979725403713453
11,129,0.000355694671693818
11,130,0.000355694671693818
12,12,0.9184077413679349
12,17,0.00018327102118613004
12,19,0.0008430466974561982
12,20,0.0008430466974561982
12,22,0.00029323363389780805
12,23,0.0006231214720328422
12,27,0.0006231214720328422
12,29,0.0003298878381350341
12,30,0.0003665420423722601
12,31,0.0004398504508467121
12,33,0.00018327102118613004
12,34,0.0005498130635583901
12,35,0.0007330840847445202
12,36,0.0016127849864379445
12,38,0.0003298878381350341
12,39,0.00029323363389780805
12,40,0.00029323363389780805
12,41,0.0004398504508467121
12,42,0.0025291400923685946
12,43,0.0010263177186423283
12,44,0.0008797009016934242
12,46,0.003518803606773697
12,47,0.0016860933949123965
12,48,0.0008063924932189722
12,49,0.0018327102118613004
12,50,0.00025657942966058207
12,51,0.0024558316838941426
12,52,0.0006964298805072942
12,53,0.0022359064584707867
12,55,0.0011729345355912322
12,56,0.0010263177186423283
12,57,0.0006597756762700682
12,58,0.0009530093101678763
12,61,0.0010629719228795543
12,62,0.0012462429440656844
12,63,0.005461476431346675
12,64,0.004068616670332087
12,65,0.0003298878381350341
12,67,0.0019426728245729786
12,68,0.007367495051682428
12,69,0.0014295139652518143
12,70,0.0009530093101678763
12,75,0.0015028223737262663
12,78,0.006817681988124038
12,79,0.0012095887398284584
12,80,0.0014295139652518143
12,81,0.0016127849864379445
12,82,0.00021992522542335605
12,83,0.0018327102118613004
12,84,0.0012462429440656844
12,91,0.00021992522542335605
12,92,0.0008797009016934242
12,97,0.002822373726266403
12,98,0.0011362803313540062
12,99,0.0007330840847445202
12,101,0.00018327102118613004
12,115,0.0007330840847445202
12,121,0.00018327102118613004
12,123,0.00018327102118613004
12,125,0.0003298878381350341
12,128,0.00018327102118613004
12,130,0.00025657942966058207
13,13,0.9266393229842688
13,16,0.00031151030579928355
13,18,0.0005711022272986865
13,19,0.00046726545869892527
13,20,0.0006230206115985671
13,23,0.0009345309173978505
13,24,0.0003634286900991641
13,25,0.0004153470743990447
13,27,0.00031151030579928355
13,29,0.0006749389958984476
13,30,0.0005711022272986865
13,31,0.0006230206115985671
13,32,0.00031151030579928355
13,35,0.001401796376096776
13,36,0.0006749389958984476
13,37,0.00046726545869892527
13,38,0.0028555111364934323
13,39,0.0005711022272986865
13,40,0.00046726545869892527
13,41,0.002180572140594985
13,44,0.0008306941487980894
13,45,0.0004153470743990447
13,46,0.0006749389958984476
13,47,0.0010902860702974924
13,48,0.0024920824463942684
13,49,0.0005191838429988058
13,51,0.002024816987695343
13,52,0.0019209802190955818
13,53,0.005399511967187581
13,55,0.00088261253309797
13,56,0.0024920824463942684
13,58,0.0016613882975961788
13,61,0.0010902860702974924
13,62,0.003686205285291522
13,63,0.0025959192149940294
13,65,0.0010383676859976117
13,67,0.002803592752193552
13,68,0.0009864493016977312
13,70,0.0016613882975961788
13,72,0.0005191838429988058
13,74,0.00031151030579928355
13,75,0.005451430351487462
13,77,0.0007268573801983282
13,78,0.0012979596074970147
13,83,0.003167021442292716
13,84,0.0007787757644982088
13,89,0.0002595919214994029
13,91,0.00031151030579928355
13,92,0.002180572140594985
13,93,0.0009345309173978505
13,99,0.0019728986033954623
13,109,0.0002595919214994029
13,123,0.0002595919214994029
13,125,0.0006230206115985671
13,127,0.00031151030579928355
13,128,0.0002595919214994029
13,129,0.0002595919214994029
14,14,0.9183576599026937
14,16,0.0001977769866698311
14,17,0.00043510937067362844
14,22,0.00023733238400379733
14,23,0.000711997152011392
14,24,0.0003164431786717298
14,25,0.0001977769866698311
14,26,0.00043510937067362844
14,29,0.0006724417546774258
14,30,0.0006328863573434595
14,31,0.0006328863573434595
14,32,0.00027688778133776355
14,33,0.0008702187413472569
14,34,0.0001977769866698311
14,35,0.001067995728017088
14,36,0.00043510937067362844
14,37,0.00027688778133776355
14,38,0.00023733238400379733
14,39,0.0008702187413472569
14,40,0.00047466476800759466
14,41,0.0007911079466793244
14,42,0.0005142201653415609
14,43,0.00027688778133776355
14,44,0.0016613266880265813
14,45,0.00047466476800759466
14,46,0.0012262173173529529
14,47,0.002135991456034176
14,48,0.0035204303627229937
14,49,0.0005537755626755271
14,51,0.001265772714686919
14,52,0.003362208773387129
14,53,0.0012262173173529529
14,55,0.0009493295360151893
14,56,0.002294213045370041
14,58,0.0027688778133776355
14,59,0.0006328863573434595
14,61,0.0008702187413472569
14,62,0.003045765594715399
14,63,0.002887544005379534
14,64,0.00023733238400379733
14,65,0.0011866619200189867
14,67,0.0038764289387286897
14,68,0.0013053281120208853
14,69,0.0001977769866698311
14,73,0.0056168664214232035
14,74,0.0005933309600094933
14,75,0.002491990032039872
14,78,0.0014635497013567502
14,83,0.004113761322732487
14,84,0.0017008820853605475
14,87,0.0001977769866698311
14,88,0.000355998576005696
14,89,0.0001977769866698311
14,91,0.00047466476800759466
14,92,0.0030853209920493653
14,93,0.001423994304022784
14,99,0.0031248763893833315
14,102,0.00023733238400379733
14,103,0.0001977769866698311
14,105,0.0003955539733396622
14,106,0.000355998576005696
14,109,0.0003164431786717298
14,112,0.00023733238400379733
14,119,0.0003955539733396622
14,120,0.0003164431786717298
14,121,0.001265772714686919
14,122,0.00027688778133776355
14,123,0.0008702187413472569
14,125,0.0011866619200189867
14,128,0.00023733238400379733
14,129,0.00023733238400379733
14,130,0.00047466476800759466
14,131,0.00023733238400379733
15,15,0.9450489662676823
15,18,9.715529302036375e-05
15,19,0.0002720348204570185
15,20,0.0003497590548733095
15,21,0.00013601741022850925
15,22,9.715529302036375e-05
15,23,0.000310896937665164
15,24,0.000155448468832582
15,25,0.00025260376185294575
15,26,0.00013601741022850925
15,28,0.0001943105860407275
15,29,0.0006412249339344008
15,30,0.0006412249339344008
15,31,0.0006800870511425463
15,32,0.000466345406497746
15,33,0.00017487952743665475
15,34,0.0005635006995181098
15,35,0.0005052075237058915
15,36,0.0010687082232240012
15,37,0.0010492771646199285
15,38,0.0007578112855588373
15,39,0.000621793875330328
15,40,0.000155448468832582
15,41,0.0014184672780973107
15,43,0.00017487952743665475
15,44,0.001010415047411783
15,45,0.0001165863516244365
15,46,0.000621793875330328
15,47,0.0008161044613710555
15,48,0.0016516399813461837
15,49,0.00033032799626923676
15,51,0.0012047256334525105
15,52,0.0009715529302036375
15,53,0.001088139281828074
15,55,0.0008355355199751283
15,56,0.0022928649152805843
15,58,0.0018265195087828385
15,59,9.715529302036375e-05
15,61,0.0016516399813461837
15,62,0.0022928649152805843
15,63,0.0040610912482512045
15,65,0.0006606559925384735
15,67,0.002312295973884657
15,68,0.0014961915125136017
15,70,0.0023705891496968753
15,72,0.000310896937665164
15,73,0.0001165863516244365
15,74,0.00025260376185294575
15,75,0.006587128866780662
15,77,0.0005052075237058915
15,78,0.0009909839888077102
15,83,0.002642623970153894
15,84,0.0003497590548733095
15,88,9.715529302036375e-05
15,91,0.000388621172081455
15,92,0.000621793875330328
15,93,0.000388621172081455
15,99,0.000621793875330328
15,101,9.715529302036375e-05
15,121,0.0001943105860407275
15,123,9.715529302036375e-05
15,125,0.00021374164464480025
15,130,9.715529302036375e-05
16,16,0.9099284574604972
16,18,0.00030881671727829536
16,20,0.0002573472643985794
16,22,0.00036028617015801124
16,23,0.0008235112460754543
16,24,0.0004117556230377271
16,26,0.00036028617015801124
16,28,0.0010808585104740336
16,30,0.00036028617015801124
16,33,0.0005661639816768747
16,34,0.0002573472643985794
16,35,0.002264655926707499
16,36,0.0007720417931957384
16,38,0.0013382057748726132
16,40,0.00036028617015801124
16,41,0.0009779196047146018
16,42,0.00036028617015801124
16,44,0.0014926141335117609
16,45,0.0022131864738277832
16,46,0.0008235112460754543
16,47,0.0008749806989551701
16,48,0.0015955530392711926
16,49,0.0007205723403160225
16,51,0.0029852282670235217
16,52,0.0016984919450306244
16,54,0.004735189664933861
16,55,0.00036028617015801124
16,56,0.0006176334345565907
16,58,0.0006691028874363066
16,59,0.0006691028874363066
16,62,0.0010293890575943177
16,63,0.0006176334345565907
16,67,0.003963147871738124
16,68,0.001389675227752329
16,69,0.000463225075917443
16,70,0.0022131864738277832
16,72,0.00030881671727829536
16,73,0.00036028617015801124
16,75,0.0008235112460754543
16,78,0.0005661639816768747
16,83,0.002779350455504658
16,84,0.0034999227958206806
16,86,0.0011837974162334653
16,87,0.0005146945287971588
16,88,0.0010293890575943177
16,89,0.00030881671727829536
16,90,0.0002573472643985794
16,92,0.0026249420968655103
16,93,0.005198414740851305
16,96,0.0011837974162334653
16,97,0.0002573472643985794
16,99,0.004786659117813578
16,100,0.0011837974162334653
16,105,0.00030881671727829536
16,108,0.00036028617015801124
16,109,0.002161717020948067
16,110,0.0004117556230377271
16,111,0.0008749806989551701
16,114,0.00030881671727829536
16,116,0.0005661639816768747
16,117,0.00030881671727829536
16,119,0.0005661639816768747
16,120,0.0007205723403160225
16,121,0.0011837974162334653
16,122,0.0015955530392711926
16,123,0.0024190642853466468
16,124,0.0008235112460754543
16,125,0.0025220031911060785
16,126,0.0012867363219928973
16,127,0.0006691028874363066
16,128,0.0005146945287971588
16,129,0.0007720417931957384
16,130,0.0007720417931957384
16,131,0.00030881671727829536
17,17,0.9355177483721907
17,19,0.0003360638521319051
17,20,0.00046208779668136944
17,21,0.00021003990758244065
17,22,0.000630119722747322
17,23,0.0004200798151648813
17,24,0.00021003990758244065
17,25,0.00029405587061541693
17,26,0.00029405587061541693
17,27,0.0002520478890989288
17,29,0.00046208779668136944
17,30,0.00046208779668136944
17,31,0.0008821676118462507
17,33,0.0002520478890989288
17,34,0.0002520478890989288
17,35,0.0007141356857802983
17,36,0.001260239445494644
17,37,0.0003780718336483932
17,38,0.000630119722747322
17,39,0.0003780718336483932
17,40,0.00029405587061541693
17,41,0.0005040957781978576
17,42,0.0008401596303297626
17,43,0.00029405587061541693
17,44,0.0009241755933627389
17,45,0.0005881117412308339
17,46,0.0024364629279563115
17,47,0.0018483511867254778
17,48,0.001890359168241966
17,49,0.000966183574879227
17,51,0.0011762234824616677
17,52,0.0010501995379122034
17,53,0.0011762234824616677
17,55,0.0008401596303297626
17,56,0.0013442554085276203
17,57,0.0004200798151648813
17,58,0.0014702793530770846
17,59,0.0002520478890989288
17,61,0.0014282713715605966
17,62,0.0012182314639781558
17,63,0.004158790170132325
17,64,0.0016803192606595252
17,65,0.0002520478890989288
17,67,0.0013442554085276203
17,68,0.0026885108170552406
17,69,0.0005040957781978576
17,70,0.0007561436672967864
17,73,0.0004200798151648813
17,75,0.0027725267800882167
17,78,0.002520478890989288
17,79,0.0005881117412308339
17,80,0.00021003990758244065
17,82,0.0002520478890989288
17,83,0.0036546943919344675
17,84,0.0014282713715605966
17,87,0.00021003990758244065
17,88,0.0002520478890989288
17,92,0.0013442554085276203
17,93,0.001260239445494644
17,95,0.0002520478890989288
17,97,0.00021003990758244065
17,98,0.00021003990758244065
17,99,0.001302247427011132
17,103,0.00021003990758244065
17,105,0.00021003990758244065
17,106,0.0003360638521319051
17,108,0.00021003990758244065
17,109,0.0002520478890989288
17,119,0.0002520478890989288
17,120,0.00021003990758244065
17,121,0.0003360638521319051
17,123,0.0007141356857802983
17,125,0.0004200798151648813
17,126,0.0004200798151648813
17,129,0.00021003990758244065
18,18,0.9254349627174814
18,19,0.0012703673018503176
18,20,0.00033140016570008286
18,23,0.0003866335266500967
18,24,0.00027616680475006904
18,25,0.0006628003314001657
18,29,0.0007732670533001934
18,30,0.0006075669704501519
18,31,0.0003866335266500967
18,32,0.00027616680475006904
18,34,0.00027616680475006904
18,35,0.0008837337752002209
18,36,0.0010494338580502624
18,38,0.0012151339409003038
18,39,0.00033140016570008286
18,40,0.00033140016570008286
18,41,0.0013256006628003315
18,42,0.0006075669704501519
18,43,0.0009389671361502347
18,44,0.0008837337752002209
18,45,0.0013808340237503453
18,46,0.0020988677161005247
18,47,0.0027064346865506767
18,48,0.001491300745650373
18,49,0.0007180336923501795
18,51,0.004694835680751174
18,52,0.0009942004971002485
18,53,0.0024855012427506215
18,55,0.0006075669704501519
18,56,0.002043634355150511
18,57,0.00027616680475006904
18,58,0.001712234189450428
18,61,0.0009389671361502347
18,62,0.002595967964650649
18,63,0.003700635183650925
18,64,0.0008285004142502071
18,65,0.00027616680475006904
18,67,0.0020988677161005247
18,68,0.0032035349351008007
18,69,0.0003866335266500967
18,70,0.001491300745650373
18,75,0.0024855012427506215
18,77,0.00027616680475006904
18,78,0.0027064346865506767
18,79,0.00027616680475006904
18,81,0.00033140016570008286
18,83,0.0025407346037006353
18,84,0.0013808340237503453
18,88,0.00027616680475006904
18,92,0.002264567798950566
18,93,0.001491300745650373
18,95,0.00027616680475006904
18,98,0.00044186688760011045
18,99,0.0020988677161005247
18,100,0.00033140016570008286
18,105,0.00027616680475006904
18,116,0.00033140016570008286
18,121,0.0004971002485501243
18,122,0.00033140016570008286
18,123,0.00044186688760011045
18,125,0.0008285004142502071
18,126,0.00027616680475006904
19,19,0.9317367949865711
19,20,0.0003431811399582214
19,21,8.952551477170994e-05
19,23,0.00035810205908683976
19,24,0.002253058788421367
19,25,0.0003879438973440764
19,26,0.00020889286780065652
19,27,0.00022381378692927484
19,28,0.00010444643390032826
19,29,0.0005669949268874963
19,30,0.00046254849298716803
19,31,0.0004327066547299314
19,32,0.0002834974634437481
19,33,0.00020889286780065652
19,34,0.00023873470605789316
19,35,0.0004923903312444046
19,36,0.0012085944494180842
19,37,0.0002536556251865115
19,38,0.0006117576842733512
19,39,0.0005222321695016413
19,40,0.0003282602208296031
19,41,0.0008355714712026261
19,42,0.00014920919128618324
19,43,0.00022381378692927484
19,44,0.0006565204416592062
19,45,0.0004028648164726947
19,46,0.0016711429424052522
19,47,0.0017755893763055804
19,48,0.0019546404058490004
19,49,0.0005222321695016413
19,51,0.0018203521336914354
19,52,0.0012085944494180842
19,53,0.0009101760668457177
19,54,7.460459564309162e-05
19,55,0.0007908087138167711
19,56,0.0016413011041480155
19,57,0.00016413011041480156
19,58,0.0017009847806624889
19,59,0.0003879438973440764
19,60,0.00010444643390032826
19,61,0.0014473291554759774
19,62,0.0024619516562220233
19,63,0.0037302297821545805
19,64,0.0008952551477170994
19,65,0.0007609668755595345
19,67,0.0028498955535660995
19,68,0.0017009847806624889
19,69,0.00013428827215756492
19,70,0.0009997015816174276
19,72,0.00016413011041480156
19,73,0.00013428827215756492
19,74,0.00013428827215756492
19,75,0.00276037003879439
19,77,0.00026857654431512983
19,78,0.0012085944494180842
19,81,0.00011936735302894658
19,83,0.003789913458669054
19,84,0.0012235153685467024
19,85,0.00011936735302894658
19,86,0.00016413011041480156
19,87,0.00011936735302894658
19,88,0.00022381378692927484
19,89,0.0002834974634437481
19,91,0.0003282602208296031
19,92,0.002118770516263802
19,93,0.0009549388242315727
19,95,8.952551477170994e-05
19,99,0.003148313936138466
19,101,8.952551477170994e-05
19,103,7.460459564309162e-05
19,105,0.00014920919128618324
19,106,8.952551477170994e-05
19,107,0.00010444643390032826
19,108,0.00010444643390032826
19,109,0.0001939719486720382
19,111,0.00013428827215756492
19,112,0.00022381378692927484
19,116,0.00016413011041480156
19,117,0.0006714413607878246
19,118,0.00010444643390032826
19,119,0.0003879438973440764
19,120,0.0004476275738585497
19,121,0.0008355714712026261
19,122,0.0003879438973440764
19,123,0.0012085944494180842
19,124,0.00017905102954341988
19,125,0.0008504923903312444
19,126,0.00041778573560131304
19,127,0.00013428827215756492
19,128,0.00041778573560131304
19,129,0.0004327066547299314
19,130,0.00046254849298716803
19,131,0.0002536556251865115
20,20,0.9322013093289689
20,22,9.547190398254229e-05
20,23,0.00027277686852154935
20,24,0.0002591380250954719
20,25,0.0002591380250954719
20,26,0.00023186033824331697
20,27,0.0002182214948172395
20,28,0.0001227495908346972
20,29,0.0005319148936170213
20,30,0.0002591380250954719
20,31,0.0008456082924168031
20,32,0.00020458265139116204
20,33,0.0002454991816693944
20,34,0.00031369339879978175
20,35,0.0005591925804691762
20,36,0.0018957992362247681
20,37,0.0002454991816693944
20,38,0.00042280414620840155
20,39,0.00042280414620840155
20,40,0.0003682487725040917
20,41,0.0007637752318603383
20,42,0.0006819421713038735
20,43,0.000641025641025641
20,44,0.0009547190398254228
20,45,0.0001773049645390071
20,46,0.003027823240589198
20,47,0.0012002182214948171
20,48,0.001254773595199127
20,49,0.0007774140752864157
20,51,0.0013775231860338243
20,52,0.0006955810147299509
20,53,0.001282051282051282
20,55,0.0010638297872340426
20,56,0.001486633933442444
20,57,0.0006819421713038735
20,58,0.0013911620294599018
20,59,0.00015002727768685214
20,61,0.0023186033824331696
20,62,0.0016912165848336062
20,63,0.006219312602291326
20,64,0.002905073649754501
20,65,0.0005864702673213312
20,67,0.0024822695035460994
20,68,0.004582651391162029
20,69,0.0004500818330605565
20,70,0.001104746317512275
20,72,8.183306055646482e-05
20,74,9.547190398254229e-05
20,75,0.0020867430441898526
20,77,0.00013638843426077467
20,78,0.0037915984724495363
20,79,0.0004909983633387888
20,80,0.0002454991816693944
20,81,0.0005455537370430987
20,82,0.00013638843426077467
20,83,0.0029869067103109655
20,84,0.0005182760501909438
20,88,9.547190398254229e-05
20,89,0.00013638843426077467
20,91,0.0003682487725040917
20,92,0.0011865793780687398
20,93,0.0014320785597381341
20,95,0.0002182214948172395
20,97,0.00013638843426077467
20,98,0.0002182214948172395
20,99,0.0010911074740861974
20,100,0.00010911074740861975
20,101,6.819421713038734e-05
20,105,6.819421713038734e-05
20,107,6.819421713038734e-05
20,108,0.00020458265139116204
20,116,9.547190398254229e-05
20,117,0.00023186033824331697
20,118,6.819421713038734e-05
20,119,0.00013638843426077467
20,120,0.0001773049645390071
20,121,0.00027277686852154935
20,122,0.00010911074740861975
20,123,0.0003000545553737043
20,124,8.183306055646482e-05
20,125,0.0004909983633387888
20,126,0.00015002727768685214
20,128,0.00013638843426077467
20,129,0.00015002727768685214
20,130,0.00015002727768685214
20,131,0.00013638843426077467
21,21,0.9403209049982685
21,22,0.0002308669052291354
21,23,0.0010773788910692986
21,24,0.0002308669052291354
21,25,0.0003078225403055139
21,29,0.0006541228981492169
21,30,0.0004617338104582708
21,31,0.0005386894455346493
21,32,0.0002308669052291354
21,33,0.0002308669052291354
21,35,0.0005771672630728385
21,36,0.0006541228981492169
21,37,0.0003078225403055139
21,38,0.00050021162799646
21,39,0.0007695563507637847
21,41,0.0006926007156874062
21,42,0.0004617338104582708
21,43,0.0003078225403055139
21,44,0.0010389010735311092
21,45,0.0005771672630728385
21,46,0.002154757782138597
21,47,0.002270191234753165
21,48,0.0011158567086074877
21,49,0.001962368694447651
21,51,0.0013082457962984339
21,52,0.0007695563507637847
21,53,0.0008465119858401632
21,55,0.0009619454384547308
21,56,0.0012697679787602447
21,58,0.0012697679787602447
21,59,0.0003078225403055139
21,61,0.0008465119858401632
21,62,0.002154757782138597
21,63,0.0030012697679787604
21,64,0.0003078225403055139
21,65,0.0002308669052291354
21,67,0.002347146869829543
21,68,0.0011928123436838662
21,69,0.0003463003578437031
21,70,0.002578013775058679
21,72,0.00019238908769094617
21,73,0.0002308669052291354
21,75,0.001808457424294894
21,77,0.00026934472276732464
21,78,0.0013467236138366232
21,81,0.0002308669052291354
21,83,0.0036938704836661663
21,84,0.0017699796067567049
21,89,0.00019238908769094617
21,91,0.0005386894455346493
21,92,0.002347146869829543
21,93,0.0013082457962984339
21,99,0.0014621570664511909
21,100,0.0002308669052291354
21,108,0.0004232559929200816
21,116,0.00019238908769094617
21,119,0.00026934472276732464
21,120,0.00038477817538189234
21,121,0.0002308669052291354
21,122,0.0003463003578437031
21,123,0.00038477817538189234
21,125,0.0005386894455346493
21,126,0.0002308669052291354
22,22,0.9345961296366777
22,23,0.000468425212987089
22,24,0.0003220423339286237
22,25,0.0002342126064935445
22,26,0.00038059548555200985
22,29,0.0008197441227274058
22,30,0.0004977017887987821
22,31,0.0008197441227274058
22,32,0.0004098720613637029
22,33,0.0002342126064935445
22,34,0.0002927657581169306
22,35,0.0007904675469157127
22,36,0.000878297274350792
22,37,0.0005855315162338612
22,38,0.0004098720613637029
22,39,0.0005562549404221683
22,40,0.00038059548555200985
22,41,0.000936850425974178
22,42,0.0004977017887987821
22,43,0.0005562549404221683
22,44,0.0010246801534092573
22,45,0.0003220423339286237
22,46,0.000878297274350792
22,47,0.001346722487337881
22,48,0.0020200837310068213
22,49,0.0004977017887987821
22,51,0.0012881693357144949
22,52,0.0012003396082794157
22,53,0.001346722487337881
22,54,0.0001463828790584653
22,55,0.0005269783646104752
22,56,0.001785871124513277
22,57,0.0002342126064935445
22,58,0.0014931053663963462
22,59,0.0005269783646104752
22,61,0.0007611909711040197
22,62,0.0015809350938314254
22,63,0.003015487308604386
22,64,0.0007611909711040197
22,65,0.0006148080920455543
22,67,0.00181514770032497
22,68,0.0026348918230523757
22,69,0.0003220423339286237
22,70,0.0012003396082794157
22,72,0.0002342126064935445
22,73,0.00017565945487015838
22,74,0.0001463828790584653
22,75,0.005357613373539831
22,77,0.0006148080920455543
22,78,0.0021079134584419006
22,79,0.0002927657581169306
22,80,0.0002927657581169306
22,81,0.0002634891823052376
22,83,0.002254296337500366
22,84,0.001375999063149574
22,86,0.0001463828790584653
22,87,0.0001463828790584653
22,88,0.00035131890974031676
22,89,0.0001463828790584653
22,91,0.0002927657581169306
22,93,0.0016687648212665048
22,98,0.0002342126064935445
22,99,0.0024006792165588314
22,100,0.0001463828790584653
22,106,0.0031033170360394648
22,108,0.0001463828790584653
22,109,0.00038059548555200985
22,111,0.00017565945487015838
22,112,0.0001463828790584653
22,117,0.00020493603068185145
22,119,0.0003220423339286237
22,120,0.0003220423339286237
22,121,0.0004098720613637029
22,122,0.0005269783646104752
22,123,0.0006440846678572474
22,124,0.0001463828790584653
22,125,0.000468425212987089
22,126,0.0002927657581169306
22,127,0.00017565945487015838
22,128,0.00017565945487015838
22,129,0.00020493603068185145
22,130,0.00017565945487015838
22,131,0.00017565945487015838
23,23,0.9103720826187458
23,24,0.0006923953684075971
23,25,0.00034087156598527863
23,26,0.000245001438051919
23,27,0.00012782683724447947
23,28,0.00010652236437039957
23,29,0.0011184848258891955
23,30,0.0008415266785261566
23,31,0.0005432640582890378
23,32,0.00027695814736303887
23,33,0.00040478498460751834
23,34,0.00015978354655559935
23,35,0.0007882654963409567
23,36,0.0010226146979558357
23,37,0.00023434920161487905
23,38,0.0006391341862223974
23,39,0.0006071774769112775
23,40,0.00038348051173343846
23,41,0.0007776132599039169
23,42,0.00017043578299263932
23,43,0.00027695814736303887
23,44,0.0010865281165780756
23,45,0.00044739393035567816
23,46,0.001448704155437434
23,47,0.001991968213726472
23,48,0.00246066661695623
23,49,0.0005113073489779179
23,51,0.0015658787562448735
23,52,0.0015445742833707938
23,53,0.0013421817910670346
23,54,0.00012782683724447947
23,55,0.0011717460080743953
23,56,0.0025352322720155096
23,57,0.00021304472874079914
23,58,0.0038028484080232646
23,59,0.0004686984032297581
23,60,0.00014913131011855938
23,61,0.0012995728453188747
23,62,0.004314155757001182
23,63,0.0032169754039860668
23,64,0.00017043578299263932
23,65,0.0005965252404742375
23,67,0.0032915410590453466
23,68,0.0009480490428965562
23,69,0.00012782683724447947
23,70,0.0018960980857931123
23,71,5.3261182185199785e-05
23,72,0.00022369696517783908
23,73,0.00022369696517783908
23,74,0.000245001438051919
23,75,0.002908060547311908
23,77,0.0002663059109259989
23,78,0.0007882654963409567
23,83,0.013421817910670346
23,84,0.0013421817910670346
23,85,7.456565505927969e-05
23,86,0.00029826262023711876
23,87,0.00011717460080743953
23,88,0.0003621760388593585
23,89,0.0006604386590964773
23,90,0.00017043578299263932
23,91,0.001725662302800473
23,92,0.0030252351481193478
23,93,0.0008308744420891166
23,94,5.3261182185199785e-05
23,97,5.3261182185199785e-05
23,99,0.004441982594245662
23,100,0.00018108801942967926
23,101,0.00014913131011855938
23,102,0.00011717460080743953
23,103,0.00014913131011855938
23,105,0.00027695814736303887
23,106,0.00019174025586671923
23,107,6.391341862223973e-05
23,108,0.00010652236437039957
23,109,0.0002663059109259989
23,111,0.00020239249230375917
23,112,0.00021304472874079914
23,116,0.00020239249230375917
23,117,0.0009480490428965562
23,118,9.587012793335961e-05
23,119,0.0005219595854149578
23,120,0.0005113073489779179
23,121,0.0007882654963409567
23,122,0.0006497864226594374
23,123,0.0014060952096892742
23,124,0.00011717460080743953
23,125,0.0016724011206152732
23,126,0.00044739393035567816
23,127,0.00018108801942967926
23,128,0.00047935063966679807
23,129,0.0005219595854149578
23,130,0.0005326118218519978
23,131,0.0005113073489779179
24,24,0.8879545245797912
24,25,0.000428628287425883
24,26,0.0007347913498729423
24,27,6.123261248941186e-05
24,28,0.00010205435414901977
24,29,0.0011634196372988254
24,30,0.00087766744568157
24,31,0.00038780654576627514
24,32,0.00020410870829803954
24,33,0.0019594435996611796
24,34,0.0002143141437129415
24,35,0.0009184891873411779
24,36,0.0005612989478196087
24,37,0.00018369783746823557
24,38,0.0005000663353301968
24,39,0.0005306826415749028
24,40,0.0002755467562023534
24,41,0.00037760111035137315
24,42,0.0002653413207874514
24,43,0.00020410870829803954
24,44,0.0010613652831498056
24,45,0.001306295733107453
24,46,0.0014083500872564727
24,47,0.002275812097523141
24,48,0.002255401226693337
24,49,0.0007552022207027463
24,51,0.0018063620684376498
24,52,0.0019696490350760813
24,53,0.001367528345596865
24,54,0.00016328696663843163
24,55,0.0004898608999152949
24,56,0.002163552307959219
24,57,0.00010205435414901977
24,58,0.0023472501454274547
24,59,0.0013471174747670608
24,60,0.0002755467562023534
24,61,0.0004796554645003929
24,62,0.0036229295722902018
24,63,0.0015716370538949045
24,64,0.0001326706603937257
24,65,0.00038780654576627514
24,67,0.004612856807535694
24,68,0.0008266402686070601
24,69,0.0001734924020533336
24,70,0.000867462010266668
24,72,0.0001326706603937257
24,73,0.00020410870829803954
24,74,0.00011225978956392174
24,75,0.0025921805953851022
24,77,0.0002755467562023534
24,78,0.0005408880769898047
24,79,5.1027177074509885e-05
24,80,5.1027177074509885e-05
24,81,5.1027177074509885e-05
24,83,0.006562094971781971
24,84,0.0032759447681835344
24,85,0.00029595762703215733
24,86,0.0007143804790431384
24,87,0.0005612989478196087
24,88,0.001326706603937257
24,89,0.0005306826415749028
24,90,0.00036739567493647115
24,91,0.0006837641727984325
24,92,0.0056742220906854995
24,93,0.0012246522497882373
24,94,5.1027177074509885e-05
24,96,0.00012246522497882373
24,97,0.00011225978956392174
24,98,7.143804790431383e-05
24,99,0.00970536907957178
24,100,0.00020410870829803954
24,101,0.00019390327288313757
24,102,0.00038780654576627514
24,103,0.00029595762703215733
24,104,6.123261248941186e-05
24,105,0.0005510935124047068
24,106,0.00036739567493647115
24,107,0.00011225978956392174
24,108,0.0003061630624470593
24,109,0.0005919152540643147
24,110,0.0001734924020533336
24,111,0.0004694500290854909
24,112,0.00045924459367058896
24,114,0.0001326706603937257
24,116,0.0006429424311388246
24,117,0.0013981446518415708
24,118,0.0002755467562023534
24,119,0.0016022533601396103
24,120,0.0014491718289160807
24,121,0.003051425189055691
24,122,0.002204374049618827
24,123,0.005225182932429812
24,124,0.0005000663353301968
24,125,0.003918887199322359
24,126,0.0020614979538101995
24,127,0.00045924459367058896
24,128,0.001316501168522355
24,129,0.0014593772643309826
24,130,0.0016226642309694144
24,131,0.0013471174747670608
25,25,0.9235920852359208
25,26,0.00017623968597292318
25,27,0.00014419610670511897
25,28,8.010894816951053e-05
25,29,0.0011856124329087559
25,30,0.0010894816951053433
25,31,0.0004646318993831611
25,32,0.0003845229512136506
25,33,0.00016021789633902106
25,34,0.0002403268445085316
25,35,0.0006889369542577906
25,36,0.0006248497957221822
25,37,0.0003204357926780421
25,38,0.0008491548505968117
25,39,0.0010414163262036369
25,40,0.00030441400304414006
25,41,0.0011695906432748538
25,42,0.00011215252743731475
25,43,0.0006889369542577906
25,44,0.0013778739085155813
25,45,0.0006568933749899864
25,46,0.001361852118881679
25,47,0.0021469198109428825
25,48,0.0030761836097092047
25,49,0.0004646318993831611
25,51,0.0020027237042377632
25,52,0.0016822879115597211
25,53,0.0010894816951053433
25,55,0.0008491548505968117
25,56,0.0023231594969158054
25,57,0.00014419610670511897
25,58,0.002996074661539694
25,59,0.0004806536890170632
25,60,0.00014419610670511897
25,61,0.0012977649603460708
25,62,0.004870624048706241
25,63,0.002980052871905792
25,65,0.0006729151646238885
25,67,0.0035087719298245615
25,68,0.0011856124329087559
25,70,0.0010734599054714412
25,71,9.613073780341265e-05
25,72,0.00020828326524072738
25,73,9.613073780341265e-05
25,74,0.0003204357926780421
25,75,0.004213730673716254
25,77,0.0006889369542577906
25,78,0.0012176560121765602
25,83,0.00570375710966915
25,84,0.0012336778018104623
25,86,0.00012817431707121685
25,88,0.0001922614756068253
25,89,0.0002723704237763358
25,91,0.0007049587438916927
25,92,0.002531442762156533
25,93,0.0006889369542577906
25,99,0.003717055195065289
25,100,9.613073780341265e-05
25,101,0.0001922614756068253
25,103,0.00017623968597292318
25,105,0.00035247937194584635
25,106,9.613073780341265e-05
25,109,8.010894816951053e-05
25,111,0.00011215252743731475
25,112,0.00012817431707121685
25,116,0.00014419610670511897
25,117,0.00033645758231194424
25,118,8.010894816951053e-05
25,119,0.0003204357926780421
25,120,0.000448610109749259
25,121,0.0005287190579187695
25,122,0.0004325883201153569
25,123,0.0008331330609629095
25,125,0.0013778739085155813
25,126,0.0002243050548746295
25,128,0.00028839221341023794
25,129,0.00041656653048145477
25,130,0.0006088280060882801
25,131,0.00020828326524072738
26,26,0.8804069816464769
26,29,0.0008994069535400096
26,30,0.0007026616824531325
26,31,0.0004497034767700048
26,32,0.0001686388037887518
26,33,0.0016863880378875178
26,34,0.00019674527108687708
26,35,0.0017988139070800192
26,36,0.00039349054217375416
26,38,0.0006464487478568819
26,39,0.0004497034767700048
26,40,0.0007026616824531325
26,41,0.0003091711402793783
26,42,0.0001405323364906265
26,44,0.0016582815705893925
26,45,0.0023047303184462746
26,46,0.001517749234098766
26,47,0.002360943253042525
26,48,0.002445262654936901
26,49,0.0013772168976081396
26,51,0.001405323364906265
26,52,0.001770707439781894
26,53,0.0013491104303100143
26,55,0.0007869810843475083
26,56,0.0017426009724837686
26,58,0.003204137271986284
26,59,0.0023890497203406503
26,60,0.000562129345962506
26,61,0.0004497034767700048
26,62,0.003794373085246915
26,63,0.0015739621686950167
26,64,0.0002248517383850024
26,65,0.0005902358132606313
26,67,0.004131650692824419
26,68,0.0008994069535400096
26,70,0.0034570954776694117
26,72,0.0002248517383850024
26,73,0.0005340228786643807
26,74,0.0001686388037887518
26,75,0.0017988139070800192
26,77,0.000281064672981253
26,78,0.0005902358132606313
26,83,0.005002951179066303
26,84,0.0036257342814581634
26,86,0.0003653840748756289
26,87,0.0006464487478568819
26,88,0.002164197981955648
26,89,0.000281064672981253
26,90,0.0003653840748756289
26,91,0.0007869810843475083
26,92,0.005284015852047556
26,93,0.0019393462435706456
26,97,0.0001686388037887518
26,99,0.008937856600803845
26,100,0.0001686388037887518
26,101,0.0002248517383850024
26,102,0.0005059164113662553
26,103,0.00025295820568312766
26,105,0.0004778099440681301
26,106,0.0004497034767700048
26,107,0.000281064672981253
26,108,0.0004497034767700048
26,109,0.0007307681497512577
26,110,0.0002248517383850024
26,111,0.00039349054217375416
26,112,0.0003091711402793783
26,114,0.00019674527108687708
26,115,0.00019674527108687708
26,116,0.001124258691925012
26,117,0.0006183422805587566
26,119,0.0013772168976081396
26,120,0.002557688524129402
26,121,0.0037100536833525395
26,122,0.0026139014587256526
26,123,0.003906798954439417
26,124,0.0003653840748756289
26,125,0.00424407656201692
26,126,0.002726327327918154
26,127,0.0003653840748756289
26,128,0.0013491104303100143
26,129,0.0023047303184462746
26,130,0.002894966131706906
26,131,0.0018269203743781445
27,27,0.9412184249628529
27,29,0.0008320950965824666
27,30,0.0005646359583952452
27,31,0.0006537890044576523
27,32,0.0005943536404160475
27,33,0.000237741456166419
27,34,0.00035661218424962854
27,35,0.0003863298662704309
27,36,0.0012184249628528975
27,37,0.00032689450222882617
27,38,0.0003863298662704309
27,39,0.000475482912332838
27,40,0.000237741456166419
27,41,0.0008023774145616641
27,42,0.000237741456166419
27,43,0.0003863298662704309
27,44,0.0008023774145616641
27,45,0.00029717682020802375
27,46,0.002109955423476969
27,47,0.0010698365527488855
27,48,0.0019910846953937592
27,49,0.0008023774145616641
27,51,0.0012778603268945022
27,52,0.001099554234769688
27,53,0.0009212481426448737
27,55,0.0012481426448736998
27,56,0.0017533432392273403
27,57,0.00035661218424962854
27,58,0.0016047548291233283
27,59,0.00017830609212481427
27,61,0.002050520059435364
27,62,0.002109955423476969
27,63,0.005765230312035661
27,64,0.0010698365527488855
27,65,0.0008023774145616641
27,67,0.002109955423476969
27,68,0.0025557206537890043
27,69,0.00029717682020802375
27,70,0.0016939078751857354
27,72,0.00020802377414561664
27,73,0.0002674591381872214
27,74,0.00017830609212481427
27,75,0.002912332838038633
27,77,0.00032689450222882617
27,78,0.0019316493313521546
27,79,0.00020802377414561664
27,81,0.00017830609212481427
27,83,0.0030906389301634473
27,84,0.0006240713224368499
27,91,0.00044576523031203565
27,92,0.001099554234769688
27,93,0.0009806835066864784
27,95,0.000237741456166419
27,99,0.001188707280832095
27,123,0.000237741456166419
27,125,0.0005943536404160475
27,130,0.00020802377414561664
28,28,0.939069693037806
28,29,0.000337711736371554
28,30,0.0009242636995432004
28,31,0.00028438883062867706
28,32,0.0002132916229715078
28,33,0.0004799061516858925
28,34,0.00014219441531433853
28,35,0.0017241072856863547
28,36,0.0006043262650859387
28,37,0.00017774301914292315
28,38,0.005545582197259202
28,39,0.00028438883062867706
28,40,0.00024884022680009244
28,41,0.003092728533086863
28,42,0.00015996871722863084
28,43,0.00026661452871438475
28,44,0.0009420380014574927
28,45,0.00024884022680009244
28,46,0.0006931977746574003
28,47,0.0009064893976289081
28,48,0.001297524039743339
28,49,0.00037326034020013866
28,51,0.0013863955493148006
28,52,0.0011375553225147082
28,53,0.001297524039743339
28,54,0.00014219441531433853
28,55,0.0005332290574287695
28,56,0.0013686212474005083
28,58,0.0009420380014574927
28,59,0.0001955173210572155
28,61,0.000391034642114431
28,62,0.0015996871722863085
28,63,0.0018485273990864008
28,65,0.001510815662714847
28,66,0.0001066458114857539
28,67,0.002257336343115124
28,68,0.0004976804536001849
28,71,0.008087307371003005
28,72,0.0010842324167718313
28,73,0.0004088089440287233
28,74,0.0008531664918860312
28,75,0.0022751106450294165
28,77,0.0003199374344572617
28,78,0.0005154547555144772
28,83,0.0016530100780291854
28,84,0.001119781020600416
28,85,0.00012442011340004622
28,86,0.00014219441531433853
28,88,0.0001066458114857539
28,89,8.887150957146157e-05
28,90,0.00012442011340004622
28,91,0.0002310659248858001
28,92,0.0013686212474005083
28,93,0.0011375553225147082
28,94,0.00012442011340004622
28,96,0.0001066458114857539
28,99,0.0023817564565151703
28,100,0.00028438883062867706
28,103,0.00015996871722863084
28,105,0.0001066458114857539
28,106,0.00014219441531433853
28,107,0.00012442011340004622
28,109,0.0001955173210572155
28,111,0.0001066458114857539
28,116,0.00014219441531433853
28,120,0.0001066458114857539
28,121,0.0004621318497716002
28,122,0.00017774301914292315
28,123,0.00030216313254296937
28,125,0.0008531664918860312
28,126,0.00014219441531433853
28,128,0.00015996871722863084
28,130,0.00015996871722863084
29,29,0.9073470692669257
29,30,0.001163178265571964
29,31,0.00042853936100019726
29,32,0.00028569290733346486
29,33,0.0004421437851589337
29,34,0.0001904619382223099
29,35,0.0005849902388256661
29,36,0.0007006278441749257
29,37,0.0003401106039684105
29,38,0.0007346389045717667
29,39,0.0006190012992225071
29,40,0.0003401106039684105
29,41,0.0009182986307147084
29,42,0.000129242029507996
29,43,0.00022447299861915094
29,44,0.0014012556883498514
29,45,0.000482957057635143
29,46,0.000938705266952813
29,47,0.002067872472127936
29,48,0.0032310507376999
29,49,0.0006053968750637707
29,51,0.0015577065661753202
29,52,0.0017617729285563666
29,53,0.001326431355476801
29,54,5.4417696634945684e-05
29,55,0.0010271340239845998
29,56,0.002523620681445606
29,57,0.00011563760534925957
29,58,0.007598070892654291
29,59,0.0005101659059526158
29,60,0.00020406636238104632
29,61,0.000904694206555972
29,62,0.0058839134486535025
29,63,0.0024760051968900285
29,64,0.00013604424158736422
29,65,0.0014080579004292196
29,66,0.00013604424158736422
29,67,0.003924876369795457
29,68,0.000904694206555972
29,69,0.00010883539326989137
29,70,0.0016393331111277387
29,71,6.802212079368211e-05
29,72,0.00021767078653978273
29,73,0.000129242029507996
29,74,0.000258484059015992
29,75,0.005203692240716681
29,76,6.121990871431389e-05
29,77,0.0007822543891273442
29,78,0.0008706831461591309
29,81,3.4011060396841056e-05
29,83,0.0095435035473536
29,84,0.001326431355476801
29,86,0.00019726415030167811
29,87,0.00010883539326989137
29,88,0.00036051724020651514
29,89,0.000612199087143139
29,90,7.482433287305032e-05
29,91,0.001550904354095952
29,92,0.003074599859874431
29,93,0.0008026610253654489
29,95,4.761548455557748e-05
29,97,4.081327247620926e-05
29,99,0.00471393297100217
29,100,6.802212079368211e-05
29,101,0.00017685751406357347
29,102,6.121990871431389e-05
29,103,0.00014964866574610064
29,105,0.00017005530198420526
29,106,8.842875703178673e-05
29,107,0.00010203318119052316
29,108,0.00010883539326989137
29,109,0.00017005530198420526
29,110,3.4011060396841056e-05
29,111,0.00024487963485725556
29,112,0.00027208848317472845
29,116,0.00029249511941283307
29,117,0.0009727163273496541
29,118,0.00013604424158736422
29,119,0.0004761548455557747
29,120,0.000612199087143139
29,121,0.001326431355476801
29,122,0.0006938256320955574
29,123,0.0014080579004292196
29,124,0.00012243981742862778
29,125,0.0019590370788580445
29,126,0.0004761548455557747
29,127,0.00016325308990483705
29,128,0.0005033636938732475
29,129,0.000387726088523988
29,130,0.0008026610253654489
29,131,0.00036731945228588334
30,30,0.9156163313147099
30,31,0.0006407501465129908
30,32,0.0003438171517874585
30,33,0.0002266067591326431
30,34,0.0003281890994334831
30,35,0.0011642899003711663
30,36,0.000484469622973237
30,37,0.00040632936120336
30,38,0.0009142410627075601
30,39,0.0006641922250439539
30,40,0.0002500488376636062
30,41,0.0007657745653447939
30,42,0.00014846649736276616
30,43,0.0003360031256104708
30,44,0.0013127563977339324
30,45,0.0004922836491502246
30,46,0.000687634303574917
30,47,0.0016878296542293418
30,48,0.003742918538777105
30,49,0.0005000976753272124
30,51,0.0015393631568665755
30,52,0.0025004883766360617
30,53,0.0014455948427427232
30,54,9.376831412385231e-05
30,55,0.0005704239109201016
30,56,0.0035006837272904866
30,57,7.814026176987693e-05
30,58,0.0030084000781402617
30,59,0.0005157257276811877
30,60,0.0001953506544246923
30,61,0.0007110763821058801
30,62,0.003907013088493847
30,63,0.002469232271928111
30,64,0.00010158234030084
30,65,0.0008595428794686463
30,66,0.0001172103926548154
30,67,0.004227388161750342
30,68,0.0009142410627075601
30,69,0.0001093963664778277
30,70,0.000968939245946474
30,71,5.469818323891385e-05
30,72,0.00015628052353975385
30,73,0.00015628052353975385
30,74,0.0001250244188318031
30,75,0.007868724360226606
30,77,0.0013518265286188709
30,78,0.0009220550888845478
30,79,3.9070130884938464e-05
30,80,4.6884157061926155e-05
30,83,0.007149833951943739
30,84,0.0011252197694862278
30,85,8.595428794686462e-05
30,86,0.00017190857589372924
30,87,7.814026176987693e-05
30,88,0.0003281890994334831
30,89,0.0003907013088493846
30,90,0.0001250244188318031
30,91,0.0010158234030084
30,92,0.004313342449697206
30,93,0.0006720062512209416
30,96,3.9070130884938464e-05
30,98,4.6884157061926155e-05
30,99,0.004172689978511428
30,100,8.595428794686462e-05
30,101,0.0002422348114866185
30,103,0.0003281890994334831
30,104,4.6884157061926155e-05
30,105,0.0002187927329556554
30,106,0.00013283844500879078
30,107,8.595428794686462e-05
30,108,0.00013283844500879078
30,109,7.814026176987693e-05
30,111,0.00021097870677866772
30,112,0.00030474702090252
30,114,3.9070130884938464e-05
30,115,4.6884157061926155e-05
30,116,0.00028130494237155694
30,117,0.0005782379370970893
30,118,0.0002187927329556554
30,119,0.0005313537800351631
30,120,0.0004375854659113108
30,121,0.0009376831412385232
30,122,0.0004610275444422739
30,123,0.0011486618480171908
30,124,5.469818323891385e-05
30,125,0.0020394608321937877
30,126,0.0002969329947255323
30,127,0.00014065247118577847
30,128,0.00036725923031842155
30,129,0.0003438171517874585
30,130,0.0006954483297519047
30,131,0.00035944520414143386
31,31,0.9343337349253874
31,32,0.00032803311345174337
31,33,0.000143141722233488
31,34,0.00035785430558372
31,35,0.0006739589421826727
31,36,0.0012644185463958108
31,37,0.000518888743096394
31,38,0.0006978158958882541
31,39,0.0006501019884770913
31,40,0.00020874834492383667
31,41,0.0013538821227917408
31,42,0.000286283444466976
31,43,0.00026839072918779003
31,44,0.0018369854353297627
31,45,0.000196819868071046
31,46,0.00161034437512674
31,47,0.001467202652893252
31,48,0.0019264490117256927
31,49,0.0005844953657867427
31,51,0.001467202652893252
31,52,0.0014373814607612754
31,53,0.0012823112616749967
31,54,3.5785430558372e-05
31,55,0.001019884770913602
31,56,0.0018548781506089488
31,57,0.000429425166700464
31,58,0.0018369854353297627
31,59,0.00022067682177662735
31,60,4.771390741116267e-05
31,61,0.0028866913983753417
31,62,0.0026063721923347606
31,63,0.004365822528121384
31,64,0.00080517218756337
31,65,0.0005248529815227894
31,66,4.771390741116267e-05
31,67,0.005349921868476614
31,68,0.0035785430558372003
31,69,0.000339961590304534
31,70,0.0018966278195937162
31,71,2.9821192131976667e-05
31,72,0.00018489139121825534
31,73,0.00011928476852790667
31,74,0.00031014039817255735
31,75,0.003739577493349874
31,76,2.9821192131976667e-05
31,77,0.00028031920604058066
31,78,0.0023200887478677847
31,79,0.00017296291436546467
31,80,6.560662269034867e-05
31,81,0.00014910596065988334
31,82,3.5785430558372e-05
31,83,0.003238581465532666
31,84,0.0008886715255329047
31,85,5.3678145837558e-05
31,86,7.753509954313934e-05
31,88,0.000143141722233488
31,89,0.00011928476852790667
31,90,3.5785430558372e-05
31,91,0.00040556821299488267
31,92,0.001198811923705462
31,93,0.0009483139097968581
31,95,9.542781482232534e-05
31,97,4.174966898476733e-05
31,98,3.5785430558372e-05
31,99,0.0014970238450252287
31,100,5.9642384263953335e-05
31,101,7.1570861116744e-05
31,103,5.9642384263953335e-05
31,105,0.00011332053010151134
31,106,8.946357639593e-05
31,108,0.00010139205324872067
31,109,2.9821192131976667e-05
31,111,5.9642384263953335e-05
31,112,7.753509954313934e-05
31,116,8.349933796953466e-05
31,117,0.00019085562964465068
31,118,5.9642384263953335e-05
31,119,8.349933796953466e-05
31,120,0.00020278410649744133
31,121,0.00016699867593906933
31,122,0.00013121324538069735
31,123,0.0002624264907613947
31,125,0.00035785430558372
31,126,9.542781482232534e-05
31,127,3.5785430558372e-05
31,128,7.1570861116744e-05
31,129,0.00013717748380709266
31,130,0.00023856953705581334
31,131,8.349933796953466e-05
32,32,0.9332507028628435
32,33,0.00013603796970887875
32,34,0.0003627679192236767
32,35,0.0004534598990295958
32,36,0.0007708818283503129
32,37,0.0007708818283503129
32,38,0.0007708818283503129
32,39,0.0005592672088031681
32,40,0.00016626862964418514
32,41,0.0010429577677680704
32,42,0.00010580730977357235
32,43,0.00019649928957949153
32,44,0.001254572387315215
32,45,0.0003476525892560235
32,46,0.0005139212189002086
32,47,0.0013150337071858279
32,48,0.0034160645726896218
32,49,0.00037788324919132987
32,51,0.0012092263974122555
32,52,0.0016324556365065448
32,53,0.0015115329967653195
32,55,0.0013452643671211342
32,56,0.0045497143202636115
32,57,9.069197980591917e-05
32,58,0.002796336044015841
32,59,0.00016626862964418514
32,60,0.00010580730977357235
32,61,0.001405725686991747
32,62,0.0033707185827866622
32,63,0.0030986426433689046
32,65,0.0014964176667976662
32,67,0.0031591039632395176
32,68,0.001178995737476949
32,69,9.069197980591917e-05
32,70,0.0014964176667976662
32,71,9.069197980591917e-05
32,72,0.00018138395961183834
32,73,0.00018138395961183834
32,74,0.0002871912693854107
32,75,0.0075727803137942504
32,77,0.0013754950270564407
32,78,0.0007708818283503129
32,83,0.0045799449801989175
32,84,0.0005290365488678617
32,86,9.069197980591917e-05
32,88,9.069197980591917e-05
32,89,0.00013603796970887875
32,91,0.0005139212189002086
32,92,0.0025544907645333897
32,93,0.00039299857915898307
32,99,0.002101030865503794
32,101,0.0002569606094501043
32,103,7.557664983826597e-05
32,105,9.069197980591917e-05
32,112,0.00012092263974122555
32,116,7.557664983826597e-05
32,117,0.0003476525892560235
32,118,0.00016626862964418514
32,119,0.00039299857915898307
32,120,0.00018138395961183834
32,121,0.0002116146195471447
32,123,0.0003023065993530639
32,125,0.0004988058889325554
32,128,0.00012092263974122555
32,129,0.00018138395961183834
32,130,0.00018138395961183834
33,33,0.8969958213047547
33,34,0.00025045807463650624
33,35,0.002728674813145094
33,36,0.0006327361885553842
33,37,0.00019773005892355757
33,38,0.0008963762671201276
33,39,0.0005800081728424355
33,40,0.0006327361885553842
33,41,0.0008041022396224674
33,42,0.00039546011784711513
33,43,0.0001713660510670832
33,44,0.0014104744203213772
33,45,0.0009622862867613135
33,46,0.0017532065224555437
33,47,0.0012918363849672427
33,48,0.001555476463531986
33,49,0.000619554184627147
33,51,0.0017927525342402552
33,52,0.0014368384281778516
33,53,0.0016082044792449348
33,54,0.0003427321021341664
33,55,0.0016477504910296463
33,56,0.0013709284085366656
33,57,0.0001318200392823717
33,58,0.0025704907660062484
33,59,0.001713660510670832
33,60,0.00047455214141653814
33,61,0.0009227402749766019
33,62,0.0027418568170733313
33,63,0.0014368384281778516
33,64,0.00014500204321060887
33,65,0.00139729241639314
33,67,0.003005496895638075
33,68,0.0019773005892355757
33,69,0.0003163680942776921
33,70,0.0021750306481591332
33,71,9.22740274976602e-05
33,72,0.0001318200392823717
33,73,0.0005009161492730125
33,74,0.00015818404713884604
33,75,0.001713660510670832
33,77,0.00025045807463650624
33,78,0.0011731983496131083
33,83,0.004112785225609998
33,84,0.002333214695297979
33,85,0.0001318200392823717
33,86,0.00046137013748830097
33,87,0.00032955009820592924
33,88,0.0012918363849672427
33,89,0.0003163680942776921
33,90,0.0001713660510670832
33,91,0.0005668261689141984
33,92,0.0035723230645522733
33,93,0.0014236564242496145
33,96,0.0001713660510670832
33,100,0.0003427321021341664
33,101,0.00014500204321060887
33,102,0.00021091206285179473
33,103,0.0003031860903494549
33,105,0.00029000408642121774
33,106,0.00029000408642121774
33,107,0.0001318200392823717
33,108,0.00011863803535413454
33,109,0.0005009161492730125
33,110,0.0001318200392823717
33,114,0.00010545603142589737
33,121,0.01950936581379101
33,122,0.0018850265617379154
33,123,0.003018678899566312
33,124,0.0004481881335600638
33,126,0.0018059345381684923
33,128,0.007078736109463361
33,129,0.0016477504910296463
33,130,0.0019641185853073386
33,131,0.0016345684871014092
34,34,0.9371713152459037
34,35,0.0004815429650374463
34,36,0.0013179070622077477
34,37,0.0009504137467844334
34,38,0.0004815429650374463
34,39,0.002559781024672741
34,40,0.00021542711593780493
34,41,0.0008870528303321379
34,42,0.0007096422642657104
34,43,0.0005068873316183645
34,44,0.0007223144475561695
34,45,0.00021542711593780493
34,46,0.002116254609506672
34,47,0.0012545461457554522
34,48,0.0014192845285314207
34,49,0.0006082647979420374
34,50,8.87052830332138e-05
34,51,0.001241873962464993
34,52,0.0010517912131081063
34,53,0.006095320162710833
34,55,0.0007223144475561695
34,56,0.0017741056606642759
34,57,0.0003041323989710187
34,58,0.001343251428788666
34,59,0.00013939401619505025
34,61,0.0016220394611787664
34,62,0.002217632075830345
34,63,0.0040170821030755385
34,64,0.0012165295958840748
34,65,0.0005068873316183645
34,67,0.002128926792797131
34,68,0.0028639134236437594
34,69,0.0003928376820042325
34,70,0.001127824312850861
34,72,0.0001774105660664276
34,73,7.603309974275467e-05
34,74,0.0002027549326473458
34,75,0.0043845754184988536
34,77,0.0004942151483279054
34,78,0.0030666683562911054
34,79,0.0004688707817469872
34,80,0.0002661158490996414
34,81,0.0002661158490996414
34,83,0.002230304259120804
34,84,0.0006082647979420374
34,86,6.336091645229557e-05
34,88,0.00011404964961413202
34,89,8.87052830332138e-05
34,91,0.00021542711593780493
34,92,0.0012925626956268295
34,93,0.0009630859300748926
34,95,0.0001774105660664276
34,96,0.00015206619948550935
34,98,0.0001013774663236729
34,99,0.0010264468465271883
34,100,6.336091645229557e-05
34,101,7.603309974275467e-05
34,103,6.336091645229557e-05
34,105,0.0001013774663236729
34,106,7.603309974275467e-05
34,108,0.00015206619948550935
34,109,6.336091645229557e-05
34,111,0.00015206619948550935
34,112,8.87052830332138e-05
34,117,8.87052830332138e-05
34,119,7.603309974275467e-05
34,120,0.00013939401619505025
34,121,0.00022809929922826405
34,122,0.0001013774663236729
34,123,0.0001900827493568867
34,125,0.0003801654987137734
34,128,0.0001774105660664276
34,129,0.0001013774663236729
34,130,0.00022809929922826405
34,131,8.87052830332138e-05
35,35,0.9207159729639129
35,36,0.0007873831593554373
35,37,0.00023387618594715957
35,38,0.0008029749050852479
35,39,0.0006470574477871415
35,40,0.00034301840605583403
35,41,0.0009900758538429755
35,42,0.0006782409392467628
35,43,0.00031183491459621277
35,44,0.0015825621915757798
35,45,0.0006626491935169521
35,46,0.001660520920224833
35,47,0.001956764089091235
35,48,0.002229619639362921
35,49,0.0007639955407607213
35,50,0.00010914222010867447
35,51,0.0019099888519018033
35,52,0.0016059498101704958
35,53,0.001566970445845969
35,54,0.00034301840605583403
35,55,0.0009510964895184489
35,56,0.002151660910713868
35,57,0.00015591745729810638
35,58,0.0023309659866066904
35,60,0.0010446469638973129
35,61,0.0009199129980588277
35,62,0.003562713899261731
35,63,0.003126145018827033
35,64,0.0009744841081131649
35,65,0.0009588923623833543
35,66,7.016285578414788e-05
35,67,0.00414740436412963
35,69,0.0032118996203409915
35,70,0.001660520920224833
35,71,0.0002104885673524436
35,72,0.00022608031308225424
35,73,0.0004443647532996032
35,74,0.00023387618594715957
35,75,0.0029390440700693054
35,77,0.0004131812618399819
35,78,0.0019099888519018033
35,79,0.0002416720588120649
35,80,0.0001637133301630117
35,81,0.00017930507589282235
35,82,6.236698291924256e-05
35,83,0.004700911337537908
35,86,0.002229619639362921
35,87,0.0001637133301630117
35,88,0.00045995649902941385
35,89,0.00030403904173130746
35,90,0.00013252983870339042
35,91,0.000756199667895816
35,100,0.0026428009012029034
35,103,0.002541454553959134
35,105,0.00017930507589282235
35,106,0.0002104885673524436
35,107,0.0001637133301630117
35,108,0.00015591745729810638
35,109,0.0002416720588120649
35,110,5.4571110054337235e-05
35,114,6.236698291924256e-05
35,115,7.016285578414788e-05
35,125,0.006423799240681983
35,127,0.0004287730075697925
35,128,0.0025960256640134714
35,129,0.0011070139468165553
35,130,0.001418848861412768
35,131,0.000709424430706384
36,36,0.9500843373493976
36,37,0.0003333333333333333
36,38,0.00048192771084337347
36,39,0.00043775100401606423
36,40,0.0003132530120481928
36,41,0.0009437751004016064
36,42,0.00027710843373493976
36,43,0.00046586345381526104
36,44,0.0008393574297188755
36,45,0.00017269076305220882
36,46,0.002192771084337349
36,47,0.0011204819277108435
36,48,0.0013293172690763053
36,49,0.000429718875502008
36,51,0.001502008032128514
36,52,0.0007710843373493976
36,53,0.0010642570281124497
36,54,2.8112449799196788e-05
36,55,0.0010522088353413655
36,56,0.0016907630522088354
36,57,0.00020883534136546185
36,58,0.0014578313253012047
36,59,0.00017269076305220882
36,60,3.614457831325301e-05
36,61,0.001967871485943775
36,62,0.0017389558232931727
36,63,0.005409638554216867
36,64,0.0012650602409638553
36,65,0.0006506024096385542
36,66,4.417670682730924e-05
36,67,0.0024056224899598392
36,68,0.0020883534136546186
36,69,0.0002971887550200803
36,70,0.0015461847389558233
36,71,7.630522088353414e-05
36,72,0.00013253012048192772
36,73,0.00012449799196787148
36,74,0.00021686746987951806
36,75,0.0026224899598393573
36,77,0.0003172690763052209
36,78,0.0017751004016064258
36,79,0.0001566265060240964
36,80,6.0240963855421684e-05
36,81,0.00011244979919678715
36,82,2.8112449799196788e-05
36,83,0.0028032128514056225
36,84,0.0005823293172690763
36,85,3.21285140562249e-05
36,86,6.827309236947791e-05
36,88,0.00010441767068273092
36,89,8.835341365461848e-05
36,90,2.4096385542168674e-05
36,91,0.00040562248995983937
36,92,0.0010963855421686746
36,93,0.0007269076305220884
36,94,4.0160642570281125e-05
36,95,6.0240963855421684e-05
36,97,4.417670682730924e-05
36,98,6.42570281124498e-05
36,99,0.0008634538152610441
36,100,6.0240963855421684e-05
36,101,5.6224899598393576e-05
36,102,2.8112449799196788e-05
36,103,6.0240963855421684e-05
36,105,9.63855421686747e-05
36,106,6.827309236947791e-05
36,107,2.4096385542168674e-05
36,108,7.630522088353414e-05
36,109,7.228915662650602e-05
36,111,2.4096385542168674e-05
36,112,4.0160642570281125e-05
36,116,6.827309236947791e-05
36,117,8.835341365461848e-05
36,118,2.8112449799196788e-05
36,119,9.236947791164659e-05
36,120,0.00010040160642570282
36,121,0.00021285140562248995
36,122,0.00012048192771084337
36,123,0.00021285140562248995
36,124,2.0080321285140562e-05
36,125,0.0003534136546184739
36,126,8.433734939759036e-05
36,127,2.0080321285140562e-05
36,128,0.00011244979919678715
36,129,9.236947791164659e-05
36,130,0.00017670682730923696
36,131,6.827309236947791e-05
37,37,0.939583594108566
37,38,0.0007718946885300621
37,39,0.0006780156047899194
37,40,0.00019818917678474568
37,41,0.0013456002002753787
37,42,0.0001356031209579839
37,43,0.00019818917678474568
37,44,0.0011056869862727918
37,45,0.0002294822046981266
37,47,0.0008553427629657445
37,48,0.0028893895773355028
37,49,0.0003337922977427296
37,51,0.001460341302624442
37,52,0.001950598739934076
37,53,0.001961029749238536
37,55,0.0008762047815746651
37,56,0.002899820586639963
37,57,8.34480744356824e-05
37,58,0.001950598739934076
37,59,7.30170651312221e-05
37,61,0.0015959444235824258
37,62,0.0030458547169024074
37,63,0.0026703383819418366
37,64,8.34480744356824e-05
37,65,0.0008970668001835858
37,66,0.00012517211165352359
37,67,0.0025660282888972335
37,68,0.0012725831351441566
37,69,0.0001668961488713648
37,70,0.001846288646889473
37,71,5.21550465223015e-05
37,72,0.0002712062419159678
37,73,0.000104310093044603
37,74,0.0003233612884382693
37,75,0.013487295030667167
37,76,7.30170651312221e-05
37,77,0.0013456002002753787
37,78,0.0013247381816664581
37,83,0.0027120624191596778
37,84,0.0005319814745274753
37,86,6.258605582676179e-05
37,88,5.21550465223015e-05
37,89,0.0001147411023490633
37,91,0.0005319814745274753
37,92,0.0013143071723619977
37,93,0.0005528434931363959
37,97,6.258605582676179e-05
37,99,0.0011056869862727918
37,101,0.0001564651395669045
37,103,5.21550465223015e-05
37,105,9.38790837401427e-05
37,106,7.30170651312221e-05
37,108,5.21550465223015e-05
37,111,6.258605582676179e-05
37,112,8.34480744356824e-05
37,116,5.21550465223015e-05
37,117,0.00012517211165352359
37,118,0.0001460341302624442
37,120,5.21550465223015e-05
37,121,0.000208620186089206
37,122,0.000104310093044603
37,123,0.0001147411023490633
37,125,0.000208620186089206
37,130,7.30170651312221e-05
38,38,0.9212254556021421
38,39,0.0005811781310971813
38,40,0.0002656814313587114
38,41,0.006924322304786417
38,42,0.00021586616297895306
38,43,0.0002822865208186309
38,44,0.0016854165801818257
38,45,0.0005147577732575034
38,46,0.0007306239362364564
38,47,0.0012951969778737184
38,48,0.002324712524388725
38,49,0.0005147577732575034
38,51,0.0026153015899373156
38,52,0.0017186267591016646
38,53,0.001801652206401262
38,54,0.0003570094233882685
38,55,0.0008634646519158122
38,56,0.002142056540329611
38,57,0.000124538170949396
38,58,0.0023413176138486445
38,59,0.0003819170575781477
38,60,0.00014114326040931546
38,61,0.0009797002781352484
38,62,0.004466769064718336
38,63,0.0025322761426377184
38,64,0.00010793308148947653
38,65,0.0015691809539623894
38,66,9.963053675951679e-05
38,67,0.003536884054962846
38,68,0.0012204740753040807
38,69,0.00019095852878907386
38,72,0.006725061231267384
38,73,0.0005147577732575034
38,74,0.0014197351488231143
38,75,0.004773963219726846
38,76,9.963053675951679e-05
38,77,0.0006060857652870605
38,78,0.0012702893436838392
38,79,4.1512723649798665e-05
38,83,0.0041844825438997054
38,84,0.0011623562621943626
38,85,6.642035783967786e-05
38,86,0.0003570094233882685
38,87,0.0001328407156793557
38,88,0.00019926107351903358
38,89,0.0003071941550085101
38,91,0.0005811781310971813
38,92,0.001643903856532027
38,93,0.0009713977334052887
38,96,9.132799202955705e-05
38,97,9.963053675951679e-05
38,99,0.0034040433392834905
38,100,0.00016605089459919466
38,101,0.000124538170949396
38,103,0.0002822865208186309
38,105,0.00017435343932915438
38,106,9.132799202955705e-05
38,107,5.8117813109718126e-05
38,108,9.132799202955705e-05
38,109,0.00019926107351903358
38,111,0.0001577483498692349
38,112,0.0001328407156793557
38,116,0.000124538170949396
38,117,0.0003237992444684296
38,118,7.47229025696376e-05
38,119,0.0001328407156793557
38,120,0.00021586616297895306
38,121,0.0006974137573166175
38,122,0.0002988916102785504
38,123,0.00062269085474698
38,124,4.9815268379758396e-05
38,125,0.00155257586450247
38,126,0.000124538170949396
38,127,0.000124538170949396
38,128,0.0006725061231267383
38,129,0.0003321017891983893
38,130,0.00034870687865830877
38,131,0.00019095852878907386
39,39,0.9395199296837503
39,40,0.000283346729658307
39,41,0.0006765625993882024
39,42,0.00013299948534981757
39,43,0.00027756414333874967
39,44,0.0011622998502310144
39,45,0.00039899845604945267
39,46,0.0016711674463520555
39,47,0.0025616857395638773
39,48,0.0023997733226162735
39,49,0.00035852035181255167
39,51,0.001601776410517368
39,52,0.0017810365864236437
39,53,0.002093296247679737
39,55,0.0007633013941815616
39,56,0.0020007748665668208
39,57,9.830396743247385e-05
39,58,0.0025327728079660907
39,59,0.0005262153550797129
39,60,0.00020239052118450497
39,61,0.0008673879479335928
39,62,0.003793376625629579
39,63,0.0023592952183793723
39,64,5.2043276876015567e-05
39,65,0.0009367789837682803
39,66,6.360844951513013e-05
39,67,0.0033828129969410117
39,68,0.0006765625993882024
39,69,0.00010408655375203113
39,70,0.0014051684756524203
39,71,4.626069055645828e-05
39,72,0.00024865121174096327
39,73,0.00014456465798893213
39,74,0.0001966079348649477
39,75,0.002538555394285648
39,77,0.00024286862542140597
39,78,0.0007112581173055461
39,83,0.0046434168146045
39,84,0.0009830396743247384
39,85,2.8912931597786425e-05
39,86,0.00020817310750406227
39,87,4.0478104236901e-05
39,88,0.00021973828014317683
39,89,0.000283346729658307
39,90,5.782586319557285e-05
39,91,0.0006823451857077596
39,92,0.0023014693551837995
39,93,0.0005319979413992703
39,99,0.0033365523063845536
39,100,6.360844951513013e-05
39,101,0.00012721689903026027
39,102,4.0478104236901e-05
39,103,0.00022552086646273413
39,105,0.00020239052118450497
39,106,6.939103583468742e-05
39,107,6.939103583468742e-05
39,108,4.0478104236901e-05
39,109,9.252138111291657e-05
39,111,0.00010408655375203113
39,112,0.00013299948534981757
39,116,0.00013878207166937484
39,117,0.00033539000653432253
39,118,6.939103583468742e-05
39,119,0.0003006944886169788
39,120,0.00039899845604945267
39,121,0.0007806491531402335
39,122,0.0003816506970907808
39,123,0.0006245193225121868
39,124,4.626069055645828e-05
39,125,0.0014225162346110922
39,126,0.00021395569382361956
39,127,8.0956208473802e-05
39,128,0.0005088675961210411
39,129,0.00029491190229742153
39,130,0.0006534322541099732
39,131,0.0002370860391018487
40,40,0.9325052662163144
40,41,0.0007263746640517179
40,42,0.0006682646909275805
40,43,0.0005665722379603399
40,44,0.0009297595699861989
40,45,0.0004794072782741338
40,46,0.0022517614585603253
40,47,0.0021210140190310164
40,48,0.0025858938040241156
40,49,0.0007844846371758553
40,51,0.0015689692743517105
40,52,0.0008716495968620615
40,53,0.0018014091668482604
40,54,0.0001743299193724123
40,55,0.001220309435606886
40,56,0.0016997167138810198
40,57,0.0003486598387448246
40,58,0.001670661727318951
40,59,0.00042129730514999636
40,60,0.00013074743952930923
40,61,0.0009878695431103364
40,62,0.0021355415123120508
40,63,0.004024115638846517
40,64,0.0010023970363913707
40,65,0.0011186169826396454
40,67,0.002644003777148253
40,68,0.002513256337618944
40,69,0.0006246822110844774
40,70,0.0014527493281034358
40,71,7.263746640517178e-05
40,72,0.0003486598387448246
40,73,0.00039224231858792763
40,74,0.0002469673857775841
40,75,0.0022662889518413596
40,77,0.0003050773589017215
40,78,0.002440618871213772
40,79,0.0003050773589017215
40,80,0.00021791239921551536
40,81,0.00021791239921551536
40,82,0.0001016924529672405
40,83,0.004372775477591341
40,84,0.001336529381855161
40,86,0.00029054986562068713
40,87,0.00014527493281034357
40,88,0.00037771482530689327
40,89,0.0002469673857775841
40,90,0.00015980242609137793
40,91,0.0005229897581172369
40,94,0.0011912544490448173
40,95,0.0001016924529672405
40,96,0.00011621994624827486
40,97,0.00013074743952930923
40,98,0.0002469673857775841
40,99,0.002513256337618944
40,100,0.00023243989249654973
40,104,0.0024260913779327376
40,105,0.0001743299193724123
40,108,0.00015980242609137793
40,109,0.00031960485218275586
40,110,0.0001016924529672405
40,111,8.716495968620615e-05
40,112,0.00011621994624827486
40,116,0.00018885741265344664
40,117,0.00027602237233965277
40,118,8.716495968620615e-05
40,119,0.0003050773589017215
40,120,0.00026149487905861846
40,121,0.0013074743952930922
40,122,0.00042129730514999636
40,123,0.0008861770901430958
40,124,0.00013074743952930923
40,125,0.001176726955763783
40,126,0.00039224231858792763
40,127,0.00021791239921551536
40,128,0.0005084622648362026
40,129,0.0002469673857775841
40,130,0.0006973196774896492
40,131,0.00027602237233965277
41,41,0.9444471793953769
41,42,0.00019244109288639262
41,43,0.00025509633243079953
41,44,0.0015126764975721095
41,45,0.00022376871265859607
41,46,0.0008905994763812124
41,47,0.0011770234285842153
41,48,0.001709592964711674
41,49,0.0005638971558996622
41,51,0.0022421625008391326
41,52,0.0011277943117993243
41,53,0.001369464521470608
41,54,7.608136230392267e-05
41,55,0.0007473875002797109
41,56,0.0016916914676989863
41,57,0.0001476873503546734
41,58,0.0018528049408131754
41,59,0.000170064221620533
41,60,0.0001029336078229542
41,61,0.001821477321040972
41,62,0.0035668732797780214
41,63,0.003199892591017924
41,64,0.0001879657186332207
41,65,0.0009845823356978227
41,66,4.922911678489114e-05
41,67,0.002430128219472353
41,68,0.0016737899706862987
41,69,0.0002685224551903153
41,74,0.007205352547606794
41,75,0.004520127995703641
41,76,5.817986529123498e-05
41,77,0.00042068517979816064
41,78,0.0016916914676989863
41,79,7.608136230392267e-05
41,80,5.370449103806306e-05
41,81,3.132761977220345e-05
41,83,0.0029850746268656717
41,84,0.0009264024704065877
41,86,0.00016111347311418918
41,88,8.50321108102665e-05
41,89,0.00021929333840542414
41,90,2.2376871265859607e-05
41,91,0.0004296359283045045
41,92,0.0010203853297231981
41,93,0.0006176016469377251
41,95,4.0278368278547296e-05
41,96,2.2376871265859607e-05
41,98,2.2376871265859607e-05
41,99,0.0016693145964331267
41,100,0.00010740898207612612
41,101,7.608136230392267e-05
41,103,0.00010740898207612612
41,104,3.580299402537537e-05
41,105,4.0278368278547296e-05
41,106,4.475374253171921e-05
41,107,2.685224551903153e-05
41,108,6.713061379757882e-05
41,109,5.817986529123498e-05
41,111,8.50321108102665e-05
41,112,8.950748506343843e-05
41,116,8.50321108102665e-05
41,117,0.0001253104790888138
41,118,5.817986529123498e-05
41,119,0.0001029336078229542
41,120,0.00012083510483564188
41,121,0.0001879657186332207
41,122,7.608136230392267e-05
41,123,0.0002058672156459084
41,125,0.0006892076349884759
41,126,4.922911678489114e-05
41,127,4.475374253171921e-05
41,128,0.0001253104790888138
41,129,5.370449103806306e-05
41,130,0.0001879657186332207
41,131,8.950748506343843e-05
42,42,0.9253207267673119
42,43,0.0013075959437093662
42,44,0.0005486416547032305
42,45,0.0001645924964109692
42,46,0.005971050008686826
42,47,0.0015270526055906584
42,48,0.0007863863717412972
42,50,0.004251972823950037
42,51,0.0013258839988661405
42,52,0.0004389133237625845
42,53,0.0014904764952771098
42,54,5.486416547032306e-05
42,55,0.0011155713645632356
42,56,0.0008961147026819433
42,57,0.0007406662338493613
42,58,0.0009235467854171049
42,59,8.22962482054846e-05
42,60,7.315222062709741e-05
42,61,0.001088139281828074
42,62,0.0009418348405738792
42,63,0.008604529951262332
42,64,0.005349256133356498
42,65,0.0005120655443896819
42,67,0.001755653295050338
42,68,0.007891295800148133
42,69,0.0014996205228554969
42,70,0.0004846334616545203
42,72,5.486416547032306e-05
42,74,0.00010972833094064612
42,75,0.0009144027578387176
42,77,0.00010972833094064612
42,80,0.009116595495652014
42,81,0.0012252996955038817
42,82,0.00018288055156774353
42,83,0.0012344437230822688
42,84,0.0004937774892329075
42,85,5.486416547032306e-05
42,86,7.315222062709741e-05
42,88,9.144027578387176e-05
42,89,0.00010058430336225894
42,91,0.000155448468832582
42,92,0.0005029215168112947
42,98,0.005934473898373278
42,99,0.0007498102614277484
42,100,0.00036576110313548706
42,103,5.486416547032306e-05
42,109,0.00017373652398935634
42,113,0.0008503945647900074
42,115,0.00017373652398935634
42,116,0.0001645924964109692
42,120,6.400819304871024e-05
42,121,0.00020116860672451787
42,122,0.00011887235851903329
42,123,0.0002651767997732281
42,125,0.00036576110313548706
42,126,0.00010972833094064612
42,128,0.00013716041367580763
42,129,9.144027578387176e-05
42,130,5.486416547032306e-05
42,131,6.400819304871024e-05
43,43,0.9338737155072322
43,44,0.0009440411471727595
43,45,0.00017361676269843853
43,46,0.003982334494395434
43,47,0.0013997851492561608
43,48,0.0013129767679069414
43,49,0.0005751055264385776
43,50,0.00032553143005957226
43,51,0.0015734019119545992
43,52,0.000770424384474321
43,53,0.0011068068622025456
43,55,0.001139360005208503
43,56,0.001649359245635166
43,57,0.00045574400208340117
43,58,0.0015082956259426848
43,59,0.00020616990570439576
43,60,5.425523834326204e-05
43,61,0.001356380958581551
43,62,0.0019314864850201287
43,64,0.014019553587898912
43,65,0.0005208502880953156
43,67,0.0024848899161214015
43,68,0.0042644617337803965
43,69,0.0009331900995041071
43,70,0.0009548921948414119
43,72,0.00021702095337304816
43,74,0.00027127619171631024
43,75,0.001833827056002257
43,77,0.00033638247772822463
43,81,0.006022331456102086
43,82,0.00010851047668652408
43,83,0.0027019108694944496
43,84,0.0005534034311012728
43,85,6.510628601191445e-05
43,86,8.680838134921927e-05
43,88,0.00023872304871035298
43,89,8.680838134921927e-05
43,91,0.0003906377160714867
43,92,0.0011502110528771553
43,93,0.001432338292262118
43,95,0.00019531885803574336
43,97,8.680838134921927e-05
43,98,0.0011827641958831125
43,99,0.001378083053918856
43,100,0.0001410636196924813
43,103,6.510628601191445e-05
43,104,5.425523834326204e-05
43,105,9.765942901787168e-05
43,106,5.425523834326204e-05
43,107,6.510628601191445e-05
43,108,0.00017361676269843853
43,112,9.765942901787168e-05
43,113,7.595733368056687e-05
43,116,9.765942901787168e-05
43,117,0.00015191466736113373
43,118,7.595733368056687e-05
43,119,0.00015191466736113373
43,120,0.00019531885803574336
43,121,0.0004123398114087915
43,122,0.00015191466736113373
43,123,0.00034723352539687706
43,124,6.510628601191445e-05
43,125,0.0004882971450893583
43,126,5.425523834326204e-05
43,128,0.00015191466736113373
43,129,0.00015191466736113373
43,130,0.00030382933472226746
43,131,0.00010851047668652408
44,44,0.9239452657203997
44,45,0.0004476117556982154
44,46,0.0013703201994620807
44,47,0.003851816950350433
44,48,0.002638553507273691
44,49,0.0006949761470051239
44,50,6.674912146376897e-05
44,51,0.001974988711545635
44,52,0.002689596953098926
44,53,0.0014841863478414511
44,54,5.104344582523509e-05
44,55,0.0010287217543239688
44,56,0.002328366413412647
44,57,0.00018454168875277303
44,58,0.0029762255335021694
44,59,0.0005143608771619844
44,60,0.0002277322967587412
44,61,0.0016059053340400887
44,62,0.004503602489349588
44,63,0.0035416298564893887
44,64,0.0004279796611500481
44,65,0.0007735045251977934
44,66,6.674912146376897e-05
44,67,0.005485207216757956
44,68,0.0022419851974007105
44,69,0.00041227398551151425
44,70,0.0019396509413589335
44,71,8.245479710230284e-05
44,72,0.0004044211476922473
44,73,0.0005771835797161199
44,74,0.0005732571608064865
44,75,0.004236606003494513
44,76,4.711702691560163e-05
44,77,0.0004947287826138171
44,78,0.0017354771580579932
44,79,0.00014920391856607183
44,80,0.0001884681076624065
44,81,9.816047274083672e-05
44,82,4.3190608005968155e-05
44,83,0.0046135422188193255
44,84,0.0011936313485285746
44,85,6.674912146376897e-05
44,86,0.00033374560731884483
44,87,9.423405383120325e-05
44,88,0.00036123053968627916
44,89,0.0004044211476922473
44,90,0.00012171898619863753
44,91,0.0007813573630170603
44,92,0.0024226004672438504
44,93,0.0011033237136070047
44,94,4.711702691560163e-05
44,95,6.28227025541355e-05
44,96,5.4969864734868565e-05
44,97,7.067554037340243e-05
44,98,0.00010993972946973713
44,99,0.003007636884779237
44,100,0.00025521722912617546
44,101,0.00011779256728900406
44,102,6.674912146376897e-05
44,103,0.0003219663505899444
44,104,5.104344582523509e-05
44,105,0.0002120266211202073
44,106,0.00023558513457800812
44,107,5.889628364450203e-05
44,108,0.00016883601311423917
44,109,0.00019632094548167344
44,110,6.674912146376897e-05
44,111,0.0001884681076624065
44,112,0.00015705675638533876
44,113,3.533777018670122e-05
44,115,3.926418909633469e-05
44,116,0.00015313033747570528
44,117,0.00034945128295737875
44,118,8.638121601193631e-05
44,119,0.00024343797239727505
44,120,0.0004476117556982154
44,121,0.0008206215521133949
44,122,0.0003730097964151795
44,123,0.0007656516873785264
44,124,5.104344582523509e-05
44,125,0.0016137581718593556
44,126,0.0002630700669454424
44,127,0.00011779256728900406
44,128,0.0004162004044211477
44,129,0.00028662858040324324
44,130,0.0006125213499028211
44,131,0.0002591436480358089
45,45,0.9196693712441836
45,46,0.0012158907568919962
45,47,0.001426333387892534
45,48,0.0016017022470596488
45,49,0.0005261065775013445
45,51,0.0042906914209554095
45,52,0.001356185844225688
45,53,0.0018121448780601865
45,54,0.0007716229803353052
45,55,0.0004208852620010756
45,56,0.0015666284752262258
45,57,7.014754366684594e-05
45,58,0.0016484672761708794
45,59,0.0011808169850585732
45,60,0.0005728716066125751
45,61,0.0004676502911123062
45,62,0.003226787008674913
45,63,0.0012158907568919962
45,64,0.00016367760188930718
45,65,0.00040919400472326793
45,67,0.003425538382397643
45,68,0.0010054481258914584
45,69,0.0002688989173895761
45,70,0.0015900109897818411
45,72,0.0002104426310005378
45,73,0.0002455164028339608
45,74,0.0003156639465008067
45,75,0.00169523230528211
45,77,0.000339046461056422
45,78,0.0007014754366684593
45,79,9.353005822246124e-05
45,81,8.183880094465359e-05
45,83,0.0038464236443987187
45,87,0.0041854701054551404
45,88,0.0009820656113358431
45,89,0.00037412023288984497
45,90,0.00017536885916711483
45,91,0.00040919400472326793
45,92,0.0029345055767297217
45,93,0.0011691257277807656
45,94,7.014754366684594e-05
45,96,0.00014029508733369187
45,97,0.00017536885916711483
45,98,8.183880094465359e-05
45,100,0.0007248579512240746
45,102,0.0002455164028339608
45,103,0.0008300792667243435
45,104,0.00012860383005588422
45,105,0.0003624289756120373
45,106,0.00018706011644492249
45,107,0.00012860383005588422
45,108,0.00016367760188930718
45,109,0.0006664016648350364
45,110,0.0002338251455561531
45,114,0.00012860383005588422
45,122,0.012649940374587883
45,123,0.0021862651109500315
45,124,0.0003624289756120373
45,126,0.001087286926836112
45,129,0.008943811817522856
45,130,0.0017887623635045712
45,131,0.0007950054948909206
46,46,0.9442001381808676
46,47,0.002672586036263141
46,48,0.0014868448079472672
46,49,0.0005858682053292999
46,50,8.169476966743227e-05
46,51,0.001505517898156966
46,52,0.0006698971112729446
46,53,0.0015942150766530352
46,54,4.434858924803466e-05
46,55,0.0011180512763057158
46,56,0.0012160849999066346
46,57,0.0003711276679177637
46,58,0.0016829122551491047
46,59,0.00039213489440367486
46,60,0.00017272608443971393
46,61,0.001972345153399436
46,62,0.0018603066121412432
46,63,0.005847011371911938
46,64,0.0026212350381864696
46,65,0.0005508561611861147
46,66,3.26779078669729e-05
46,67,0.0029083338001605888
46,68,0.0027122663529587513
46,69,0.00040847384833716133
46,70,0.0012744384068119432
46,71,6.068754318152111e-05
46,72,0.00010737026870576812
46,73,0.00011670681381061752
46,74,0.00018673090209698803
46,78,0.001892984520008216
46,79,0.00020073571975426214
46,80,0.00021240640113532388
46,81,0.00023341362762123504
46,82,4.434858924803466e-05
46,83,0.003438182734860792
46,84,0.0008379549231602338
46,85,7.235822456258286e-05
46,86,0.00012604335891546693
46,87,8.636304221985696e-05
46,88,0.0002497525815547215
46,89,0.00012837749519167927
46,90,5.835340690530876e-05
46,91,0.0004971710268332307
46,92,0.002931675162922712
46,93,0.00109237577726738
46,94,2.3341362762123504e-05
46,95,0.00010036785987713107
46,96,3.501204414318526e-05
46,97,4.2014452971822304e-05
46,98,0.00020306985603047448
46,99,0.001965342744570799
46,100,0.00010036785987713107
46,101,9.336545104849402e-05
46,102,6.302167945773346e-05
46,103,0.00017272608443971393
46,104,4.2014452971822304e-05
46,105,0.0001937333109256251
46,106,0.00011670681381061752
46,107,6.53558157339458e-05
46,108,0.00015638713050622748
46,109,9.103131477228166e-05
46,110,1.8673090209698803e-05
46,111,0.00012837749519167927
46,112,0.00011670681381061752
46,113,2.3341362762123504e-05
46,114,4.2014452971822304e-05
46,115,2.1007226485911152e-05
46,116,0.00010737026870576812
46,117,0.0001843967658207757
46,119,0.000413142120889586
46,120,0.0003011035796313932
46,121,0.0007702649711500756
46,122,0.00044115175620413423
46,123,0.0006768995201015816
46,124,6.302167945773346e-05
46,125,0.0007632625623214386
46,126,0.00028476462569790675
46,127,3.9680316695609956e-05
46,128,0.0003571228502604896
46,129,0.0003687935316415514
46,130,0.0005882023416055123
46,131,0.00027075980804063264
47,47,0.9335231577714994
47,48,0.0028363217060342525
47,49,0.0007289611861302985
47,50,9.940379810867707e-05
47,51,0.0016876555945562063
47,52,0.0014402505859301656
47,53,0.0011575020046432618
47,54,5.3015358991294434e-05
47,55,0.0008880072631041818
47,56,0.0021161964130691695
47,57,0.00022973322229560922
47,58,0.003083726714660293
47,59,0.0007046624799259552
47,60,0.00025624090179125644
47,61,0.0010735610195737122
47,62,0.0034658790940558736
47,63,0.003834777633703631
47,64,0.0011994724971780366
47,65,0.0006185125215651018
47,66,4.638843911738263e-05
47,67,0.0048266066414990975
47,68,0.0020587631074952674
47,69,0.0003954062191434043
47,70,0.0014026980399779985
47,71,4.1970492534774765e-05
47,72,0.00021206143596517774
47,73,0.00026286782166516827
47,74,0.0002518229552086486
47,75,0.001764969659751844
47,76,1.3253839747823609e-05
47,77,0.00019438964963474628
47,78,0.0014269967461823419
47,79,0.0001656729968477951
47,80,0.0001833447831782266
47,81,0.00022531527571300136
47,82,4.1970492534774765e-05
47,83,0.006001780432472791
47,84,0.0013761903604823514
47,85,9.719482481737314e-05
47,86,0.0002827485812869037
47,87,0.00013253839747823609
47,88,0.0004660933644651303
47,89,0.00031367420736515874
47,90,9.056790494346133e-05
47,91,0.000848245743860711
47,92,0.00298653188984292
47,93,0.000978575168047643
47,94,3.092562607825509e-05
47,95,7.289611861302985e-05
47,96,3.755254595216689e-05
47,97,6.626919873911804e-05
47,98,0.00019438964963474628
47,99,0.00331787788353851
47,100,0.0001656729968477951
47,101,0.00011486661114780461
47,102,9.498585152606919e-05
47,103,0.00026286782166516827
47,104,5.3015358991294434e-05
47,105,0.0002915844744521194
47,106,0.0001524191570999715
47,107,9.056790494346133e-05
47,108,0.00019218067634344232
47,109,0.00017450889001301086
47,110,2.8716652786951153e-05
47,111,7.731406519563772e-05
47,112,0.00018113580988692266
47,113,3.092562607825509e-05
47,114,2.6507679495647217e-05
47,115,5.08063856999905e-05
47,116,0.0002208973291303935
47,117,0.0003931972458521004
47,118,4.638843911738263e-05
47,119,0.00047272028433904204
47,120,0.0005257356433303365
47,121,0.000748841945752034
47,122,0.0005853779221955427
47,123,0.0010779789661563201
47,124,8.394098506954953e-05
47,125,0.0014645492921345087
47,126,0.00045946644459121845
47,127,6.626919873911804e-05
47,128,0.000337972913569502
47,129,0.0004903920706694735
47,130,0.0008548726637346228
47,131,0.00037773443281297287
48,48,0.9324788068444694
48,49,0.0004262310609510417
48,50,2.1858003125694446e-05
48,51,0.0014990947143705441
48,52,0.0019872567841777203
48,53,0.0012823361833740742
48,54,6.921700989803241e-05
48,55,0.0008870706268510997
48,56,0.0032058404584351854
48,57,0.00012021901719131946
48,58,0.0035646760097486694
48,59,0.0005136630734538196
48,60,0.00020036502865219909
48,61,0.0009544661364886576
48,62,0.004398923129046007
48,63,0.0027850738982655673
48,64,9.471801354467594e-05
48,65,0.0009107501302372687
48,66,6.37525091166088e-05
48,67,0.005429892276474595
48,68,0.0009307866331024886
48,69,0.00013479101927511576
48,70,0.0014025552005653937
48,71,4.735900677233797e-05
48,72,0.00022404453203836807
48,73,0.00032604854662494215
48,74,0.0002568315367269098
48,75,0.0055082167876750006
48,76,1.6393502344270836e-05
48,77,0.0009216791318001159
48,78,0.0007959956138273728
48,79,2.1858003125694446e-05
48,80,4.371600625138889e-05
48,81,1.2750501823321761e-05
48,83,0.00795267013723183
48,84,0.0013406241917092595
48,85,6.37525091166088e-05
48,86,0.0002550100364664352
48,87,0.0001366125195355903
48,88,0.0003278700468854167
48,89,0.00041348055912771996
48,90,9.28965132842014e-05
48,91,0.0011766891682665512
48,92,0.0031238729467138312
48,93,0.0007632086091388311
48,94,2.9144004167592596e-05
48,95,1.2750501823321761e-05
48,96,4.553750651186343e-05
48,97,1.8215002604745373e-05
48,98,2.5501003646643522e-05
48,99,0.0035136740024553823
48,100,0.00011475451640989585
48,101,0.00017304252474508103
48,102,8.014601146087964e-05
48,103,0.0002513670359454861
48,104,9.653951380515048e-05
48,105,0.0002459025351640625
48,106,0.00017486402500555557
48,107,6.557400937708334e-05
48,108,6.921700989803241e-05
48,109,0.000122040517451794
48,110,3.278700468854167e-05
48,111,0.00014207702031701392
48,112,0.0002112940302150463
48,114,1.6393502344270836e-05
48,115,1.2750501823321761e-05
48,116,0.0001894360270893519
48,117,0.000535521076579514
48,118,0.00015300602187986114
48,119,0.0003624785518344329
48,120,0.0004153020593881945
48,121,0.0007049206008036459
48,122,0.0003916225560020255
48,123,0.0008469976211206598
48,124,2.9144004167592596e-05
48,125,0.0016903522417203705
48,126,0.0003060120437597223
48,127,6.193100885613426e-05
48,128,0.0003551925507925348
48,129,0.0003970870567834491
48,130,0.0006302390901241899
48,131,0.00028597554089450236
49,49,0.9277054997043169
49,50,0.00211477643791942
49,51,0.00192193968066233
49,52,0.0009513280024683105
49,53,0.0012727225978967937
49,54,0.00019283675725708996
49,55,0.0006620728665826755
49,56,0.0016198287609595558
49,57,0.00030853881161134396
49,58,0.0018126655182166456
49,59,0.0005720823798627002
49,60,0.0002056925410742293
49,61,0.0013562851927081995
49,62,0.002937546602216337
49,63,0.006035790502146916
49,64,0.00212120432982799
49,65,0.00115059265163397
49,66,4.499524335998766e-05
49,67,0.003342503792456226
49,68,0.0029889697374848945
49,69,0.00057851027177127
49,70,0.002519733628159309
49,71,0.00012212994626282364
49,72,0.0004306687578741676
49,73,0.0003021109197027743
49,74,0.0005206592445941429
49,75,0.0020504975188337235
49,77,0.0002056925410742293
49,78,0.0028347003316792226
49,79,0.0003728177306970406
49,80,0.000289255135885635
49,81,0.0005463708122284216
49,82,5.785102717712699e-05
49,83,0.003445350062993341
49,85,0.0020440696269251536
49,86,0.0005592265960455609
49,87,0.00028282724397706526
49,88,0.0005013755688684339
49,89,0.00023140410870850796
49,90,0.0001285578381713933
49,91,0.00042424086596559794
49,92,0.0022433342760908134
49,101,8.999048671997532e-05
49,102,0.0001285578381713933
49,103,0.0003663898387884709
49,104,5.785102717712699e-05
49,105,0.00023140410870850796
49,106,0.0002249762167999383
49,108,0.004518808011724475
49,113,0.0004113850821484586
49,114,0.0007520633533026509
49,115,0.0010284627053711464
49,116,0.003824595685598951
49,117,0.0003213945954284833
49,118,5.142313526855733e-05
49,119,0.00034710616306276194
49,120,0.0005463708122284216
49,121,0.0009513280024683105
49,122,0.0006877844342169542
49,123,0.0009898953539197286
49,124,0.00021854832489136863
49,125,0.0016969634638623918
49,126,0.00037924562260561025
49,127,0.00014141362198853263
49,128,0.0005977939474969789
49,129,0.0005078034607770036
49,130,0.0006170776232226879
49,131,0.00029568302779420464
50,50,0.9249940471465989
50,51,0.0011111993015318676
50,53,0.0013493134375744107
50,55,0.0011905706802127153
50,56,0.0009524565441701722
50,57,0.0006349710294467815
50,58,0.00103182792285102
50,61,0.0011111993015318676
50,62,0.0015080561949361061
50,63,0.010080165092467655
50,64,0.00722279545995714
50,65,0.0007143424081276292
50,67,0.0019049130883403444
50,68,0.0061909675371061195
50,69,0.0014286848162552584
50,70,0.0007937137868084769
50,75,0.0005555996507659338
50,80,0.009127708548297484
50,81,0.0015874275736169538
50,83,0.0021430272243828877
50,85,0.001746170330978649
50,92,0.0007143424081276292
50,113,0.011191364393999524
50,114,0.0007143424081276292
50,115,0.0019049130883403444
50,116,0.0016667989522978013
50,121,0.0006349710294467815
50,123,0.00039685689340423846
50,125,0.0006349710294467815
51,51,0.9364540323289116
51,52,0.0012573574628832469
51,53,0.0013836422735658438
51,54,0.0001894272160238953
51,55,0.0009087015725204252
51,56,0.0021633137134323115
51,57,0.0002223710796802249
51,58,0.0024405912325397524
51,59,0.0004776860230167794
51,60,0.00020589914785206008
51,61,0.0015291443380479662
51,62,0.0038461960818764827
51,63,0.005402793639638056
51,64,0.0007824167618378284
51,65,0.0013479530879381533
51,66,6.0397083369937626e-05
51,67,0.003868158657647369
51,68,0.0020260476148642715
51,69,0.0004200342616182026
51,70,0.002111152595976456
51,71,6.588772731265922e-05
51,72,0.000373363788105069
51,73,0.00036238250021962577
51,74,0.0007028024246683651
51,75,0.0031131951155231484
51,76,4.9415795484494425e-05
51,77,0.00038159975401915136
51,78,0.001979377141351138
51,79,0.00015099270842484406
51,80,0.00020040850390933847
51,81,0.0001866818940525345
51,82,3.8434507599051216e-05
51,83,0.004480365457260827
51,84,0.0011530352279715366
51,85,0.00010432223491171044
51,86,0.00032394799262057454
51,87,0.00035414653430554334
51,88,0.0003953263638759554
51,89,0.00029924009487832735
51,90,5.7651761398576824e-05
51,91,0.0007000571026970044
51,92,0.0021852762892031977
51,93,0.0011942150575419486
51,94,4.667047351313362e-05
51,95,9.608626899762805e-05
51,96,8.510498111218484e-05
51,97,0.00012903013265395765
51,98,0.00021413511376614248
51,99,0.0030308354563823247
51,100,0.00039807168584731617
51,101,0.00014550206448212246
51,102,5.216111745585522e-05
51,103,0.00032943863656329615
51,104,5.216111745585522e-05
51,105,0.0001866818940525345
51,106,0.00011530352279715365
51,107,4.392515154177282e-05
51,108,0.0002278617236229465
51,109,0.0001866818940525345
51,110,6.588772731265922e-05
51,111,7.412369322674163e-05
51,112,0.00010432223491171044
51,113,5.7651761398576824e-05
51,114,4.392515154177282e-05
51,115,6.0397083369937626e-05
51,116,0.00033492928050601775
51,117,0.00030747606079240973
51,118,6.0397083369937626e-05
51,119,0.0002498242993938329
51,120,0.00033492928050601775
51,121,0.000883993674778178
51,122,0.0008510498111218484
51,123,0.000829087235350962
51,124,5.216111745585522e-05
51,125,0.0016032680312747078
51,126,0.00031571202670649216
51,127,9.608626899762805e-05
51,128,0.0004776860230167794
51,129,0.0009004656066063428
51,130,0.0007082930686110867
51,131,0.00029924009487832735
52,52,0.9304609896556413
52,53,0.001473699523419489
52,54,0.00012649781316905484
52,55,0.0007653117696727817
52,56,0.0027481649910977165
52,57,0.00010119825053524387
52,58,0.002985348390789694
52,59,0.0007083877537467071
52,60,0.00027829518897192065
52,61,0.0008791598015249312
52,62,0.004111178927994282
52,63,0.0020682392453140468
52,64,6.324890658452742e-05
52,66,0.0015495982113209218
52,67,0.005461543083573943
52,68,0.0011131807558876826
52,69,0.0001644471571197713
52,70,0.001584385109942412
52,71,3.794934395071645e-05
52,72,0.00030043230627650524
52,73,0.0005755650499191995
52,74,0.00034470654088567443
52,75,0.005474192864890848
52,76,7.273624257220653e-05
52,77,0.0008412104575742146
52,78,0.0008032611136234982
52,79,4.111178927994282e-05
52,80,1.8974671975358226e-05
52,81,2.2137117304584596e-05
52,82,1.8974671975358226e-05
52,83,0.006647460082033832
52,84,0.0013756637182134714
52,85,0.00015495982113209218
52,86,0.0003383816502272217
52,87,0.0001834218290951295
52,88,0.0004617170180670502
52,89,0.0004237676741163337
52,90,0.0001834218290951295
52,91,0.0008981344735002894
52,92,0.003836046184351588
52,93,0.0008253982309280828
52,94,5.376157059684831e-05
52,96,5.692401592607468e-05
52,97,4.427423460916919e-05
52,98,1.8974671975358226e-05
52,100,0.00024350829035043057
52,101,0.0001834218290951295
52,102,0.00011068558652292299
52,103,0.00043325501010401285
52,104,8.222357855988564e-05
52,105,0.00039214322082407
52,106,0.0002941074156180525
52,107,7.906113323065927e-05
52,108,0.0002529956263381097
52,109,0.00015812226646131855
52,110,4.743667993839556e-05
52,112,0.005404619067647868
52,113,2.2137117304584596e-05
52,114,7.58986879014329e-05
52,115,5.059912526762193e-05
52,116,0.0003794934395071645
52,117,0.0005059912526762194
52,118,0.00023718339969197783
52,119,0.0005407781512977094
52,120,0.0006261641751868214
52,121,0.0016254968992223547
52,122,0.0007874488869773664
52,123,0.0013472017102504341
52,124,0.00015495982113209218
52,125,0.002046102128009462
52,126,0.00046804190872550293
52,127,0.00012649781316905484
52,128,0.0008475353482326674
52,129,0.0005945397218945577
52,130,0.0007811239963189137
52,131,0.0003984681114825227
53,53,0.9355990870573994
53,54,0.0009898617976394632
53,55,0.0008259356400685968
53,56,0.0020270099868859074
53,57,0.00031209018460607283
53,58,0.002238222536063755
53,59,0.0004697114899626753
53,60,0.00021751740139211136
53,61,0.0014910975486734591
53,62,0.0032627610208816704
53,63,0.0038522647029153637
53,64,0.0014375063048522143
53,65,0.0007345152829617673
53,66,0.0001229446181781499
53,67,0.004217946131342682
53,68,0.0031807979420962374
53,69,0.0005642842731766368
53,70,0.0012168364773529707
53,71,4.0981539392716635e-05
53,72,0.00018599314032079087
53,73,0.00022066982749924341
53,74,0.0003310047412488651
53,75,0.005078558458589731
53,76,6.304852214264097e-05
53,77,0.0005390648643195803
53,78,0.002521940885705639
53,79,0.0002774134974276203
53,80,0.0002774134974276203
53,81,0.00035937657621305357
53,82,8.511550489256532e-05
53,83,0.00435350045394936
53,84,0.0012767325733884797
53,85,0.00012609704428528194
53,86,0.0004350348027842227
53,87,0.0003625290023201856
53,88,0.00048232119439120346
53,89,0.0003940532633915061
53,90,0.0001229446181781499
53,91,0.0005737415514980329
53,92,0.0025030263290628466
53,96,0.0016991576717441744
53,97,9.457278321396146e-05
53,98,0.0002900232018561485
53,100,0.00047601634217693935
53,101,8.511550489256532e-05
53,102,6.304852214264097e-05
53,103,0.00028371834964188437
53,104,9.142035710682942e-05
53,105,0.00021436497528497933
53,106,0.00018914556642792292
53,107,0.00011033491374962171
53,108,0.00028056592353475234
53,109,0.0003625290023201856
53,110,5.674366992837688e-05
53,111,0.0029979572278825786
53,112,0.0002774134974276203
53,113,2.837183496418844e-05
53,114,7.881065267830122e-05
53,115,5.989609603550893e-05
53,116,0.00020490769696358317
53,117,0.0003656814284273177
53,118,0.00010718248764248967
53,119,0.00032469988903460105
53,120,0.0004318823766770907
53,121,0.0011821597901745184
53,122,0.0007944113789972763
53,123,0.0009993190759608594
53,124,0.00011033491374962171
53,126,0.0003751387067487138
53,127,0.001736986785029759
53,128,0.0006620094824977302
53,129,0.0007061434479975789
53,130,0.0005296075859981842
53,131,0.00035937657621305357
54,54,0.924213427237235
54,58,0.0006889688432978642
54,59,0.0007655209369976268
54,60,0.0007655209369976268
54,62,0.0018372502487943045
54,63,0.0003827604684988134
54,67,0.0065069279644798285
54,68,0.0007655209369976268
54,69,0.0013779376865957285
54,70,0.00045931256219857613
54,75,0.0009186251243971523
54,78,0.0003827604684988134
54,83,0.0022965628109928807
54,84,0.002220010717293118
54,86,0.0026027711857919316
54,87,0.0023731149046926432
54,88,0.0009186251243971523
54,92,0.0022965628109928807
54,96,0.005894511214881727
54,98,0.0003827604684988134
54,100,0.0063538237770803035
54,103,0.001224833499196203
54,106,0.0006889688432978642
54,107,0.00045931256219857613
54,108,0.00199035443619383
54,109,0.0023731149046926432
54,110,0.0006124167495981015
54,111,0.0028324274668912195
54,112,0.00045931256219857613
54,113,0.00045931256219857613
54,114,0.0005358646558983388
54,117,0.0003827604684988134
54,119,0.00045931256219857613
54,120,0.00045931256219857613
54,121,0.00199035443619383
54,122,0.003215187935390033
54,123,0.0019138023424940672
54,124,0.00045931256219857613
54,126,0.0009186251243971523
54,127,0.0038276046849881344
54,128,0.0018372502487943045
54,129,0.0032917400290897957
54,130,0.0009186251243971523
54,131,0.00045931256219857613
55,55,0.9555236888325663
55,56,0.002204732578907194
55,57,0.0002149151085321298
55,58,0.002356655328041975
55,59,0.00024455857177794083
55,60,9.26358226431594e-05
55,61,0.0014414134003275603
55,62,0.002575275869479831
55,63,0.004064859897581835
55,64,0.0008781875986571511
55,65,0.0009819397200174897
55,66,7.78140910202539e-05
55,67,0.004135263122790635
55,68,0.0017526697644085758
55,69,0.00026679116921229907
55,70,0.0026086247656313686
55,71,8.522495683170665e-05
55,72,0.00033719439442110024
55,73,0.00022603140724930895
55,74,0.000463179113215797
55,75,0.0020935695917354024
55,76,2.9643463245811008e-05
55,77,0.00020750424272067706
55,78,0.0014117699370817492
55,79,0.00011116298717179128
55,80,0.00019268251109777156
55,81,0.00013339558460614953
55,82,5.1876060680169266e-05
55,83,0.003946286044598591
55,84,0.0007818463431082653
55,85,5.558149358589564e-05
55,86,0.00011486842007751765
55,87,7.040322520880115e-05
55,88,0.00023344227306076168
55,89,0.00016674448075768692
55,90,4.446519486871651e-05
55,91,0.0005817529661990411
55,92,0.0012820797853813262
55,93,0.0008596604341285192
55,94,5.558149358589564e-05
55,95,5.9286926491622016e-05
55,96,9.634125554888578e-05
55,97,4.0759761962990134e-05
55,98,9.26358226431594e-05
55,99,0.0015266383571592669
55,100,0.00014821731622905503
55,101,8.893038973743302e-05
55,102,4.446519486871651e-05
55,103,0.00010004668845461215
55,104,7.78140910202539e-05
55,105,0.00011116298717179128
55,106,7.410865811452752e-05
55,107,2.5938030340084633e-05
55,108,0.00010004668845461215
55,109,9.634125554888578e-05
55,110,4.0759761962990134e-05
55,111,7.78140910202539e-05
55,112,9.634125554888578e-05
55,113,3.705432905726376e-05
55,115,2.2232597434358254e-05
55,116,0.00011116298717179128
55,117,0.0002000933769092243
55,118,2.9643463245811008e-05
55,119,0.00015933361494623418
55,120,0.0002149151085321298
55,121,0.0006929159533708324
55,122,0.0002482640046836672
55,123,0.000403892186724175
55,124,4.446519486871651e-05
55,125,0.0006484507585021158
55,126,0.0001852716452863188
55,127,3.705432905726376e-05
55,128,0.00040759761962990136
55,129,0.00021120967562640345
55,130,0.00032607809570392107
55,131,0.0001556281820405078
56,56,0.9425801713015498
56,57,0.00017487680900343537
56,58,0.003221619436974398
56,59,0.00040415973636349505
56,60,0.00013601529589156084
56,61,0.0011133823506552052
56,62,0.003926955899954921
56,63,0.0033129439927873034
56,64,0.0004235904929194323
56,65,0.0007325395221588348
56,66,0.0001029830097464675
56,67,0.0053667749607498715
56,68,0.0013387791267040774
56,69,0.00026037213784955933
56,70,0.001206649982123704
56,71,6.412149663459297e-05
56,72,0.00026231521350515306
56,73,0.0001787629603146228
56,74,0.00029146134833905895
56,77,0.007768416471063718
56,78,0.0011366992585223298
56,79,8.16091775349365e-05
56,80,7.383687491256159e-05
56,81,0.00011269838802443612
56,82,1.7487680900343535e-05
56,83,0.006015762229718176
56,84,0.0009812532060748318
56,85,7.772302622374904e-05
56,86,0.00023511215432684088
56,87,0.0001262999176135922
56,88,0.00021762447342649733
56,89,0.0003672412989072143
56,90,6.800764794578042e-05
56,91,0.0009909685843528004
56,93,0.0007033933873249289
56,94,2.3316907867124714e-05
56,95,5.4406118356624334e-05
56,96,6.800764794578042e-05
56,97,3.303228614509334e-05
56,98,7.966610187934278e-05
56,99,0.0028427196841336213
56,100,0.00012435684195799847
56,101,0.004057141968879701
56,102,5.8292269667811786e-05
56,103,0.0003108921048949962
56,104,6.606457229018669e-05
56,105,0.0002739736674387154
56,106,0.00019236448990377888
56,107,9.326763146849886e-05
56,108,0.00017487680900343537
56,109,8.549532884612395e-05
56,110,1.943075655593726e-05
56,111,0.00017487680900343537
56,112,0.00036529822325162054
56,113,2.525998352271844e-05
56,114,2.7203059178312167e-05
56,115,2.9146134833905893e-05
56,116,0.00025065675957159066
56,117,0.0003711274502184017
56,118,0.00014378759851393574
56,119,0.0004993704434875876
56,120,0.000283689045716684
56,121,0.0007422549004368034
56,122,0.0004274766442306198
56,123,0.0006878487820801791
56,124,5.8292269667811786e-05
56,125,0.0014534205903841072
56,126,0.00021762447342649733
56,127,0.00011269838802443612
56,128,0.0003672412989072143
56,129,0.0003769566771851829
56,130,0.0005790365453669304
56,131,0.00017681988465902907
57,57,0.9526077463034335
57,58,0.0014361288998959538
57,59,7.327188264775275e-05
57,61,0.0020955758437257287
57,62,0.0015680182886619088
57,63,0.00908571344832134
57,64,0.0033118890956784245
57,65,0.0004103225428274154
57,67,0.0026377877753190992
57,68,0.00558331745775876
57,69,0.0011870044988935946
57,70,0.0012309676284822462
57,72,0.0001465437652955055
57,73,0.00013188938876595495
57,74,0.00030774190712056155
57,75,0.0018024883131347177
57,77,0.0002637787775319099
57,82,0.006594469438297747
57,83,0.002183502102903032
57,84,0.0006008294377115726
57,86,0.0001172350122364044
57,88,7.327188264775275e-05
57,91,0.000293087530591011
57,92,0.0006008294377115726
57,93,0.0014068201468368528
57,95,0.0001465437652955055
57,96,0.00013188938876595495
57,97,0.0001172350122364044
57,98,0.0007766819560661791
57,99,0.0006887556968888759
57,100,0.00033705066017966265
57,103,8.79262591773033e-05
57,106,8.79262591773033e-05
57,108,0.00021981564794325826
57,113,0.00010258063570685385
57,121,0.0001758525183546066
57,122,7.327188264775275e-05
57,123,7.327188264775275e-05
57,125,0.0002637787775319099
57,130,8.79262591773033e-05
58,58,0.9337599042469903
58,59,0.0006701890876000672
58,60,0.00029103012366730747
58,61,0.0011641204946692299
58,62,0.006365771578244064
58,63,0.0033939851041764873
58,64,0.000270535044535807
58,65,0.0009407241321358742
58,66,9.427736400490242e-05
58,67,0.005300027463406036
58,68,0.001082140178143228
58,69,0.00016191112513885416
58,70,0.0020351613577580022
58,71,2.6643602870950683e-05
58,72,0.00031357471071195804
58,73,0.0002664360287095068
58,74,0.00041400059845631064
58,75,0.004221986301089108
58,76,4.303966617615111e-05
58,77,0.0009284270846569738
58,78,0.0008546447997835719
58,79,2.6643602870950683e-05
58,80,3.6891142436700946e-05
58,81,2.8693110784100736e-05
58,82,3.074261869725079e-05
58,84,0.001246100811195232
58,85,0.00010452490357065268
58,86,0.00023569341001225606
58,87,9.837637983120252e-05
58,88,0.00038735699558535997
58,91,0.015410249998975245
58,92,0.0031480441545984807
58,93,0.0007583179278655194
58,94,3.6891142436700946e-05
58,95,1.8445571218350473e-05
58,96,4.918818991560126e-05
58,97,4.099015826300105e-05
58,98,3.074261869725079e-05
58,99,0.0037915896393275975
58,100,0.00012911899852845331
58,101,0.00036481240854070935
58,102,7.7881300699702e-05
58,103,0.0002787330761884072
58,104,8.607933235230221e-05
58,105,0.0002664360287095068
58,106,0.00014346555392050369
58,107,7.583179278655195e-05
58,108,0.00018445571218350475
58,109,8.812884026545226e-05
58,110,2.6643602870950683e-05
58,111,0.00019675275966240505
58,112,0.0003197232344514082
58,114,2.459409495780063e-05
58,115,2.2544587044650578e-05
58,116,0.0003422678214960588
58,117,0.0006886346588184177
58,118,0.0001352675222679035
58,119,0.0004467927250667115
58,120,0.0005595156602899644
58,121,0.00116617000258238
58,122,0.0005492681207242142
58,123,0.0008280011969126213
58,124,5.123769782875132e-05
58,125,0.001977775136189801
58,126,0.00033611929775660866
58,127,0.00014346555392050369
58,128,0.0006107533581187157
58,129,0.0005144264862006632
58,130,0.0009243280688306738
58,131,0.00035456486897495913
59,59,0.9145764451031809
59,60,0.003885911906662106
59,61,0.0003800402842701326
59,62,0.003923915935089119
59,63,0.001235130923877931
59,64,4.7505035533766576e-05
59,65,0.0006270664690457188
59,66,8.550906396077984e-05
59,67,0.004408467297533539
59,68,0.0007505795614335119
59,69,0.00019952114924181964
59,70,0.001415650058906244
59,72,0.00021852316345532627
59,73,0.00012351309238779312
59,74,0.00025652719188233955
59,75,0.0012541329380914377
59,77,0.0002375251776688329
59,78,0.0004845513624444191
59,83,0.004712499524949645
59,88,0.009120966822483183
59,89,0.000389541291376886
59,90,0.00026602819898909286
59,91,0.000988104739102345
59,92,0.003942917949302626
59,93,0.0011021168243833847
59,94,4.7505035533766576e-05
59,96,0.00026602819898909286
59,97,6.650704974727321e-05
59,98,7.600805685402653e-05
59,100,0.00022802417056207958
59,101,0.000361038270056626
59,102,0.00035153726294987267
59,103,0.0003135332345228594
59,104,7.600805685402653e-05
59,105,0.0003990422984836393
59,106,0.00034203625584311936
59,107,0.00010451107817428648
59,108,0.0004845513624444191
59,110,0.0010641127959563714
59,114,0.0002945312203093528
59,115,0.0001900201421350663
59,120,0.01151522061338502
59,121,0.003733895792954053
59,122,0.002384752783795082
59,126,0.006565195910766541
59,130,0.011819252840801125
59,131,0.004531980389921332
60,60,0.9070232949435758
60,61,0.00029009892373299296
60,62,0.005685938905166662
60,63,0.0012184154796785703
60,65,0.0007252473093324824
60,67,0.006034057613646253
60,69,0.0011023759101853733
60,70,0.0018276232195178555
60,72,0.00014504946186649648
60,73,0.00037712860085289084
60,74,0.00020306924661309507
60,75,0.0016535638652780597
60,77,0.00014504946186649648
60,78,0.0006092077398392852
60,83,0.0058890081517797566
60,88,0.008702967711989789
60,89,0.0005221780627193873
60,90,0.00026108903135969364
60,91,0.001769603434771257
60,100,0.001769603434771257
60,103,0.005976037828899655
60,105,0.0003481187084795915
60,106,0.00029009892373299296
60,107,0.00020306924661309507
60,108,0.0007542572017057817
60,110,0.0011023759101853733
60,114,0.00026108903135969364
60,130,0.035885236865771226
60,131,0.008789997389109686
61,61,0.9680359598237666
61,62,0.0023132311024841607
61,63,0.005562451668401218
61,64,0.00019611207805260707
61,65,0.0006507355317200143
61,66,7.799912195274144e-05
61,67,0.0028503107707873233
61,68,0.0020970621073579917
61,69,0.00012479859512438632
61,70,0.0022352319805314194
61,71,5.794220487917936e-05
61,72,0.00020948335610164847
61,73,6.239929756219316e-05
61,74,0.00048136600976549006
61,75,0.0034185900878715824
61,76,2.0056917073562085e-05
61,77,0.00040559543415425554
61,78,0.0018028939902790808
61,79,5.794220487917936e-05
61,80,5.3485112196165567e-05
61,81,3.788528780561728e-05
61,82,8.468476097726214e-05
61,83,0.003035280117132396
61,84,0.000637364253670973
61,85,3.565674146411038e-05
61,86,8.914185366027594e-05
61,87,2.6742556098082783e-05
61,88,6.462784390370006e-05
61,89,0.00010251313170931733
61,90,1.3371278049041392e-05
61,91,0.0006195358829389178
61,92,0.0008557617951386491
61,93,0.0005994789658653557
61,95,3.342819512260348e-05
61,96,2.2285463415068984e-05
61,97,2.6742556098082783e-05
61,98,2.4514009756575884e-05
61,99,0.000791133951234949
61,100,4.457092683013797e-05
61,101,0.00010697022439233113
61,102,2.4514009756575884e-05
61,103,5.125656585465867e-05
61,104,2.4514009756575884e-05
61,105,8.691330731876904e-05
61,106,5.3485112196165567e-05
61,107,1.782837073205519e-05
61,108,4.902801951315177e-05
61,109,4.457092683013797e-05
61,110,1.559982439054829e-05
61,111,3.565674146411038e-05
61,112,8.245621463575524e-05
61,116,8.914185366027594e-05
61,117,7.354202926972765e-05
61,118,3.342819512260348e-05
61,119,6.239929756219316e-05
61,120,0.00010697022439233113
61,121,0.00015822679024698978
61,122,0.00010251313170931733
61,123,0.00016268388293000358
61,124,1.1142731707534492e-05
61,125,0.0003097679414694589
61,126,4.902801951315177e-05
61,127,2.2285463415068984e-05
61,128,6.462784390370006e-05
61,129,8.245621463575524e-05
61,130,0.00015376969756397598
61,131,4.679947317164487e-05
62,62,0.9398745652639734
62,63,0.0029724131489448206
62,64,9.477657452735335e-05
62,65,0.001173031806468982
62,66,0.0001387309279313433
62,67,0.005784118193256304
62,68,0.0011675375122934832
62,69,0.0002609789733361904
62,70,0.0019491008587581796
62,71,4.258077986011527e-05
62,72,0.0004848714609877642
62,73,0.0003172954886350525
62,74,0.0007623333168504508
62,75,0.0045094419445405945
62,76,4.120720631624058e-05
62,77,0.0010274330108182652
62,78,0.001094738114468125
62,79,2.197717670199498e-05
62,80,7.005225073760899e-05
62,81,3.159219150911778e-05
62,82,2.472432378974435e-05
62,84,0.0013584642348920645
62,85,0.00014971951628234078
62,86,0.0004354228134082755
62,87,0.0001689495458965864
62,88,0.0006167345211997341
62,89,0.009391122319471229
62,90,0.00015246666337009017
62,91,0.0029380738103479535
62,92,0.0028432972358206003
62,93,0.0008433741559390573
62,94,1.5109308982621548e-05
62,95,2.8845044421368408e-05
62,96,9.615014807122803e-05
62,97,3.296576505299247e-05
62,98,3.7086485684616525e-05
62,99,0.004008087601026334
62,100,0.00022938678182707258
62,101,0.0003131747680034284
62,102,9.065585389572929e-05
62,103,0.000490365755163263
62,104,9.477657452735335e-05
62,105,0.0002513639585290676
62,106,0.00019504744323020542
62,107,7.96672655447318e-05
62,108,0.00022526606119544854
62,109,0.00016620239880883703
62,110,6.043723593048619e-05
62,111,0.00031180119445955377
62,112,0.00041756635733790457
62,113,1.5109308982621548e-05
62,114,4.8075074035614014e-05
62,115,5.90636623866115e-05
62,116,0.00039146846000428554
62,117,0.0007444768607800799
62,118,0.00011263303059772427
62,119,0.00040245704835528305
62,120,0.000756839022674952
62,121,0.0011524282033108617
62,122,0.0007980462289911926
62,123,0.000962875054256155
62,124,0.00010301801579060146
62,125,0.002565835379957914
62,126,0.0004093249160746565
62,127,0.0002499903849851929
62,128,0.0007101375221832127
62,129,0.0007348618459729571
62,130,0.0013969242941205557
62,131,0.0005013543435142604
63,63,0.971500760520534
63,64,0.0017094811559912118
63,65,0.0009092445496028393
63,66,6.422173398681765e-05
63,67,0.0029550447862092275
63,68,0.002397329727902653
63,69,0.00029575798546560756
63,70,0.0015954030758830488
63,71,6.760182524928173e-05
63,72,0.00021970593206016562
63,73,0.00010985296603008281
63,74,0.00036673990197735336
63,75,0.0027497042420145342
63,76,2.2815616021632584e-05
63,77,0.0004529322291701876
63,78,0.0020136893696129795
63,79,0.00013435862768294745
63,80,0.00018675004225114078
63,81,0.00011238803447693088
63,82,8.112219029913807e-05
63,83,0.003470508703735001
63,84,0.000659962818996113
63,85,5.915159709312151e-05
63,86,9.971269224269055e-05
63,87,2.7885752915328714e-05
63,88,0.00010900794321446679
63,89,0.0003320939665370965
63,90,2.8730775730944735e-05
63,91,0.0008407977015379416
63,92,0.0010393780632077065
63,93,0.0007951664694946764
63,94,2.1970593206016563e-05
63,95,5.746155146188947e-05
63,96,4.056109514956904e-05
63,97,4.816630049011323e-05
63,98,0.00010055771505830657
63,99,0.0011559912117627177
63,100,5.746155146188947e-05
63,101,0.00016224438059827615
63,102,2.028054757478452e-05
63,103,0.00010393780632077065
63,104,2.450566165286463e-05
63,105,5.323643738380936e-05
63,106,5.408146019942539e-05
63,107,2.7885752915328714e-05
63,108,0.00015548419807334798
63,109,3.971607233395302e-05
63,110,8.450228156160216e-06
63,111,5.239141456819334e-05
63,112,5.9996619908737535e-05
63,113,3.971607233395302e-05
63,114,5.07013689369613e-06
63,115,2.7040730099712694e-05
63,116,0.0001597093121514281
63,117,0.0001250633767111712
63,118,3.2110866993408824e-05
63,119,9.971269224269055e-05
63,120,0.0001521041068108839
63,121,0.00022562109176947777
63,122,0.0001208382626330911
63,123,0.00019351022477606894
63,124,1.2675342234240325e-05
63,125,0.0005027885752915328
63,126,5.746155146188947e-05
63,127,2.7040730099712694e-05
63,128,0.0001292884907892513
63,129,0.00011069798884569883
63,130,0.0002450566165286463
63,131,8.281223593037012e-05
64,64,0.9825095404394208
64,65,0.0008678789288131651
64,66,2.0762653799358018e-05
64,67,0.0015364363811524934
64,68,0.004135920636832117
64,69,0.0006021169601813825
64,70,0.0003363549915495999
64,72,2.491518455922962e-05
64,74,7.474555367768886e-05
64,75,0.0004484733220661332
64,77,4.567783835858764e-05
64,81,0.0042771066826677515
64,82,0.00014533857659550613
64,83,0.0013371149046786563
64,84,0.0002740670301515258
64,85,3.322024607897283e-05
64,88,2.0762653799358018e-05
64,89,5.813543063820245e-05
64,91,0.0002034740072337086
64,92,0.00024915184559229624
64,93,0.001237454166441738
64,94,3.322024607897283e-05
64,95,0.00014949110735537773
64,96,4.983036911845924e-05
64,97,6.644049215794566e-05
64,98,0.00024084678407255302
64,99,0.00016610123039486414
64,100,9.966073823691849e-05
64,101,5.398289987833085e-05
64,104,2.9067715319101225e-05
64,105,2.0762653799358018e-05
64,106,2.9067715319101225e-05
64,108,0.00016610123039486414
64,113,5.813543063820245e-05
64,116,2.491518455922962e-05
64,119,2.0762653799358018e-05
64,121,3.322024607897283e-05
64,125,8.305061519743207e-05
64,127,2.491518455922962e-05
64,129,2.491518455922962e-05
64,130,2.0762653799358018e-05
65,65,0.9420732538795102
65,66,0.004739956909482641
65,67,0.0052908609921727984
65,68,0.0014672593885510133
65,69,0.0003545422314342597
65,70,0.002099980909264461
65,71,0.0001363623967054845
65,72,0.00041454168598467286
65,73,0.0004254506777211116
65,74,0.0008672648430468814
65,76,0.0056399487277388385
65,77,0.0011454441323260698
65,78,0.0014563503968145744
65,79,3.8181471077535655e-05
65,80,9.272642975972945e-05
65,81,0.00015272588431014262
65,82,3.272697520931628e-05
65,83,0.005203589058281288
65,84,0.0009109008099926364
65,85,0.00017454386778302015
65,86,0.000518177107480841
65,87,0.00010908991736438759
65,88,0.0004909046281397442
65,89,0.0015545313224425233
65,90,9.818092562794884e-05
65,91,0.0017399841819619821
65,92,0.00158180380178362
65,93,0.0006709029917909837
65,94,4.909046281397442e-05
65,95,3.8181471077535655e-05
65,96,5.4544958682193795e-05
65,97,8.18174380232907e-05
65,99,0.003850874082962882
65,100,0.0003109062644885047
65,101,0.0002454523140698721
65,102,6.545395041863256e-05
65,103,0.0005781765620312542
65,104,0.00015272588431014262
65,105,0.0001909073553876783
65,106,0.00016908937191480078
65,107,5.4544958682193795e-05
65,108,0.00025636130580631086
65,109,0.00014181689257370387
65,111,0.000272724793410969
65,112,0.00021817983472877518
65,113,2.7272479341096898e-05
65,114,5.4544958682193795e-05
65,115,2.7272479341096898e-05
65,116,0.0005836310578994737
65,117,0.0005127226116126217
65,118,0.0001909073553876783
65,119,0.00022363433059699458
65,120,0.00044726866119398917
65,121,0.0021436168762102165
65,122,0.0004799956364033054
65,123,0.0008781738347833202
65,124,8.727193389151008e-05
65,125,0.002601794529140644
65,126,0.00022908882646521396
65,127,0.0002454523140698721
65,128,0.0018763465786674667
65,129,0.0007090844628685194
65,130,0.0018545285951945892
65,131,0.0005727220661630349
66,66,0.9386560769150382
66,67,0.006688264186435364
66,68,0.0015153098547392623
66,69,0.0005225206395652628
66,70,0.0018810743024349462
66,72,0.0003135123837391577
66,73,0.0008360330233044205
66,74,0.0005747727035217891
66,76,0.007367541017870206
66,77,0.0021945866861741038
66,78,0.001306301598913157
66,83,0.006583760058522311
66,84,0.0010450412791305256
66,86,0.0007837809593478943
66,88,0.00041801651165221024
66,89,0.001672066046608841
66,91,0.001306301598913157
66,92,0.0018288222384784199
66,93,0.0008882850872609468
66,100,0.0003135123837391577
66,101,0.0003135123837391577
66,103,0.0006792768314348417
66,105,0.0002612603197826314
66,108,0.0005225206395652628
66,112,0.005695474971261365
66,116,0.00047026857560873654
66,117,0.0008882850872609468
66,118,0.00047026857560873654
66,119,0.0003135123837391577
66,120,0.00041801651165221024
66,121,0.0024558470059567353
66,122,0.00047026857560873654
66,123,0.0008360330233044205
66,125,0.0028738635176089457
66,127,0.00047026857560873654
66,128,0.0015675619186957886
66,129,0.0007837809593478943
66,130,0.0015153098547392623
66,131,0.0005747727035217891
67,67,0.9461376759945045
67,68,0.0020724224487898603
67,69,0.00046871610524032355
67,70,0.001886485481421798
67,71,6.585267594285538e-05
67,72,0.00034863181381511666
67,73,0.0004312704659786999
67,74,0.0004893757682812194
67,75,0.0035883252244155897
67,76,0.00013816149658599068
67,77,0.0009568006445814869
67,78,0.0013493342423585072
67,79,0.00011879306248515087
67,80,0.00012266674930531884
67,81,0.00017431590690755833
67,82,5.29403865422955e-05
67,83,0.006506502628942122
67,84,0.0016488993564514963
67,85,0.00017302467796750234
67,86,0.0005758881072649705
67,87,0.0002634107037714215
67,88,0.0007850671955540405
67,89,0.0013260921214374994
67,90,0.0001588211596268865
67,91,0.001985910109806109
67,93,0.001044604212505294
67,94,5.035792866218352e-05
67,95,7.489127852324728e-05
67,96,0.00018851942524817421
67,97,6.972636276302333e-05
67,98,8.909479686386316e-05
67,99,0.004388887167250302
67,100,0.00040415465823752416
67,105,0.0054567335006766035
67,106,0.000313768632433605
67,107,0.00013945272552604666
67,108,0.00031893354819382896
67,109,0.0002879440536324853
67,110,7.747373640335927e-05
67,111,0.00037703885049634843
67,112,0.0005952565413658103
67,113,3.4863181381511666e-05
67,114,0.00010846323096470296
67,115,8.651233898375117e-05
67,116,0.0004725897920604915
67,117,0.000635284638507546
67,118,0.00011750183354509488
67,119,0.0005552284442240747
67,120,0.0009038602580391914
67,121,0.0014487588707428182
67,122,0.0009167725474397512
67,123,0.0013790325079797948
67,124,0.0001368702676459347
67,125,0.002823917691902445
67,126,0.0006120425175865381
67,127,0.00035379672957534065
67,128,0.0007695724482733687
67,129,0.0007514952431125849
67,130,0.0015443098123069613
67,131,0.0006469056989680498
68,68,0.9750787820575532
68,69,0.002604328788727718
68,70,0.001080566697201199
68,71,3.5574212253537414e-05
68,72,0.00013636781363856007
68,73,8.448875410215135e-05
68,74,0.00028904047455999147
68,75,0.0020959140052709125
68,76,8.152423641435657e-05
68,77,0.0002845936980282993
68,79,0.004854397713763959
68,80,0.0007870794461095152
68,81,0.001277707123439552
68,82,0.00038686955825721934
68,83,0.0020929494875831177
68,84,0.0006403358205636734
68,85,6.225487144369047e-05
68,86,4.891454184861394e-05
68,87,4.595002416081916e-05
68,88,0.00011858070751179137
68,89,0.00023567915617968535
68,90,3.7056471097434804e-05
68,91,0.0004343018412619359
68,92,0.0005647406195249064
68,93,0.0016793992701357452
68,94,4.743228300471655e-05
68,95,0.00023567915617968535
68,96,0.00014081459017025225
68,97,0.00010375811907281745
68,98,0.0006492293736270578
68,99,0.0007544697515437725
68,100,0.00012450974288738095
68,101,5.1879059536408724e-05
68,102,1.6304847282871314e-05
68,103,3.409195340964002e-05
68,104,3.5574212253537414e-05
68,105,0.00015860169629702096
68,106,6.373713028758786e-05
68,107,2.223388265846088e-05
68,108,0.0003142388749062471
68,109,7.114842450707483e-05
68,111,5.780809491199829e-05
68,112,0.00010672263676061223
68,113,0.00015415491976532877
68,114,1.3340329595076528e-05
68,115,5.1879059536408724e-05
68,116,8.893553063384352e-05
68,117,9.634682485333048e-05
68,118,3.5574212253537414e-05
68,119,6.521938913148525e-05
68,120,0.00012450974288738095
68,121,0.00022826786196019838
68,122,0.0001526726609214314
68,123,0.00017490654357989226
68,124,1.7787106126768707e-05
68,125,0.0002801469214966071
68,126,8.448875410215135e-05
68,127,4.298550647302437e-05
68,128,6.818390681928003e-05
68,129,8.745327178994613e-05
68,130,0.00013933233132635485
68,131,6.373713028758786e-05
69,69,0.9738441312482188
69,70,0.0005791984996000772
69,72,9.193626977779004e-05
69,73,8.274264280001103e-05
69,74,0.00017467891257780106
69,75,0.0010388798484890275
69,76,7.354901582223203e-05
69,77,0.0002850024363111491
69,79,0.006040212924400806
69,80,0.0011951715071112704
69,81,0.0017835636336891267
69,82,0.0007538774121778783
69,83,0.0018754999034669168
69,86,0.0008917818168445634
69,87,7.354901582223203e-05
69,88,0.0002758088093333701
69,89,0.00041371321400005516
69,90,5.516176186667402e-05
69,91,0.00037693870608893916
69,100,0.004229068409778341
69,103,0.0005975857535556352
69,104,4.596813488889502e-05
69,105,0.0002850024363111491
69,106,0.00015629165862224306
69,107,5.516176186667402e-05
69,108,0.0004780686028445082
69,109,0.00017467891257780106
69,110,4.596813488889502e-05
69,113,0.00018387253955558008
69,115,0.00011951715071112705
69,125,0.0015629165862224305
69,127,0.0003309705712000441
69,128,0.00041371321400005516
69,129,0.00043210046795561316
69,130,0.0006159730075111933
69,131,0.0003217769442222651
70,70,0.9596756048363222
70,71,0.0010322382003134214
70,72,0.0043204004215795025
70,73,0.003913820939238078
70,74,0.004450663750873356
70,75,0.0020782922082792214
70,76,0.00013618438971630225
70,77,0.00036907943299925393
70,78,0.001089475117730418
70,79,6.513166464692717e-05
70,80,5.9210604224479245e-05
70,81,3.157898891972226e-05
70,82,3.157898891972226e-05
70,83,0.003430267671404831
70,84,0.0009394749203617373
70,85,0.000286184587084983
70,86,0.0003098688287747747
70,87,0.00015986863140609396
70,88,0.0005822376082073792
70,89,0.000704606190271303
70,90,5.526323060951396e-05
70,91,0.0010144750190460778
70,92,0.0016500021710554882
70,93,0.0010578961288106958
70,94,6.907903826189245e-05
70,95,2.9605302112239622e-05
70,96,9.078959314420151e-05
70,97,7.302641187685774e-05
70,98,3.3552675727204904e-05
70,99,0.001728949643354794
70,100,0.0003157898891972226
70,101,0.00017960549948092038
70,102,4.7368483379583394e-05
70,103,0.0005032901359080735
70,104,6.710535145440981e-05
70,105,0.00041644791637883736
70,106,0.00021710554882309056
70,107,0.00013026332929385435
70,108,0.0006177639707420667
70,109,0.00017368443905847245
70,110,4.9342170187066035e-05
70,111,8.289484591427095e-05
70,112,0.00017763181267343772
70,113,2.763161530475698e-05
70,114,8.09211591067883e-05
70,115,0.00018750024671085094
70,116,0.00047960589421828186
70,117,0.00013421070290881961
70,118,1.578949445986113e-05
70,119,0.00017763181267343772
70,120,0.0004480269052985596
70,121,0.0005980271026672404
70,122,0.0004717111469883513
70,123,0.0003611846857693234
70,124,2.5657928497274338e-05
70,125,0.001172369963644689
70,126,0.00020131605436322943
70,127,8.289484591427095e-05
70,128,0.0004381584712611464
70,129,0.0005427638720577264
70,130,0.0017625023190819989
70,131,0.00034539519130946227
71,71,0.9564475718321872
71,72,0.009648701956394263
71,73,0.0037315421930806548
71,74,0.006663468201929741
71,75,0.001386001386001386
71,77,0.00031984647369262754
71,78,0.0011194626579241963
71,83,0.0025054640439255826
71,84,0.001386001386001386
71,85,0.0002665387280771896
71,86,0.00031984647369262754
71,88,0.00047976971053894133
71,89,0.0002665387280771896
71,91,0.0004264619649235034
71,92,0.0012793858947705101
71,93,0.0017058478596940136
71,97,0.0002665387280771896
71,99,0.0019190788421557653
71,100,0.000693000693000693
71,103,0.00031984647369262754
71,105,0.0002665387280771896
71,108,0.0005330774561543792
71,116,0.00037315421930806547
71,121,0.0006396929473852551
71,123,0.0002665387280771896
71,125,0.0017058478596940136
71,128,0.0007996161842315689
71,130,0.0007463084386161309
72,72,0.944827484604732
72,73,0.006187571820030054
72,74,0.015410000294646278
72,75,0.0034326291287309586
72,76,0.0002209847078582162
72,77,0.0007808126344323639
72,78,0.0015026960134358702
72,83,0.004183977135448894
72,84,0.0010607265977194379
72,85,0.0003093785910015027
72,86,0.00047143404343086124
72,87,0.0001031261970005009
72,88,0.0003830401602875748
72,89,0.001281711305577654
72,91,0.001104923539291081
72,92,0.0018120746044373729
72,93,0.001384837502578155
72,96,0.0001031261970005009
72,97,0.0001031261970005009
72,99,0.0029464627714428826
72,100,0.0005008986711452901
72,101,0.0002062523940010018
72,103,0.0006482218097174342
72,104,0.0001031261970005009
72,105,0.0004419694157164324
72,106,0.00013259082471492973
72,107,0.0001031261970005009
72,108,0.0009870650284333658
72,109,0.00016205545242935855
72,111,0.00025044933557264506
72,112,0.0003241109048587171
72,114,0.0001031261970005009
72,115,0.00017678776628657296
72,116,0.000604024868145791
72,117,0.0002799139632870739
72,118,0.00011785851085771531
72,119,0.00013259082471492973
72,120,0.0003535755325731459
72,121,0.00048616635728807565
72,122,0.0005892925542885766
72,123,0.0003977724741447892
72,125,0.0020477916261528034
72,126,0.00011785851085771531
72,127,0.00025044933557264506
72,128,0.0006924187512890775
72,129,0.00048616635728807565
72,130,0.0010607265977194379
72,131,0.0002062523940010018
73,73,0.9435494647443987
73,74,0.005953883387032116
73,75,0.0011729595700138082
73,76,0.00019301866341999376
73,77,0.00043058009532152456
73,78,0.0013065878754584194
73,80,7.423794746922837e-05
73,83,0.005063028017401375
73,84,0.0017520155602737896
73,85,0.00037118973734614184
73,86,0.0013511306439399563
73,87,0.0005196656322845986
73,88,0.0010838740330507343
73,89,0.0014253685914091846
73,90,0.00013362830544461107
73,91,0.0016035396653353328
73,92,0.0030289082567445174
73,93,0.002152900476607623
73,94,0.00019301866341999376
73,96,0.00035634214785229616
73,97,0.00019301866341999376
73,98,7.423794746922837e-05
73,99,0.0025834805719291472
73,100,0.001781710739261481
73,101,0.0003414945583584505
73,102,0.00017817107392614808
73,103,0.001455063770396876
73,104,0.00020786625291383944
73,105,0.0014699113598907218
73,106,0.001321435464952265
73,107,0.00020786625291383944
73,108,0.0014699113598907218
73,109,0.0005196656322845986
73,110,0.00014847589493845675
73,111,0.00014847589493845675
73,112,0.0008611601906430491
73,113,7.423794746922837e-05
73,114,0.00017817107392614808
73,115,0.0004157325058276789
73,116,0.0008760077801368948
73,117,0.0002375614319015308
73,119,0.00026725661088922213
73,120,0.0006681415272230554
73,121,0.0015293017178661045
73,122,0.0007572270641861294
73,123,0.0006978367062107466
73,125,0.004305800953215246
73,126,0.00019301866341999376
73,127,0.00044542768481537024
73,128,0.0012917402859645736
73,129,0.0011581119805199626
73,130,0.001677777612804561
73,131,0.0004157325058276789
74,74,0.9713092715022301
74,75,0.0038169951180421556
74,76,0.00029523719145077446
74,77,0.0008751673889433671
74,78,0.0015605394405255222
74,79,8.435348327164985e-05
74,80,0.00010544185408956231
74,83,0.0033530509600480816
74,84,0.001138772024167273
74,85,0.00018979533736121216
74,86,0.0005272092704478116
74,87,6.326511245373739e-05
74,88,0.00029523719145077446
74,89,0.0010122417992597982
74,90,6.326511245373739e-05
74,91,0.0012442138782568352
74,92,0.001465641771844916
74,93,0.0010755069117135356
74,95,6.326511245373739e-05
74,97,0.00012653022490747477
74,99,0.0024462510148778455
74,100,0.0004428557871761617
74,101,0.00021088370817912462
74,103,0.0003795906747224243
74,104,7.380929786269361e-05
74,105,0.0003268697476776432
74,106,0.000137074410316431
74,108,0.0005377534558567678
74,109,0.00010544185408956231
74,111,0.00011598603949851855
74,112,0.00022142789358808084
74,115,9.489766868060608e-05
74,116,0.0004006790455403368
74,117,0.00015816278113434345
74,118,6.326511245373739e-05
74,119,0.00010544185408956231
74,120,0.00028469300604181823
74,121,0.0004428557871761617
74,122,0.00021088370817912462
74,123,0.00022142789358808084
74,125,0.0020666603401554213
74,126,0.00011598603949851855
74,127,0.00018979533736121216
74,128,0.000411223230949293
74,129,0.00029523719145077446
74,130,0.0008540790181254547
74,131,0.00015816278113434345
75,75,0.9668360459295888
75,76,0.001423797028025948
75,77,0.007779311460655978
75,78,0.001176048255393592
75,79,8.190877789069728e-05
75,80,4.145999868541468e-05
75,81,3.033658440396196e-05
75,82,2.528048700330163e-05
75,83,0.005424181291428398
75,84,0.0009070638736784625
75,85,5.4605851927131525e-05
75,86,0.00018505316486416794
75,87,5.763951036752772e-05
75,88,0.00017291853110258315
75,89,0.0008625702165526517
75,90,6.269560776818804e-05
75,91,0.001377280931939873
75,92,0.002726247718436048
75,93,0.0005581931530329001
75,94,1.0112194801320652e-05
75,95,3.4381462324490216e-05
75,96,7.685268049003696e-05
75,97,3.033658440396196e-05
75,98,1.516829220198098e-05
75,100,8.393121685096142e-05
75,101,0.000247748772632356
75,102,4.145999868541468e-05
75,103,0.0001840419453840359
75,104,3.5392681804622284e-05
75,105,0.00035898291544688316
75,106,0.00015269414149994185
75,107,4.5504876605942935e-05
75,108,0.00011831267917545164
75,109,6.067316880792392e-05
75,110,5.056097400660326e-06
75,113,7.078536360924457e-06
75,114,7.078536360924457e-06
75,115,1.8201950642377176e-05
75,118,0.004184426208786486
75,119,0.0003114555998806761
75,120,0.00029527608819856306
75,121,0.0006492029062447859
75,122,0.0002871863323575065
75,123,0.0004904414478640516
75,124,3.4381462324490216e-05
75,125,0.0010698702099797251
75,126,0.00014763804409928153
75,127,0.000232580480430375
75,128,0.0003003321855992234
75,129,0.0002538160895131484
75,130,0.0003155004778012044
75,131,0.00011224536229465925
76,76,0.9476829339738707
76,77,0.010252504540394869
76,78,0.0016989864666940068
76,79,0.00029292870115413906
76,83,0.0077919034507001
76,84,0.0014060577655398677
76,86,0.0004101001816157947
76,88,0.00029292870115413906
76,89,0.0029292870115413907
76,91,0.0033979729333880136
76,92,0.001933329427617318
76,93,0.0007030288827699338
76,103,0.0004101001816157947
76,105,0.0008787861034624172
76,106,0.0004101001816157947
76,118,0.0065616029058527155
76,119,0.0004686859218466225
76,120,0.0003515144413849669
76,121,0.0018161579471556624
76,123,0.0008787861034624172
76,125,0.0024606010896947683
76,127,0.0007030288827699338
76,128,0.0016989864666940068
76,129,0.0007616146230007616
76,130,0.0010545433241549006
76,131,0.0004101001816157947
77,77,0.967792591680266
77,78,0.0009185988032556373
77,79,4.618653200726668e-05
77,80,5.131836889696298e-05
77,81,6.158204267635558e-05
77,83,0.007343658589155402
77,84,0.0011033449312847041
77,85,4.618653200726668e-05
77,86,0.000241196333815726
77,87,5.6450205786659275e-05
77,88,0.0002309326600363334
77,89,0.0013753322864386078
77,90,5.131836889696298e-05
77,91,0.002263140068356067
77,93,0.0005439747103078076
77,94,3.079102133817779e-05
77,96,8.724122712483706e-05
77,98,2.565918444848149e-05
77,100,8.724122712483706e-05
77,101,0.004125996859315823
77,102,4.105469511757038e-05
77,103,0.00042081062495509644
77,104,4.618653200726668e-05
77,105,0.0005901612423150742
77,106,0.0003130420502714742
77,107,5.131836889696298e-05
77,108,0.00015908694358058524
77,109,5.131836889696298e-05
77,115,2.565918444848149e-05
77,118,0.005932403444488921
77,119,0.00038488776672722234
77,120,0.00035922858227874086
77,121,0.0007903028810132299
77,122,0.00035922858227874086
77,123,0.0004772608307417557
77,125,0.0016473196415925117
77,126,0.00014369143291149635
77,127,0.00031817388716117047
77,128,0.0004567334831829705
77,129,0.0002514600075951186
77,130,0.0004926563414108446
77,131,0.00012316408535271116
78,78,0.972056895176985
78,79,0.007159133421759684
78,80,0.0022125482282609106
78,81,0.0052148873697695245
78,82,0.0009088263858185295
78,83,0.0023788199994709534
78,84,0.0006764237965135833
78,85,6.613081809490339e-05
78,86,0.00014548779980878748
78,87,5.857301031262872e-05
78,88,0.00015304560759106213
78,89,0.000387337648841577
78,90,2.078397140125535e-05
78,91,0.0006065140745275425
78,92,0.0006688659887313086
78,95,0.0020557237167787112
78,96,0.00016249286731890547
78,97,0.0001435983478632188
78,98,0.000398674360514989
78,99,0.0008275799521590768
78,100,0.00029097559961757495
78,101,9.636204922400208e-05
78,102,9.447259727843341e-06
78,103,0.0001190354725708261
78,104,3.212068307466736e-05
78,105,0.00011714602062525744
78,106,6.990972198604073e-05
78,107,3.0231231129098695e-05
78,108,0.00043457394748079375
78,109,6.424136614933473e-05
78,110,9.447259727843341e-06
78,111,4.5346846693648044e-05
78,112,8.880424144172741e-05
78,113,0.00012092492451639478
78,114,2.8341779183530026e-05
78,115,4.723629863921671e-05
78,116,0.00012659328035310077
78,117,6.990972198604073e-05
78,118,0.0001360405400809441
78,119,6.046246225819739e-05
78,120,0.0001133671167341201
78,121,0.00019839245428471017
78,122,0.0001360405400809441
78,123,0.00019461355039357284
78,124,1.7005067510118014e-05
78,125,0.00042134778386181305
78,126,5.2904654475922717e-05
78,127,6.424136614933473e-05
78,128,0.00012281437646196344
78,129,9.636204922400208e-05
78,130,0.00021917642568596553
78,131,6.424136614933473e-05
79,79,0.971348387172532
79,80,0.004004180317281385
79,81,0.011930343701929287
79,82,0.0019492490694097064
79,83,0.001702657319665105
79,84,0.00039924378530078325
79,86,5.871232136776224e-05
79,89,0.00021136435692394406
79,91,0.0002700766782917063
79,92,0.00017613696410328673
79,95,0.0032409201395004754
79,96,0.000340531463933021
79,97,0.00016439449982973427
79,98,0.0005988656779511749
79,99,0.0002935616068388112
79,100,0.001021594391799063
79,105,7.045478564131469e-05
79,108,0.0009511396061577483
79,109,5.871232136776224e-05
79,113,0.00022310682119749652
79,115,0.00010568217846197203
79,125,0.00017613696410328673
79,130,8.219724991486713e-05
80,80,0.9677094195342371
80,81,0.014077163712200209
80,82,0.002050747306221759
80,83,0.0017553006604101495
80,84,0.0004171011470281543
80,86,0.00012165450121654502
80,89,0.00031282586027111576
80,91,0.0004692387904066736
80,92,0.00026068821689259646
80,98,0.006604101494612443
80,99,0.00033020507473062216
80,100,0.0011122697254084114
80,109,0.00012165450121654502
80,111,8.689607229753215e-05
80,113,0.0023461939520333683
80,115,0.0004171011470281543
80,116,0.00012165450121654502
80,120,0.00010427528675703858
80,121,0.0001737921445950643
80,125,0.00024330900243309004
80,130,0.00015641293013555788
81,81,0.9876076257150577
81,82,0.0016562320134377974
81,83,0.0014213054867090317
81,84,0.0003288971374202718
81,85,5.8731631682191394e-05
81,86,7.047795801862967e-05
81,89,9.397061069150623e-05
81,91,0.0001761948950465742
81,92,0.00015270224237369764
81,95,0.0027251477100536806
81,96,0.00012920958970082108
81,97,0.00015270224237369764
81,98,0.0022200556775868346
81,99,0.0001761948950465742
81,100,0.0008104965172142412
81,105,5.8731631682191394e-05
81,106,7.047795801862967e-05
81,108,0.0006695406011769819
81,109,7.047795801862967e-05
81,113,0.0006695406011769819
81,115,0.0002231802003923273
82,82,0.9885921471524585
82,83,0.0017244428723027945
82,84,0.00048638132295719845
82,91,0.0002210824195259993
82,92,0.00035373187124159886
82,95,0.0031393703572691898
82,96,0.0002652989034311992
82,98,0.0015475769366819951
82,100,0.000928546162009197
82,108,0.0006632472585779978
82,113,0.0005748142907675981
83,83,0.9509765069774744
83,89,0.007857030722950353
83,90,0.0032967452596027783
83,91,0.009893630111121954
83,92,0.0034647647091269355
83,93,0.0007925765952301146
83,94,4.6672069312265843e-05
83,95,3.8186238528217506e-05
83,96,9.588988785974619e-05
83,97,3.988340468502718e-05
83,98,3.309474005778851e-05
83,100,0.00019432552495470687
83,101,0.0003385846482835286
83,102,9.758705401655586e-05
83,103,0.0004276858715160361
83,104,8.231255860526885e-05
83,105,0.0006712292150182234
83,106,0.00022402593269887604
83,107,0.0001137101325062477
83,108,0.00022657168193409056
83,109,0.00019008260956268272
83,110,5.176356778269484e-05
83,113,9.334413862453169e-06
83,114,6.449231395876734e-05
83,115,5.4309317017909345e-05
83,117,0.007268962649615804
83,118,0.0005719449948448578
83,119,0.0006440745565092687
83,120,0.0008468859122480239
83,121,0.001473140224110791
83,122,0.0008222770029742837
83,123,0.0015563013657944648
83,124,0.0001238931294471057
83,125,0.002926763037418271
83,126,0.0006279514780195768
83,127,0.0003139757390097884
83,128,0.0007781506828972324
83,129,0.0008095482567982112
83,130,0.00135009567774209
83,131,0.0006050397349026463
84,84,0.94135773145597
84,85,0.0019635041581950964
84,86,0.00508294221597279
84,87,0.0026792330932791154
84,88,0.00513994717540426
84,90,0.005494644700755632
84,91,0.0011749355527264206
84,102,0.003455133929985242
84,103,0.0002248528955352449
84,104,0.00012034380324421558
84,105,0.000842406622709509
84,106,0.0004370380223079408
84,109,0.004525560390420633
84,110,0.0005035438083113231
84,114,0.0004085355425922055
84,115,8.55074391472058e-05
84,123,0.01582521012661435
84,124,0.0009722512525256364
84,125,0.002337203336690292
84,126,0.003413963681506958
84,127,0.0004433719066892153
84,128,0.0008107372008031366
84,129,0.0008139041429937738
84,131,0.0018874975456198023
85,85,0.9127416385394292
85,86,0.006443694384780607
85,87,0.003835532371893219
85,88,0.008706658484197606
85,90,0.005753298557839829
85,91,0.0009588830929733047
85,102,0.005101258054617981
85,103,0.0005369745320650506
85,104,0.00023013194231359313
85,105,0.0015725682724762196
85,106,0.0006903958269407794
85,114,0.01350107394906413
85,115,0.0031834918686713715
85,123,0.019868057686406874
85,124,0.002915004602638846
85,125,0.0028766492789199143
85,126,0.0055998772629641
85,127,0.0008054617980975759
85,128,0.0009205277692543725
85,129,0.0011123043878490334
85,131,0.002646517336606321
86,86,0.9305124809307472
86,87,0.004174280397646309
86,88,0.007476823523494996
86,90,0.006806256391342978
86,91,0.0019278805049370506
86,103,0.003989874436304505
86,105,0.001257313372785033
86,106,0.0006538029538482171
86,109,0.005498650483646544
86,110,0.0007040954887596185
86,114,0.001676417830380044
86,115,0.00048616117081021274
86,125,0.01679770666040804
86,127,0.0030007879163802785
86,128,0.005683056444988349
86,129,0.002514626745570066
86,131,0.006772728034735377
87,87,0.9356409281095474
87,88,0.006897426144288069
87,90,0.004336249524534043
87,91,0.0006593127932040066
87,102,0.0027133257258780273
87,103,0.0012425510333460125
87,105,0.001217192848992012
87,106,0.0008368200836820083
87,109,0.008672499049068087
87,110,0.0009382528210980093
87,114,0.0022568784075060228
87,115,0.00045644731837200456
87,123,0.012729808545708127
87,124,0.0020540129326740205
87,126,0.0029669075694180296
87,129,0.01288195765183213
87,131,0.003423354887790034
88,88,0.9350714926904334
88,90,0.0052096691459348555
88,91,0.0008255321877404463
88,102,0.0027170428314952553
88,103,0.0017793023852269814
88,104,0.00018434213901000256
88,105,0.0010098743267504488
88,106,0.0005369966658117466
88,110,0.0062596178507309565
88,114,0.002404462682739164
88,115,0.0005369966658117466
88,126,0.02068639394716594
88,131,0.022778276481149013
89,89,0.9254038514937197
89,90,0.006345654410923999
89,91,0.01811410744328112
89,92,0.003920095388987799
89,93,0.001208696078271238
89,94,6.533492314979664e-05
89,95,4.08343269686229e-05
89,96,0.00023683909641801284
89,97,0.00010616925011841955
89,98,7.350178854352122e-05
89,100,0.0006860166930728647
89,101,0.000563513712166996
89,102,0.00017150417326821618
89,103,0.0012740310014210346
89,104,0.0002450059618117374
89,105,0.0018457115789817552
89,106,0.0006125149045293436
89,107,0.00018783790405566534
89,108,0.0005226793851983732
89,109,0.0004165101350799536
89,110,0.00014700357708704245
89,113,4.900119236234749e-05
89,114,0.00015517044248076703
89,115,0.00014700357708704245
89,117,0.011547947666726557
89,118,0.001225029809058687
89,119,0.0008330202701599072
89,120,0.0013311990591771067
89,121,0.002278555444849158
89,122,0.0016252062133511914
89,123,0.0023683909641801283
89,124,0.00022867223102428826
89,125,0.005978145468206393
89,126,0.0009065220587034285
89,127,0.001151528020515166
89,128,0.0016987080018947128
89,129,0.001984548290675073
89,130,0.003136076311190239
89,131,0.001167861751302615
90,90,0.9148782501031779
90,91,0.007614527445315725
90,102,0.003776310359059018
90,103,0.0018365662401981016
90,104,0.00030953363598844406
90,105,0.0020429219975237308
90,106,0.001279405695418902
90,109,0.005179529508873297
90,110,0.0029508873297565
90,114,0.0028270738753611224
90,115,0.0005777961205117622
90,123,0.018014857614527445
90,124,0.0015270326042096573
90,125,0.005984316962443252
90,126,0.010482872472141972
90,127,0.00224927775484936
90,128,0.002558811390837804
90,129,0.002992158481221626
90,131,0.012917870408584399
91,91,0.9654027486749661
91,92,0.0034936213484531
91,93,0.0008358498705780845
91,94,4.2370269937137925e-05
91,95,6.548132626648589e-05
91,96,0.0001117034389251818
91,97,3.8518427215579935e-05
91,98,4.622211265869592e-05
91,100,0.00026962899050905954
91,101,0.000554665351904351
91,102,0.0001771847651916677
91,103,0.0007626648588684827
91,104,0.0001617773943054357
91,105,0.001105478861087144
91,106,0.00031199926044619746
91,107,0.0001194071243682978
91,108,0.00026577714778750156
91,109,0.00030044373228152346
91,110,7.703685443115987e-05
91,113,3.8518427215579935e-05
91,114,0.00015022186614076173
91,115,6.933316898804388e-05
91,117,0.008362350548502404
91,118,0.0008551090841858745
91,119,0.0007010353753235548
91,120,0.0008319980278565266
91,121,0.0015368852459016393
91,122,0.0007665167015900407
91,123,0.0017872550228029088
91,124,8.474053987427585e-05
91,125,0.0044142117589054605
91,126,0.0008358498705780845
91,127,0.0004622211265869592
91,128,0.0010515530629853322
91,129,0.001059256748428448
91,130,0.001794958708246025
91,131,0.0010554049057068901
92,92,0.937709830059284
92,101,0.00537461618713751
92,102,0.0041615780044533006
92,103,0.005303745749833949
92,104,0.0019233907054245552
92,105,0.010358620894253066
92,106,0.0047203007543581196
92,107,0.003764373925612411
92,108,0.0007070562233308776
92,109,0.0005405931031527456
92,110,0.00011701862903611261
92,113,3.625929350414757e-05
92,114,0.00016481497047339804
92,115,0.00019612981486334368
92,119,0.010681658236380927
92,120,0.0011388714459711804
92,121,0.0022645576943044893
92,122,0.001260834524121495
92,123,0.0021722613108393863
92,124,0.000252166904824299
92,125,0.002338724431017518
92,126,0.0009608712778599106
92,127,0.00038896333031721936
92,128,0.0007400192174255572
92,129,0.0008158341038433203
92,130,0.0012229270809126134
92,131,0.0006839821274646019
93,93,0.9663838066201803
93,94,0.0008720325294558715
93,95,0.004204914431808047
93,96,0.002586369206681619
93,97,0.0009413987533898613
93,98,0.002279175929259664
93,99,0.0017671871335564063
93,100,0.0036532877938567953
93,107,0.0028142867996075855
93,108,0.0034749175037408213
93,109,0.0026127944348469483
93,110,0.0006044770942819109
93,111,8.918514505798686e-05
93,112,0.00023452389996729878
93,113,0.00026755543517396056
93,114,0.0004195004971246049
93,115,0.00022461443940530025
93,116,0.00018497659715730608
93,117,0.0005846581731579138
93,118,0.0001453387549093119
93,119,0.00024113020700863115
93,120,0.00043271311120726956
93,121,0.0007366032351085581
93,122,0.0007002685463812302
93,124,0.0009149735252245319
93,125,0.0008125757660838803
93,126,0.0003864689619179431
93,127,6.936622393398979e-05
93,128,0.0002807680492566253
93,129,0.0003204058915046195
93,130,0.0005351108703479211
93,131,0.00022461443940530025
94,94,0.9599811120292764
94,95,0.0035414945106835086
94,96,0.004840042497934128
94,97,0.0016526974383189706
94,98,0.002360996340455672
94,99,0.0012985479872506197
94,100,0.004603942863888561
94,107,0.0029512454255695903
94,108,0.0037775941447290755
94,109,0.0031873450596151577
94,110,0.0009443985361822689
94,114,0.000590249085113918
94,117,0.0009443985361822689
94,120,0.0009443985361822689
94,121,0.001534647621296187
94,122,0.0012985479872506197
94,124,0.001180498170227836
94,125,0.0007082989021367017
94,129,0.000590249085113918
95,95,0.9784860146181461
95,96,0.002479402877140422
95,97,0.001291355665177303
95,98,0.0054236937937446736
95,99,0.0004390609261602831
95,100,0.004313127921692192
95,107,0.0009556031922312043
95,108,0.0033575247294609883
95,109,0.0008006405124099279
95,110,0.0002066169064283685
95,113,0.00038740669955319095
95,115,0.00030992535964255273
95,117,0.0002066169064283685
95,120,0.00018078979312482243
95,121,0.00015496267982127636
95,124,0.00015496267982127636
95,125,0.00025827113303546065
95,129,0.00015496267982127636
96,96,0.9562051077414206
96,97,0.0013966480446927375
96,98,0.0023942537909018356
96,100,0.008729050279329608
96,107,0.003691141260973663
96,108,0.004189944134078212
96,109,0.00568635275339186
96,110,0.0015961691939345571
96,111,0.0024441340782122905
96,112,0.0003990422984836393
96,114,0.0009477254588986432
96,115,0.0004988028731045491
96,116,0.00034916201117318437
96,117,0.0012968874700718276
96,118,0.00029928172386272945
96,120,0.0009976057462090981
96,121,0.0017956903431763766
96,122,0.0017458100558659217
96,124,0.0012968874700718276
96,126,0.0009477254588986432
96,127,0.0006983240223463687
96,128,0.0005985634477254589
96,129,0.0006484437350359138
96,130,0.0006983240223463687
97,97,0.9707026186155043
97,98,0.0049261083743842365
97,99,0.0012963443090484833
97,100,0.005055742805289085
97,107,0.0024630541871921183
97,109,0.00233341975628727
97,110,0.0003240860772621208
97,115,0.006740990407052113
97,117,0.0005185377236193933
97,121,0.0011018926626912109
97,122,0.0009074410163339383
97,124,0.0008426238008815141
97,125,0.0003240860772621208
97,128,0.0003240860772621208
98,98,0.9829849201939106
98,99,0.00034490026633965013
98,100,0.003889708559274943
98,107,0.0006514782808637836
98,109,0.0009963785472034336
98,110,0.00013412788135430838
98,111,0.00021077238498534175
98,113,0.008162639636705053
98,114,0.00011496675544655004
98,115,0.0015328900726206672
98,117,9.58056295387917e-05
98,122,0.00017245013316982507
98,124,0.00011496675544655004
98,130,0.00011496675544655004
99,99,0.9153497153894646
99,111,0.0034920299733866636
99,112,0.004077399159676914
99,116,0.0024222173225803448
99,117,0.012757011232256482
99,118,0.004319620891934948
99,119,0.008572475537157745
99,120,0.0040929261937960185
99,121,0.004237327611103693
99,122,0.004703138634676836
99,123,0.009165608240507548
99,124,0.0013632735956573992
99,125,0.013210400628534342
99,126,0.002745179632257724
99,127,0.0012111086612901724
99,128,0.001518543936848447
99,129,0.002397374067989777
99,130,0.0028647377949748308
99,131,0.0014999114959055211
100,100,0.9689624657356846
100,107,0.003647665709783946
100,108,0.0030001510867453756
100,109,0.004618937644341801
100,110,0.0019857115106516154
100,113,0.0011223586799335218
100,114,0.0004964278776629039
100,115,0.0011223586799335218
100,125,0.004748440568949516
100,127,0.0014676998122207592
100,128,0.002201549718331139
100,129,0.002438971746778615
100,130,0.003151237832121042
100,131,0.0010360233968617124
101,101,0.9413679099080483
101,102,0.0038399283672555704
101,103,0.006388401005613527
101,104,0.0018424768398939285
101,105,0.015118641732961393
101,106,0.0040293418741605535
101,107,0.002669008506388401
101,108,0.0005165822915590454
101,109,0.00036160760409133176
101,114,0.0001894135069049833
101,115,0.0001894135069049833
101,119,0.011037641629644936
101,120,0.0011881392705858044
101,121,0.0019630127079243724
101,122,0.0011537004511485347
101,123,0.0019630127079243724
101,124,0.00017219409718634846
101,125,0.0022557426731411646
101,126,0.000671556979026759
101,127,0.00024107173606088784
101,128,0.0006543375693081241
101,129,0.0008093122567758378
101,130,0.000895409305369012
101,131,0.0004132658332472363
102,102,0.9319948021504828
102,103,0.007924172548220245
102,104,0.0016561775422325273
102,105,0.008612123219609143
102,106,0.005580044334598823
102,109,0.005223329171656433
102,110,0.0022931689046296532
102,114,0.002191250286646113
102,115,0.0003312355084465055
102,123,0.015287792697531022
102,124,0.0013504216882819068
102,125,0.0016052182332407573
102,126,0.009758707671923968
102,127,0.0006369913623971259
102,128,0.000687950671388896
102,129,0.0009937065253395165
102,131,0.0038729074833745254
103,103,0.9412279167395488
103,104,0.002256428196606612
103,105,0.012629001224418401
103,106,0.005212524051075739
103,107,0.003445863214972888
103,108,0.0012594017841525275
103,109,0.0014343186986181563
103,110,0.0005772258177365752
103,113,8.745845723281441e-05
103,114,0.0007871261150953297
103,115,0.0003848172118243834
103,125,0.0103200979534721
103,127,0.002116494665034109
103,128,0.004267972712961344
103,129,0.003463354906419451
103,130,0.004740248382018541
103,131,0.005789749868812314
104,104,0.9517749497655726
104,105,0.01022955611033307
104,106,0.007367716008037508
104,107,0.0064543627839006275
104,108,0.0008524630091944225
104,109,0.0017658162333313036
104,114,0.00042623150459721124
104,115,0.000730682579309505
104,119,0.006149911709188333
104,120,0.0007915727942519637
104,121,0.0017658162333313036
104,122,0.0010960238689642575
104,123,0.0020093770931011385
104,125,0.0020702673080435973
104,126,0.0012178042988491749
104,127,0.0005480119344821288
104,128,0.0010351336540217987
104,129,0.0008524630091944225
104,130,0.0010351336540217987
104,131,0.00146136515861901
105,105,0.9515760804261625
105,106,0.006568670645251733
105,107,0.0045760403732927465
105,108,0.001131493571514399
105,109,0.0012416389634317298
105,110,0.00040052869788120317
105,113,7.009252212921056e-05
105,114,0.0006108062642688349
105,115,0.0002903833059638723
105,119,0.010203468578523651
105,120,0.0011715464413025194
105,121,0.0024432250570753395
105,122,0.0013317579204550007
105,123,0.00375495654263628
105,124,0.0004105419153282333
105,125,0.004235590980093724
105,126,0.0018324187928065046
105,127,0.0011114671366203388
105,128,0.0012816918332198503
105,129,0.0017022469659951135
105,130,0.0020827492289822564
105,131,0.001972603837064926
106,106,0.9734988678066683
106,107,0.005809323026469899
106,108,0.0010306863434059498
106,109,0.0015616459748574998
106,110,0.0007183571484344499
106,113,0.00010931521824002499
106,114,0.0007808229874287499
106,115,0.00039041149371437495
106,119,0.0045912391660810495
106,120,0.00046849379245724994
106,121,0.0008901382056687749
106,122,0.0005621925509487
106,123,0.0017646599515889747
106,124,0.00023424689622862497
106,125,0.0023112360427891
106,126,0.0010150698836573749
106,127,0.0007808229874287499
106,128,0.0011712344811431249
106,129,0.0005934254704458499
106,130,0.0006715077691887249
106,131,0.001046302803154525
107,107,0.973535420725044
107,108,0.004584976481208723
107,109,0.005749037867629591
107,110,0.0012353304508956147
107,113,0.00028507625789898797
107,114,0.00042761438684848195
107,115,0.0010690359671212048
107,119,0.004489951061909061
107,120,0.0005939088706228916
107,121,0.0012590868057205302
107,122,0.0008077160640471326
107,124,0.0009740105478215422
107,125,0.0012590868057205302
107,126,0.0006176652254478073
107,127,0.0004751270964983133
107,128,0.000783959709222217
107,129,0.000783959709222217
107,130,0.0006651779350976386
107,131,0.0004038580320235663
108,108,0.9630832570905764
108,113,0.004971027752363525
108,114,0.008295211954864289
108,115,0.007044830741079597
108,116,0.0030649588289112534
108,117,0.0008844159804818542
108,118,0.00010673985971332723
108,119,0.001128392802683745
108,120,0.0009149130832570906
108,121,0.0012656297651723086
108,122,0.0007166819152180543
108,124,0.0015858493443122903
108,125,0.0021957913998170175
108,126,0.0007471790179932906
108,127,0.000518450747179018
108,128,0.0006251906068923453
108,129,0.0006709362610551997
108,130,0.0014943580359865812
108,131,0.0006861848124428179
109,109,0.9701671643457148
109,110,0.005274467669466693
109,114,0.004200039070130885
109,115,0.0010604749811626154
109,124,0.009446599503251192
109,125,0.002302346998576731
109,126,0.002065135489632462
109,127,0.000809309854045154
109,128,0.0010883822175090001
109,129,0.0018279239806881925
109,131,0.0017581558898222308
110,110,0.9709899495637448
110,114,0.003865552405846188
110,115,0.0008835548356219858
110,126,0.011338953723815484
110,131,0.012921989470971541
111,111,0.8948531653287267
111,112,0.004902957016563358
111,116,0.0027690275378518445
111,117,0.013565694543237476
111,118,0.0058937099888222745
111,119,0.00922162381871761
111,120,0.00508078447312265
111,121,0.0049791687836601975
111,122,0.007595772787318362
111,123,0.013464078853775022
111,124,0.0030992785286048166
111,126,0.004318666802154252
111,127,0.0207041967279748
111,128,0.0019815059445178335
111,129,0.0034041255969921758
111,130,0.0026928157707550044
111,131,0.0014734274972055686
112,112,0.912258170741747
112,116,0.0026179303531736232
112,117,0.013501276035235037
112,118,0.005729809829587552
112,119,0.010735160945089323
112,120,0.004412612167613402
112,121,0.005351115501769984
112,122,0.005548695151066107
112,123,0.010290606734173046
112,124,0.0020745863176092863
112,125,0.013155511648966823
112,126,0.002766115090145715
112,127,0.002650860294722977
112,128,0.002206306083806701
112,129,0.0025356054993002385
112,130,0.0027331851485963613
112,131,0.001432452457396888
113,113,0.9830822524772416
113,114,0.0033835495045516795
113,115,0.009667284298719084
113,116,0.0007250463224039314
113,126,0.00056392491742528
113,129,0.00040280351244662856
114,114,0.966742489607028
114,115,0.006235783198682249
114,124,0.007412346066358146
114,125,0.0020393756373048868
114,126,0.006314220723193976
114,127,0.0009412502941407169
114,128,0.0013726566789552122
114,129,0.0016471880147462545
114,131,0.007294689779590556
115,115,0.9811840562719812
115,116,0.0021688159437280186
115,117,0.00029308323563892143
115,119,0.000996483001172333
115,120,0.00029308323563892143
115,121,0.0007620164126611958
115,122,0.0006447831184056272
115,124,0.003399765533411489
115,125,0.0018757327080890973
115,126,0.0023446658851113715
115,127,0.000996483001172333
115,128,0.0007033997655334115
115,129,0.0010550996483001172
115,130,0.0008206330597889801
115,131,0.002403282532239156
116,116,0.899753419311348
116,117,0.012559649465150521
116,118,0.003210870837842153
116,119,0.011619449717053094
116,120,0.007166805627006795
116,121,0.006741054797679658
116,122,0.006137907789466215
116,123,0.011566230863387202
116,124,0.006652356708236505
116,125,0.015770520302992672
116,126,0.004541342179489454
116,127,0.0032286104557307837
116,128,0.002111014528747051
116,129,0.003210870837842153
116,130,0.0035834028135033973
116,131,0.002146493764524312
117,117,0.9139448897857235
117,118,0.00541997083920343
117,119,0.01171353516213772
117,120,0.005475339440284964
117,121,0.005696813844611097
117,122,0.006004417183952949
117,123,0.01397749573969375
117,124,0.0019071407039194818
117,125,0.017164266335275336
117,126,0.003562046669578645
117,127,0.0036789359385285486
117,128,0.0020917027075245927
117,129,0.003457461534202415
117,130,0.0036789359385285486
117,131,0.0022270481768350077
118,118,0.9467205231775342
118,119,0.008551940461923152
118,120,0.0030331276724813944
118,121,0.005015757468152159
118,122,0.0037581191649281665
118,123,0.007900927693195437
118,124,0.0007989702161658307
118,125,0.011910574518768402
118,126,0.0015979404323316613
118,127,0.0044239276783996926
118,128,0.0014351872401497329
118,129,0.0018790595824640832
118,130,0.0022341574563155635
118,131,0.000739787237190584
119,119,0.9399541905521177
119,120,0.004625235690874809
119,121,0.0054351264821634205
119,122,0.005397162851321767
119,123,0.01250268909051795
119,124,0.002980145021069815
119,125,0.014255343381040963
119,126,0.002891563215772623
119,127,0.0037457449097098314
119,128,0.001676727028839705
119,129,0.0023853814712172404
119,130,0.0024992723637422016
119,131,0.0016514179416119359
120,120,0.9243806670122198
120,121,0.005261401478304707
120,122,0.006475571050221177
120,126,0.025880982980324773
120,130,0.028465531074930595
120,131,0.00953584640399895
121,121,0.9288116296078476
121,122,0.008037579075150611
121,123,0.011279754499460894
121,124,0.002544730710941211
121,126,0.010031893958243797
121,128,0.0216547158572538
121,129,0.0035249232810815293
121,130,0.009639816930187669
121,131,0.004474956079832915
122,122,0.9395382168198524
122,123,0.011916459915634722
122,124,0.003279062318470784
122,126,0.00912057068713728
122,129,0.024696116699873507
122,130,0.007546186461381441
122,131,0.0039033870976498243
123,123,0.9311354397286389
123,124,0.012488647343696048
123,125,0.010527140465364605
123,126,0.019951658721016268
123,127,0.0032150142325314173
123,128,0.005884520634994327
123,129,0.008870305513401212
123,131,0.00792727336035725
124,124,0.9569223308817587
124,125,0.0060454214822597595
124,126,0.015598480562515154
124,127,0.0033459953123737168
124,128,0.004881597025781945
124,129,0.007936636224036208
124,131,0.005269538511274549
125,125,0.9531740225780414
125,127,0.009405664300056257
125,128,0.007929219596690452
125,129,0.011173395533754772
125,130,0.00832278994683465
125,131,0.009994908044622428
126,126,0.9604984174115209
126,131,0.039501582588479106
127,127,0.953859112747239
127,128,0.00878205528171211
127,129,0.016066637549135832
127,130,0.007190990204030698
127,131,0.014101204217882324
128,128,0.9573891070158497
128,129,0.015653099105454586
128,130,0.01084788102025593
128,131,0.016109912858439778
129,129,0.9750103844886773
129,130,0.00891872406861879
129,131,0.01607089144270388
130,130,0.9633854146743496
130,131,0.03661458532565038
131,131,1.0
