source,target,value
0,0,0.9388788667689051
0,1,0.003337241027573086
0,2,3.965993523430523e-05
0,3,0.0014193822783855076
0,4,8.948998695726549e-05
0,5,0.00020973665838195136
0,6,0.00044153789475139996
0,7,8.107940619329127e-05
0,8,8.797678623404e-05
0,9,0.0012561325538496231
0,10,0.00011320852852596266
0,11,0.0008384187728104012
0,12,0.0010230292610439108
0,13,0.00019122634255830934
0,14,0.0006187935236557437
0,15,0.00013428776650763866
0,16,0.0005648461583370304
0,17,0.00025717374151934574
0,18,8.913807981232933e-05
0,19,9.033456410511226e-05
0,20,8.062192690487425e-05
0,21,0.00027804183521406
0,22,5.771277176953024e-05
0,23,0.0004110627359999285
0,24,0.0002315900920824869
0,25,0.0001414314815498427
0,26,0.0009995922451911624
0,27,0.0005190982294953296
0,28,0.0011779035955303148
0,29,0.0003679541107452489
0,30,7.639904116564034e-05
0,31,6.133741536237268e-05
0,32,0.00034412999703307083
0,33,0.0007822895831930837
0,34,0.00027371337733134523
0,35,0.0008794511459099575
0,36,0.00036454061143936816
0,37,0.0025787051766631933
0,38,0.0013250359728281232
0,39,0.00043358479327584273
0,40,2.9525009460143822e-05
0,41,0.0006116146178990461
0,42,0.0012064432649846373
0,43,0.001126384389511661
0,44,5.929635392174296e-05
0,45,1.2914992219157072e-05
0,46,0.0003712268471931552
0,47,0.002349789578882221
0,48,0.0004194029353349155
0,49,0.0012571178938554444
0,50,0.0013674407837929304
0,51,0.0013347134193138677
0,52,0.0013922854282254235
0,53,0.0019058235248307616
0,54,0.00010110292274015877
0,55,0.002809133975167391
0,56,4.645174313157312e-05
0,57,0.0009090113460845948
0,58,3.878016737196483e-05
0,59,0.0009327650783677857
0,60,5.500308675352181e-05
0,61,0.0010679678034522585
0,62,1.4674527943837872e-05
0,63,0.0016582216576536794
0,64,0.0016380925689633312
0,65,8.762487908910384e-06
0,66,2.5829984438314144e-05
0,67,5.63051431897856e-05
0,68,4.5360830982271024e-05
0,69,8.055154547588703e-05
0,70,6.344885823198965e-05
0,71,0.00010402375204312889
0,72,0.001966914605191679
0,73,2.5020598004960977e-05
0,74,0.00016747261027511855
0,75,4.557197526923272e-05
0,76,7.140195970754686e-05
0,77,0.00161472593453957
0,78,2.3437015852748255e-05
0,79,0.0003276607426500586
0,80,6.749579039875548e-05
0,81,0.0015943505108477665
0,82,3.78300180806372e-05
0,83,3.737253879222019e-05
0,84,0.00029338498673327657
0,85,0.002693462096626875
0,86,3.522590520810962e-05
0,87,2.1044047267182366e-05
0,88,3.814673451107974e-05
0,89,0.00012658100003353674
0,90,3.381827662836498e-05
0,91,2.780066444995664e-06
0,92,0.0013029010134116387
0,93,1.1190647208969889e-05
0,94,4.1525043102466876e-06
0,95,5.067462887080704e-06
0,96,2.1395954412118528e-05
0,97,3.3853467342858595e-05
0,98,3.096782875438208e-05
0,99,7.277439757279789e-05
0,100,4.6944413134483746e-05
0,101,4.434030026195616e-06
0,102,0.0019700113880671173
0,103,1.7595357246808e-06
0,104,6.668640396540233e-05
0,105,0.00020889208123410459
0,106,9.43463055573845e-05
0,107,0.00029028820385783836
0,108,5.4264081749155874e-05
0,109,0.00017528494889270128
0,110,0.00012925549433505157
0,111,4.469220740689232e-06
0,112,0.00032966661337619467
0,113,0.00034778983134040693
0,114,0.00037252890362941897
0,115,1.4885672230799569e-05
0,116,8.375390049480607e-06
0,117,0.00016947848100125465
0,118,0.00018045798392326285
0,119,2.8715623026790656e-05
0,120,0.00010391817989964805
0,121,4.451625383442424e-05
0,122,7.291516043077235e-05
0,123,8.48800033586018e-05
0,124,8.016444761645725e-05
0,125,4.543121241125825e-05
0,126,3.438132806026283e-05
0,127,2.6287463726731152e-05
0,128,2.0164279404841967e-05
0,129,3.072149375292677e-05
0,130,2.217015013097808e-06
0,131,4.645174313157312e-06
1,1,0.9101938857179255
1,2,0.0001301618160619681
1,3,0.001215766750025617
1,4,0.00014123941742894412
1,5,0.00018001102221336013
1,6,0.0009360573155094727
1,7,7.477380922708806e-05
1,8,9.139021127755207e-05
1,9,0.0015010149852252492
1,10,0.0002409378297317282
1,11,0.001271154756860497
1,12,0.0006868112847525125
1,13,0.00022155202733952018
1,14,0.001287771158910961
1,15,0.00021878262699777617
1,16,0.0004043324498946243
1,17,0.0007200440888534405
1,18,0.00010246781264452808
1,19,9.692901196104008e-05
1,20,0.0002935564362248642
1,21,0.0002437072300734722
1,22,7.477380922708806e-05
1,23,0.0006009598741584485
1,24,0.00047633685877996836
1,25,0.00014123941742894412
1,26,0.002121360661775906
1,27,0.001060680330887953
1,28,0.0019773518440052177
1,29,0.00031848103930056027
1,30,8.862081093580808e-05
1,31,8.031260991057606e-05
1,32,0.0004043324498946243
1,33,0.0005677270700575204
1,34,0.00028247883485788824
1,35,0.0015397865900096653
1,36,0.0006175762762089125
1,37,0.005444641071868708
1,38,0.003716535258620451
1,39,0.0005206472642478724
1,40,6.092680751836805e-05
1,41,0.001282232358227473
1,42,0.001456704579757345
1,43,0.0010523721298627208
1,44,0.00018554982289684815
1,45,3.0463403759184025e-05
1,46,0.0004098712505781123
1,47,0.004425501746106915
1,48,0.0008086648997892486
1,49,0.0024149170980007698
1,50,0.0017890326207666255
1,51,0.0015314783889844332
1,52,0.0010080617243948167
1,53,0.0016505626036794252
1,54,6.646560820185605e-05
1,55,0.00745245631963311
1,56,0.00011077601366976009
1,57,0.001096682535330625
1,58,7.200440888534405e-05
1,59,0.0009803677209773768
1,60,0.00011908421469499209
1,61,0.0018693452306772014
1,62,6.369620786011205e-05
1,63,0.0022293672751039217
1,64,0.002600466920897618
1,65,2.7694003417440023e-05
1,66,8.862081093580808e-05
1,67,0.00018554982289684815
1,68,0.0001550864191376641
1,69,0.00021878262699777617
1,70,0.0008778999083328487
1,71,0.0002769400341744002
1,72,0.003702688256911731
1,73,6.923500854360006e-05
1,74,0.0005815740717662405
1,75,0.0001384700170872001
1,76,0.00021324382631428816
1,77,0.0019302720381955696
1,78,2.7694003417440023e-05
1,79,0.00048464505980520036
1,80,0.00010523721298627209
1,81,0.0016394850023124493
1,82,6.092680751836805e-05
1,83,1.6616402050464012e-05
1,84,0.00034617504271800025
1,85,0.0030103381714757303
1,86,7.754320956883205e-05
1,87,3.3232804100928023e-05
1,88,7.200440888534405e-05
1,89,0.0001246230153784801
1,90,6.923500854360006e-05
1,92,0.0009305185148259848
1,93,1.6616402050464012e-05
1,96,3.877160478441603e-05
1,97,0.00011077601366976009
1,98,3.877160478441603e-05
1,99,5.5388006834880046e-05
1,100,4.154100512616003e-05
1,102,0.003400823619661635
1,104,0.00011908421469499209
1,105,0.00030463403759184026
1,106,0.00011908421469499209
1,107,0.0004735674584382244
1,108,0.0001301618160619681
1,109,0.0004043324498946243
1,110,0.0002437072300734722
1,112,0.0006701948827020485
1,113,0.0008058954994475047
1,114,0.0006840418844107685
1,115,3.877160478441603e-05
1,116,3.3232804100928023e-05
1,117,0.00023816842938998418
1,118,0.0002326296287064962
1,119,4.431040546790404e-05
1,120,0.00020770502563080017
1,121,8.031260991057606e-05
1,122,0.0001467782181124321
1,123,0.00020216622494731215
1,124,0.00017170282118812813
1,125,9.692901196104008e-05
1,126,6.646560820185605e-05
1,127,4.984920615139204e-05
1,128,2.492460307569602e-05
1,129,9.969841230278408e-05
1,130,1.3847001708720011e-05
1,131,4.431040546790404e-05
2,2,0.8910505836575876
2,9,0.0025940337224383916
2,11,0.0012970168612191958
2,26,0.0036316472114137485
2,32,0.0012970168612191958
2,35,0.0020752269779507134
2,36,0.0012970168612191958
2,37,0.004928664072632944
2,38,0.004928664072632944
2,42,0.0018158236057068742
2,47,0.010116731517509728
2,48,0.0015564202334630351
2,49,0.0015564202334630351
2,50,0.0018158236057068742
2,51,0.0012970168612191958
2,53,0.0012970168612191958
2,55,0.004928664072632944
2,57,0.0012970168612191958
2,61,0.0036316472114137485
2,63,0.0028534370946822307
2,64,0.0038910505836575876
2,72,0.0020752269779507134
2,77,0.0025940337224383916
2,79,0.0015564202334630351
2,81,0.0012970168612191958
2,85,0.004150453955901427
2,102,0.008819714656290532
2,113,0.0025940337224383916
2,114,0.0015564202334630351
3,3,0.9569260271951868
3,4,2.6341715267131335e-05
3,5,0.00015278194854936175
3,6,0.00042146744427410136
3,7,0.00010536686106852534
3,8,6.32201166411152e-05
3,9,0.00032663726931242854
3,10,0.00030029555404529723
3,11,0.0002054653790836244
3,12,0.00021073372213705068
3,13,0.00013697691938908293
3,14,0.0004478091595412327
3,15,6.32201166411152e-05
3,16,0.00013697691938908293
3,17,0.0001106352041219516
3,18,7.9025145801394e-05
3,19,4.74150874808364e-05
3,20,4.2146744427410136e-05
3,21,0.000927228377403023
3,22,3.16100583205576e-05
3,23,0.00040566241511382254
3,24,7.9025145801394e-05
3,25,3.16100583205576e-05
3,26,0.0003898573859535438
3,27,0.0007533730566399562
3,28,0.0006585428816782834
3,29,0.0008165931732810714
3,30,0.00010009851801509907
3,31,7.9025145801394e-05
3,32,0.000711226312212546
3,33,0.00016331863465621427
3,34,0.00042673578732752764
3,35,0.0006480061955714308
3,36,0.00030029555404529723
3,37,0.0012117189022880415
3,38,0.0009588384357235805
3,39,0.0004899559039686428
3,40,5.795177358768894e-05
3,41,0.0010378635815249746
3,42,0.004293699588542407
3,43,0.000848203231601629
3,46,0.00020019703603019813
3,47,0.0009061550051893179
3,48,4.2146744427410136e-05
3,49,0.0011168887273263685
3,50,0.0014066475952648134
3,51,0.001043131924578401
3,52,0.0011590354717537787
3,53,0.0006216644803042994
3,55,0.0010220585523646958
3,57,0.0014487943396922233
3,58,5.795177358768894e-05
3,59,8.429348885482027e-05
3,61,0.0009166916912961704
3,63,0.0015910396021347325
3,64,0.0010484002676318272
3,69,5.268343053426267e-05
3,71,4.74150874808364e-05
3,72,0.002070458819996523
3,73,0.0001896603499233456
3,74,5.795177358768894e-05
3,75,5.795177358768894e-05
3,77,0.0008640082607619078
3,79,6.848845969454146e-05
3,81,0.0027974901613693477
3,82,6.32201166411152e-05
3,83,7.375680274796774e-05
3,84,0.00029502721099187095
3,85,0.0017438215506840942
3,88,4.2146744427410136e-05
3,89,0.0001264402332822304
3,92,0.0010484002676318272
3,98,2.6341715267131335e-05
3,100,5.268343053426267e-05
3,106,0.0015436245146538963
3,107,3.16100583205576e-05
3,109,4.2146744427410136e-05
3,110,5.268343053426267e-05
3,113,8.956183190824653e-05
3,114,6.848845969454146e-05
3,119,0.00024234378045760827
3,120,3.687840137398387e-05
3,122,2.6341715267131335e-05
4,4,0.9420406700707695
4,5,0.00044790826838663443
4,12,0.0009853981904505958
4,14,0.0005374899220639613
4,16,0.0006270715757412882
4,17,0.002239541341933172
4,23,0.0005374899220639613
4,26,0.0008062348830959419
4,27,0.0026874496103198066
4,28,0.0008062348830959419
4,33,0.0008062348830959419
4,35,0.00044790826838663443
4,36,0.00044790826838663443
4,37,0.0019707963809011916
4,38,0.0016124697661918839
4,41,0.006987368986831497
4,43,0.0017916330735465377
4,47,0.0007166532294186151
4,49,0.0018812147272238647
4,50,0.0008958165367732689
4,52,0.0018812147272238647
4,53,0.003045776225029114
4,59,0.0013437248051599033
4,63,0.0008062348830959419
4,64,0.00689778733315417
4,69,0.0009853981904505958
4,71,0.0006270715757412882
4,72,0.00403117441547971
4,77,0.0025978679566424794
4,81,0.0008958165367732689
4,85,0.0009853981904505958
4,92,0.0018812147272238647
5,5,0.9570541259982254
5,6,0.0003194321206743567
5,8,0.0002129547471162378
5,9,0.0005323868677905945
5,10,0.0002484472049689441
5,11,0.000354924578527063
5,12,0.0008873114463176575
5,13,0.0001774622892635315
5,14,0.0006388642413487134
5,16,0.000709849157054126
5,23,0.0006388642413487134
5,25,0.0003904170363797693
5,26,0.0005323868677905945
5,27,0.0002839396628216504
5,28,0.001774622892635315
5,29,0.0003194321206743567
5,32,0.0001774622892635315
5,33,0.0006388642413487134
5,34,0.0002484472049689441
5,35,0.0003904170363797693
5,36,0.0009582963620230701
5,37,0.0022360248447204968
5,38,0.001171251109139308
5,39,0.0005323868677905945
5,41,0.0005323868677905945
5,42,0.0011002661934338953
5,43,0.0009937888198757764
5,46,0.0001774622892635315
5,47,0.0009582963620230701
5,49,0.0015616681455190773
5,50,0.0009582963620230701
5,51,0.0006388642413487134
5,52,0.001064773735581189
5,53,0.001881100266193434
5,55,0.0018101153504880214
5,57,0.0003904170363797693
5,59,0.0005678793256433008
5,61,0.0004259094942324756
5,63,0.0013132209405501331
5,64,0.0011357586512866016
5,72,0.0016326530612244899
5,77,0.001774622892635315
5,79,0.0002129547471162378
5,80,0.0002129547471162378
5,81,0.0013487133984028394
5,84,0.000354924578527063
5,85,0.0019520851818988466
5,92,0.0011002661934338953
5,99,0.0002129547471162378
5,102,0.0012422360248447205
5,113,0.0002129547471162378
5,114,0.0001774622892635315
6,6,0.8982474964234621
6,8,0.00013908758543951678
6,9,0.002920839294229852
6,10,0.0007550468923859482
6,11,0.0015100937847718965
6,12,0.0003775234461929741
6,13,0.0002583055158162454
6,14,0.0018478779208392943
6,15,0.0006755682721347957
6,16,0.0002185662056906692
6,17,0.0004371324113813384
6,18,0.00011921793037672866
6,19,0.00011921793037672866
6,20,0.0001986965506278811
6,21,0.00011921793037672866
6,22,9.934827531394055e-05
6,23,0.0005563503417580671
6,24,0.0004967413765697027
6,26,0.0029804482594182166
6,27,0.0007947862025115244
6,28,0.0011127006835161342
6,29,0.00031791448100460976
6,32,0.0010133524082021935
6,33,0.0002185662056906692
6,34,0.0004768717215069146
6,35,0.001609442060085837
6,36,0.0006954379271975838
6,37,0.005007153075822604
6,38,0.0038547130821808932
6,39,0.0006755682721347957
6,41,0.0006358289620092195
6,42,0.0018478779208392943
6,43,0.002742012398664759
6,44,0.00029804482594182163
6,45,0.000178826895565093
6,46,0.00029804482594182163
6,47,0.00578206962327134
6,48,0.0012915275790812272
6,49,0.0017087903353997774
6,50,0.002165792401843904
6,51,0.0012319186138928628
6,52,0.0008543951676998887
6,53,0.000894134477825465
6,55,0.006338419965029407
6,56,9.934827531394055e-05
6,57,0.0009537434430138292
6,59,0.001450484819583532
6,60,0.00015895724050230488
6,61,0.0013908758543951676
6,63,0.0020863137815927517
6,64,0.003020187569543793
6,66,0.000178826895565093
6,67,0.0002583055158162454
6,70,0.0004768717215069146
6,71,0.00013908758543951678
6,72,0.0034970592910507073
6,74,0.000357653791130186
6,76,0.0002185662056906692
6,77,0.003079796534732157
6,79,0.0003973931012557622
6,81,0.0012120489588300747
6,84,0.000178826895565093
6,85,0.0034771896359879193
6,86,0.00015895724050230488
6,89,0.0002185662056906692
6,92,0.0006954379271975838
6,112,0.011941662692735654
6,119,0.0013511365442695914
6,120,0.0034771896359879193
6,121,0.0013113972341440153
6,122,0.0003973931012557622
6,123,0.000357653791130186
6,126,0.0008742648227626768
6,127,0.0009338737879510412
6,129,0.0004172627563185503
7,7,0.9320317489280175
7,9,0.0009123255177447313
7,10,0.00045616275887236564
7,11,0.0005473953106468388
7,14,0.0005473953106468388
7,21,0.0017334184837149895
7,22,0.00045616275887236564
7,23,0.0006386278624213119
7,26,0.0010035580695192045
7,27,0.0010035580695192045
7,28,0.0011860231730681508
7,32,0.001368488276617097
7,35,0.0006386278624213119
7,37,0.0022808137943618285
7,38,0.0010035580695192045
7,39,0.0005473953106468388
7,42,0.00145972082839157
7,43,0.000729860414195785
7,47,0.002189581242587355
7,48,0.0005473953106468388
7,49,0.00145972082839157
7,50,0.0019158835872639358
7,51,0.003649302070978925
7,52,0.0006386278624213119
7,55,0.010035580695192045
7,57,0.0006386278624213119
7,59,0.0008210929659702581
7,61,0.0010947906212936775
7,63,0.0023720463461363015
7,64,0.000729860414195785
7,72,0.0022808137943618285
7,74,0.0010947906212936775
7,77,0.0008210929659702581
7,81,0.005200255451144969
7,84,0.0006386278624213119
7,85,0.00291944165678314
7,92,0.0010947906212936775
7,102,0.003466836967429979
7,109,0.0008210929659702581
7,112,0.00045616275887236564
7,114,0.00045616275887236564
8,8,0.939973505547276
8,9,0.0009935419771485345
8,11,0.0008279516476237788
8,12,0.0014903129657228018
8,14,0.0009935419771485345
8,16,0.0009935419771485345
8,24,0.0004139758238118894
8,25,0.0007451564828614009
8,26,0.000662361318099023
8,27,0.0004139758238118894
8,28,0.0029806259314456036
8,32,0.0005795661533366451
8,33,0.001324722636198046
8,35,0.0004139758238118894
8,36,0.002069879119059447
8,37,0.004056963073356516
8,38,0.0012419274714356682
8,41,0.0004967709885742673
8,42,0.001324722636198046
8,43,0.0016559032952475575
8,47,0.0018214936247723133
8,48,0.0004967709885742673
8,49,0.0011591323066732903
8,50,0.001324722636198046
8,51,0.0009107468123861566
8,52,0.000662361318099023
8,53,0.003974167908594138
8,55,0.0029806259314456036
8,57,0.0008279516476237788
8,59,0.0004139758238118894
8,61,0.0007451564828614009
8,63,0.0009935419771485345
8,64,0.0019042887895346912
8,70,0.0004967709885742673
8,72,0.002566650107633714
8,77,0.0024010597781089584
8,79,0.0005795661533366451
8,81,0.0012419274714356682
8,85,0.0022354694485842027
8,92,0.001324722636198046
8,102,0.0019042887895346912
9,9,0.9002939181550984
9,10,0.00015072725902479464
9,11,0.00161004117594667
9,12,8.221486855897889e-05
9,13,0.000417925581841476
9,14,0.0012126693112449387
9,15,0.00017813221521112093
9,16,0.00012332230283846834
9,17,8.906610760556047e-05
9,20,0.0001575784980713762
9,21,8.221486855897889e-05
9,23,0.00025349584472351825
9,24,0.0002809008009098445
9,25,0.00011647106379188676
9,26,0.00591947053624648
9,27,0.0003836693866085682
9,28,0.0016442973711795778
9,29,8.906610760556047e-05
9,30,4.110743427948944e-05
9,31,6.851239046581574e-05
9,32,0.0002671983228166814
9,33,0.0003494131913756603
9,34,0.00035626443042224186
9,35,0.0021170328653937064
9,36,0.0004384792989812208
9,37,0.004597181400256237
9,38,0.002384231188210388
9,39,0.0006508677094252495
9,40,3.425619523290787e-05
9,41,0.00041107434279489445
9,42,0.001431908960735549
9,43,0.0006714214265649943
9,44,9.591734665214205e-05
9,45,3.425619523290787e-05
9,46,0.00015072725902479464
9,48,0.014860337492035434
9,49,0.0016168924149932516
9,50,0.0024184873834432958
9,51,0.0014661651559684569
9,52,0.00046588425516754704
9,53,0.0002466446056769367
9,55,0.006118156468597345
9,56,0.00011647106379188676
9,57,0.0013565453312231518
9,58,0.00010276858569872361
9,59,0.0014387601997821306
9,60,0.0001849834542577025
9,61,0.0014250577216889675
9,63,0.0028364129652847718
9,64,0.0015346775464342727
9,66,8.221486855897889e-05
9,67,0.00013702478093163148
9,68,0.00011647106379188676
9,70,8.906610760556047e-05
9,71,9.591734665214205e-05
9,72,0.0029871402243095663
9,73,0.00010276858569872361
9,74,0.00035626443042224186
9,75,8.221486855897889e-05
9,76,0.00017813221521112093
9,77,0.001013983378894073
9,79,0.0002603470837700998
9,81,0.0007536362951239731
9,82,6.166115141923417e-05
9,84,0.00012332230283846834
9,85,0.004336834316486136
9,86,0.00016442973711795777
9,87,6.166115141923417e-05
9,88,7.536362951239732e-05
9,89,0.00027404956186326295
9,90,6.166115141923417e-05
9,92,0.00044533053802780234
9,105,0.008762734740577833
9,106,0.00025349584472351825
9,107,0.0007467850560773916
9,108,0.00016442973711795777
9,109,0.00044533053802780234
9,110,0.00036311566946882343
9,112,0.0019114956939962591
9,118,0.005741338321035359
9,119,0.00015072725902479464
9,124,0.002014264279694983
9,125,0.0010413883350803993
9,126,0.0013565453312231518
9,127,0.0008564048808226967
9,128,0.0004795867332607102
9,129,0.0002809008009098445
9,131,4.110743427948944e-05
10,10,0.9274091737971665
10,11,0.0007013606396409033
10,12,0.0005610885117127227
10,14,0.002244354046850891
10,16,0.0005610885117127227
10,21,0.0007013606396409033
10,23,0.0009117688315331743
10,24,0.0007714967036049937
10,26,0.0016832655351381681
10,27,0.0005610885117127227
10,28,0.001052040959461355
10,33,0.0007013606396409033
10,34,0.00035068031982045167
10,35,0.0015429934072099874
10,36,0.0004909524477486323
10,37,0.0034366671342404265
10,38,0.002735306494599523
10,39,0.00042081638378454203
10,41,0.0009819048954972647
10,42,0.001052040959461355
10,43,0.002524898302707252
10,46,0.0007013606396409033
10,47,0.0032262589423481553
10,48,0.0007714967036049937
10,49,0.0013325852153177164
10,50,0.0019638097909945294
10,51,0.0015429934072099874
10,52,0.0007013606396409033
10,53,0.0011923130873895357
10,55,0.00420816383784542
10,57,0.0009117688315331743
10,59,0.00042081638378454203
10,61,0.0014728573432458971
10,63,0.002314490110814981
10,64,0.0018235376630663486
10,72,0.003717211390096788
10,77,0.0019638097909945294
10,79,0.00035068031982045167
10,81,0.002244354046850891
10,85,0.0028755786225277036
10,86,0.00035068031982045167
10,89,0.00035068031982045167
10,92,0.0009819048954972647
10,102,0.0024547622387431616
10,107,0.0005610885117127227
10,112,0.0018936737270304391
10,113,0.00042081638378454203
10,114,0.0004909524477486323
10,119,0.00035068031982045167
10,123,0.00035068031982045167
11,11,0.884311942389461
11,12,0.00018433406247695823
11,13,0.00039324599995084426
11,14,0.0016098508122987687
11,15,0.00023348981247081377
11,16,9.831149998771107e-05
11,19,9.831149998771107e-05
11,20,0.0002949344999631332
11,21,6.144468749231941e-05
11,23,0.0003563791874554526
11,24,0.0005530021874308748
11,25,0.00012288937498463882
11,26,0.005050753311868656
11,27,0.0010814264998648218
11,28,0.0014992503748125937
11,29,0.0001474672499815666
11,31,9.831149998771107e-05
11,32,0.00047926856244009144
11,33,0.000319512374960061
11,34,0.00047926856244009144
11,35,0.0020645414997419323
11,36,0.0005652911249293386
11,37,0.0072504731240936905
11,38,0.006500847936687394
11,39,0.00047926856244009144
11,40,7.37336249907833e-05
11,41,0.000639024749920122
11,42,0.001462383562317202
11,43,0.0007619141249047607
11,44,0.00012288937498463882
11,46,0.00025806768746774154
11,47,0.008319610686460048
11,48,0.0024454985621943127
11,49,0.008614545186423182
11,50,0.0018187627497726546
11,51,0.001683584437289552
11,52,0.0007250473124093691
11,53,0.000417823874947772
11,55,0.007348784624081402
11,56,0.00012288937498463882
11,57,0.0014009388748248827
11,58,0.00013517831248310272
11,59,0.0014992503748125937
11,60,0.0003440902499569887
11,61,0.0016958733747880158
11,63,0.0021382751247327157
11,64,0.0026421215621697347
11,66,0.00025806768746774154
11,67,0.00027035662496620544
11,68,0.00011060043748617495
11,69,6.144468749231941e-05
11,70,0.00019662299997542213
11,71,0.00017204512497849436
11,72,0.003969326812003834
11,73,6.144468749231941e-05
11,74,0.0005652911249293386
11,75,0.00011060043748617495
11,76,0.0003440902499569887
11,77,0.0017081623122864797
11,79,0.0006021579374247303
11,81,0.0008725145623909357
11,84,7.37336249907833e-05
11,85,0.003784992749526876
11,86,0.000208911937473886
11,88,7.37336249907833e-05
11,89,0.0001474672499815666
11,90,8.602256248924718e-05
11,92,0.0005161353749354831
11,107,0.011711357436036081
11,108,0.00017204512497849436
11,109,0.0008848034998893996
11,110,0.0005161353749354831
11,112,0.0022365866247204265
11,117,0.004043060436994618
11,118,0.0008848034998893996
11,120,0.0008479366873940079
11,123,0.0034286135620714233
11,126,0.0001597561874800305
11,128,0.001155160124855605
11,129,0.0002212008749723499
12,12,0.9561260768494462
12,13,5.469711472719814e-05
12,14,0.00047176261452208396
12,16,0.0018391904827020375
12,17,9.571995077259674e-05
12,18,6.837139340899768e-05
12,19,8.888281143169697e-05
12,21,9.571995077259674e-05
12,22,7.520853274989745e-05
12,23,0.0005674825652946807
12,24,0.00010255709011349651
12,25,0.00042390263913578556
12,26,0.0006153425406809791
12,27,0.00019827704088609327
12,28,0.001852864761383837
12,29,0.00015725420484069465
12,30,4.785997538629837e-05
12,31,5.469711472719814e-05
12,32,6.837139340899768e-05
12,33,0.0020784903596335292
12,34,0.00010255709011349651
12,35,0.000382879803090387
12,36,0.0004307397784766854
12,37,0.004102283604539861
12,38,0.0010255709011349652
12,39,0.00011623136879529605
12,41,0.0003760426637494872
12,42,0.00025981129495419115
12,43,0.001087105155203063
12,46,0.0004033912211130863
12,47,0.0005469711472719814
12,48,3.418569670449884e-05
12,49,0.0009845480650895666
12,50,0.0007452481881580746
12,51,0.00045125119649938464
12,52,0.001326405032134555
12,53,0.006433748119786681
12,54,0.0004170654997948858
12,55,0.0004307397784766854
12,57,0.0004649254751811842
12,59,0.0008272938602488719
12,61,0.0004854368932038835
12,63,0.0004170654997948858
12,64,0.0006085054013400793
12,71,4.10228360453986e-05
12,72,0.0017571448106112402
12,77,0.0038219608915629703
12,78,0.00010939422945439628
12,79,0.0011144537125666622
12,80,0.00045125119649938464
12,81,0.00032134554902228906
12,84,4.10228360453986e-05
12,85,0.0011828251059756599
12,92,0.002030630384247231
12,95,3.418569670449884e-05
12,96,3.418569670449884e-05
12,98,0.00011623136879529605
12,99,0.00030767127034048955
12,100,0.0001640913441815944
12,101,5.469711472719814e-05
12,102,0.0002529741556132914
12,112,4.10228360453986e-05
12,113,4.785997538629837e-05
12,118,3.418569670449884e-05
13,13,0.9370380509170545
13,14,0.0007430292127801024
13,16,0.0007039224121074655
13,17,0.0002737476047084588
13,20,0.00023464080403582183
13,23,0.00035196120605373275
13,24,0.0005083884087442806
13,26,0.0019553400336318485
13,27,0.0010558836181611983
13,28,0.00046928160807164365
13,29,0.00035196120605373275
13,31,0.00043017480739900667
13,32,0.00031285440538109577
13,34,0.00023464080403582183
13,35,0.0014860584255602049
13,36,0.00019553400336318487
13,37,0.002502835243048766
13,38,0.00258104884439404
13,39,0.0005866020100895546
13,41,0.0008212428141253764
13,42,0.001329631222869657
13,43,0.0007430292127801024
13,46,0.00039106800672636974
13,47,0.0034022916585194165
13,48,0.0007821360134527395
13,49,0.0019553400336318485
13,50,0.0020335536349771225
13,51,0.0011732040201791092
13,52,0.0007430292127801024
13,53,0.00043017480739900667
13,55,0.0046537092800438
13,57,0.0009385632161432873
13,59,0.0007039224121074655
13,61,0.0011340972195064722
13,63,0.0021508740369950334
13,64,0.0011340972195064722
13,71,0.00023464080403582183
13,72,0.0023464080403582184
13,74,0.00039106800672636974
13,77,0.0009385632161432873
13,79,0.0002737476047084588
13,81,0.0016033788275781158
13,84,0.00019553400336318487
13,85,0.003949786867936334
13,89,0.00019553400336318487
13,92,0.0006648156114348285
13,102,0.004340854874662704
13,105,0.00035196120605373275
13,107,0.0009385632161432873
13,109,0.00043017480739900667
13,110,0.00023464080403582183
13,112,0.0006648156114348285
13,113,0.0006648156114348285
13,114,0.0005474952094169176
13,117,0.00031285440538109577
13,118,0.0006648156114348285
13,123,0.00019553400336318487
13,124,0.00019553400336318487
13,126,0.00023464080403582183
14,14,0.9149739000745712
14,15,0.00013422818791946307
14,16,0.00044742729306487697
14,17,0.0002833706189410887
14,19,8.94854586129754e-05
14,20,0.00019388516032811334
14,21,0.0001789709172259508
14,23,0.0008799403430275913
14,24,0.0006413124533929903
14,25,0.00019388516032811334
14,26,0.0019090231170768082
14,27,0.0005965697240865026
14,28,0.0015510812826249067
14,29,0.00016405667412378822
14,31,8.94854586129754e-05
14,32,0.000343027591349739
14,33,0.0006263982102908277
14,34,0.0002982848620432513
14,35,0.001372110365398956
14,36,0.00046234153616703954
14,37,0.005563012677106637
14,38,0.004727815063385534
14,39,0.0005816554809843401
14,41,0.0004921700223713646
14,42,0.0014168530947054436
14,43,0.0018791946308724832
14,44,0.00013422818791946307
14,46,0.0003877703206562267
14,47,0.004653243847874721
14,48,0.001029082774049217
14,49,0.0015063385533184192
14,50,0.001610738255033557
14,51,0.0010887397464578673
14,52,0.0007307979120059657
14,53,0.0020730797912005966
14,55,0.009142431021625652
14,56,0.0001789709172259508
14,57,0.0014168530947054436
14,58,7.457121551081282e-05
14,59,0.0013422818791946308
14,60,0.0001789709172259508
14,61,0.0028933631618195377
14,62,0.00010439970171513796
14,63,0.001953765846383296
14,64,0.0017897091722595079
14,66,8.94854586129754e-05
14,68,0.00019388516032811334
14,69,0.00010439970171513796
14,70,0.00023862788963460103
14,71,0.00010439970171513796
14,72,0.00348993288590604
14,74,0.0008501118568232662
14,76,0.00016405667412378822
14,77,0.0021774794929157347
14,79,0.0005369127516778523
14,80,0.00011931394481730052
14,81,0.0008351976137211036
14,84,0.00014914243102162565
14,85,0.0043997017151379565
14,86,0.00013422818791946307
14,89,0.00019388516032811334
14,92,0.0009694258016405667
14,99,7.457121551081282e-05
14,102,0.00348993288590604
14,104,8.94854586129754e-05
14,105,0.0004175988068605518
14,106,0.0002982848620432513
14,107,0.0005965697240865026
14,108,7.457121551081282e-05
14,109,0.00044742729306487697
14,110,0.0003728560775540641
14,112,0.0014466815809097689
14,113,0.0007009694258016405
14,114,0.0008351976137211036
14,115,7.457121551081282e-05
14,117,0.00026845637583892615
14,118,0.0002833706189410887
14,119,0.0002982848620432513
14,120,0.0004921700223713646
14,121,0.0001789709172259508
14,122,0.00022371364653243848
14,123,0.0002982848620432513
14,124,0.0002087994034302759
14,125,0.00013422818791946307
14,126,0.00019388516032811334
14,127,0.00016405667412378822
14,129,0.00016405667412378822
15,15,0.9326674065852756
15,16,0.00031710797526557794
15,19,0.0009513239257967338
15,26,0.0017440938639606786
15,27,0.0004756619628983669
15,28,0.0013212832302732414
15,32,0.0004756619628983669
15,33,0.0011098779134295228
15,35,0.0009513239257967338
15,36,0.0004756619628983669
15,37,0.0030125257650229905
15,38,0.0021140531684371864
15,39,0.0003699593044765076
15,41,0.0005285132921092966
15,42,0.0009513239257967338
15,43,0.0006870672797420855
15,45,0.004703768299772739
15,47,0.004122403678452513
15,48,0.0007399186089530152
15,49,0.0016383912055388194
15,50,0.0008456212673748745
15,51,0.0012684319010623118
15,52,0.0004756619628983669
15,53,0.0011098779134295228
15,55,0.005707943554780403
15,57,0.0010041752550076634
15,59,0.0007927699381639448
15,61,0.0010570265842185932
15,63,0.0019026478515934676
15,64,0.0008984725965858042
15,72,0.0020083505100153267
15,74,0.0003699593044765076
15,77,0.0011627292426404524
15,81,0.0011098779134295228
15,85,0.004122403678452513
15,92,0.00042281063368743724
15,102,0.003382485069499498
15,105,0.00042281063368743724
15,107,0.0007399186089530152
15,108,0.00031710797526557794
15,109,0.0005285132921092966
15,110,0.00031710797526557794
15,112,0.0013212832302732414
15,113,0.0010041752550076634
15,114,0.0007927699381639448
15,117,0.0004756619628983669
15,118,0.00042281063368743724
15,120,0.0006342159505311559
15,121,0.00031710797526557794
15,123,0.0004756619628983669
15,124,0.0002642566460546483
15,125,0.0002642566460546483
16,16,0.960663966687582
16,17,7.985853630711312e-05
16,19,0.00013690034795505105
16,21,6.845017397752553e-05
16,22,9.12668986367007e-05
16,23,0.0002852090582396897
16,25,0.00038788431920597796
16,26,0.0005590097541497918
16,27,0.00019394215960298898
16,28,0.0015059038275055615
16,29,0.00013690034795505105
16,30,9.12668986367007e-05
16,31,0.0007985853630711311
16,32,9.12668986367007e-05
16,33,0.0011522445952883464
16,34,6.845017397752553e-05
16,35,0.00043351776852432834
16,36,0.0004107010438651532
16,37,0.0031715247276253495
16,38,0.0007643602760823684
16,39,9.12668986367007e-05
16,41,0.0002738006959101021
16,42,0.00038788431920597796
16,43,0.0010609776966516457
16,46,0.00038788431920597796
16,47,0.000581826478808967
16,48,5.704181164793794e-05
16,49,0.0011180195082995837
16,50,0.0007643602760823684
16,51,0.0004905595801722662
16,52,0.0010153442473332954
16,53,0.006160515657977298
16,54,0.00015971707261422624
16,55,0.000524784667161029
16,57,0.00039929268153556554
16,59,0.0010267526096628828
16,61,0.0004107010438651532
16,63,0.0006730933774456676
16,64,0.0005932348411385545
16,72,0.001494495465175974
16,77,0.002966174205692773
16,79,0.001129427870629171
16,80,0.00039929268153556554
16,81,0.00039929268153556554
16,84,7.985853630711312e-05
16,85,0.0015515372768239119
16,99,0.002897724031715247
16,101,0.0002053505219325766
16,102,0.0005019679425018539
16,105,5.704181164793794e-05
16,112,0.00011408362329587588
16,113,7.985853630711312e-05
16,114,5.704181164793794e-05
16,120,6.845017397752553e-05
17,17,0.9269139465875371
17,21,0.00017804154302670624
17,23,0.00026706231454005935
17,24,0.00023738872403560832
17,26,0.0025222551928783385
17,27,0.006706231454005934
17,28,0.0010682492581602374
17,29,0.0003857566765578635
17,32,0.000712166172106825
17,33,0.00017804154302670624
17,34,0.0001483679525222552
17,35,0.0014540059347181008
17,36,0.0003560830860534125
17,37,0.0033827893175074186
17,38,0.002106824925816024
17,39,0.00020771513353115727
17,41,0.007002967359050445
17,42,0.0013056379821958456
17,43,0.0010979228486646885
17,46,0.0005341246290801187
17,47,0.0019881305637982198
17,48,0.00044510385756676556
17,49,0.0016617210682492581
17,50,0.0014540059347181008
17,51,0.00047477744807121664
17,52,0.000771513353115727
17,53,0.0005044510385756677
17,55,0.0017507418397626113
17,57,0.0005934718100890207
17,59,0.0005341246290801187
17,61,0.0011869436201780415
17,63,0.000801186943620178
17,64,0.016023738872403562
17,67,0.00017804154302670624
17,68,0.00023738872403560832
17,69,0.0010089020771513353
17,70,0.00026706231454005935
17,71,0.000771513353115727
17,72,0.003056379821958457
17,74,0.00023738872403560832
17,76,0.00017804154302670624
17,77,0.0008605341246290801
17,81,0.0008605341246290801
17,84,0.0001483679525222552
17,85,0.0013946587537091988
17,92,0.0006824925816023739
17,102,0.0016617210682492581
17,106,0.0002967359050445104
17,107,0.0003857566765578635
17,112,0.00047477744807121664
17,113,0.0002967359050445104
17,118,0.00026706231454005935
17,120,0.0001483679525222552
18,18,0.9589549719840681
18,21,0.0007425909673935057
18,23,0.0010801323162087356
18,27,0.0011476405859717816
18,28,0.0011476405859717816
18,29,0.0012826571254978736
18,32,0.0005400661581043678
18,35,0.0007425909673935057
18,36,0.0005400661581043678
18,37,0.0008776075069195976
18,38,0.002227772902180517
18,39,0.0009451157766826436
18,41,0.0018902315533652872
18,42,0.0011476405859717816
18,43,0.0016201984743131033
18,46,0.00040504961857827583
18,47,0.0010126240464456897
18,49,0.0014176736650239655
18,50,0.0015526902045500575
18,51,0.0012151488557348275
18,52,0.0009451157766826436
18,53,0.0006750826976304597
18,55,0.0006075744278674137
18,57,0.00033754134881522986
18,61,0.0007425909673935057
18,63,0.0011476405859717816
18,64,0.002497805981232701
18,72,0.0017552150138391953
18,77,0.0013501653952609194
18,81,0.0031728886788631606
18,85,0.0010801323162087356
18,92,0.0010126240464456897
18,102,0.0008100992371565517
19,19,0.9675884815425599
19,20,0.00031713814537612586
19,22,0.0005074210326018013
19,23,0.000380565774451351
19,26,0.0006977039198274768
19,28,0.0010148420652036027
19,32,0.000380565774451351
19,35,0.0004439934035265762
19,36,0.000380565774451351
19,37,0.001585690726880629
19,38,0.000761131548902702
19,41,0.0006342762907522517
19,42,0.0008245591779779272
19,43,0.0008879868070531524
19,45,0.000380565774451351
19,47,0.0006342762907522517
19,49,0.0016491183559558544
19,50,0.0012685525815045035
19,51,0.0010782696942788278
19,52,0.0008245591779779272
19,53,0.0008879868070531524
19,55,0.001585690726880629
19,57,0.0005708486616770265
19,59,0.0006342762907522517
19,61,0.0008245591779779272
19,63,0.000761131548902702
19,64,0.001458835468730179
19,72,0.0012051249524292781
19,77,0.0012051249524292781
19,81,0.0008879868070531524
19,85,0.001522263097805404
19,92,0.000380565774451351
19,102,0.0008245591779779272
19,107,0.000380565774451351
20,20,0.8554407120298593
20,26,0.0022968705139247776
20,27,0.000717772035601493
20,28,0.0012919896640826874
20,35,0.0020097616996841805
20,37,0.007321274763135229
20,38,0.003875968992248062
20,41,0.0010048808498420902
20,42,0.0018662072925638817
20,47,0.004450186620729256
20,48,0.0011484352569623888
20,49,0.004880849842090152
20,50,0.001435544071202986
20,51,0.013637668676428367
20,53,0.0008613264427217916
20,56,0.04665518231409704
20,57,0.0018662072925638817
20,59,0.0011484352569623888
20,61,0.004593741027849555
20,63,0.002583979328165375
20,64,0.002440424921045076
20,72,0.003875968992248062
20,74,0.0033017513637668677
20,77,0.002871088142405972
20,79,0.0008613264427217916
20,81,0.002153316106804479
20,85,0.004163077806488659
20,92,0.000717772035601493
20,102,0.003158196956646569
20,105,0.000717772035601493
20,109,0.0015790984783232845
20,112,0.0015790984783232845
20,113,0.0015790984783232845
20,114,0.0008613264427217916
20,117,0.000717772035601493
21,21,0.9582379267277269
21,23,0.0003642797668609492
21,24,0.0001821398834304746
21,26,0.0006504995836802665
21,27,0.0006244796003330558
21,28,0.0005203996669442131
21,29,0.0006244796003330558
21,31,0.00013009991673605328
21,32,0.0008066194837635304
21,33,0.0001821398834304746
21,34,0.0001821398834304746
21,35,0.0006504995836802665
21,36,0.00026019983347210656
21,37,0.0011188592839300583
21,38,0.0010407993338884263
21,39,0.0003642797668609492
21,41,0.0008066194837635304
21,42,0.0016392589508742715
21,43,0.0009367194004995837
21,46,0.00023417985012489593
21,47,0.0012489592006661116
21,48,0.00015611990008326394
21,49,0.0014831390507910075
21,50,0.0015611990008326394
21,51,0.001899458784346378
21,52,0.0012489592006661116
21,53,0.00039029975020815985
21,55,0.003278517901748543
21,57,0.0006765195670274772
21,59,0.0001821398834304746
21,61,0.0007025395503746877
21,63,0.0018474188176519568
21,64,0.0015611990008326394
21,71,0.00013009991673605328
21,72,0.0019514987510407993
21,77,0.0008326394671107411
21,81,0.0026540383014154872
21,84,0.0006244796003330558
21,85,0.002575978351373855
21,89,0.00015611990008326394
21,92,0.001066819317235637
21,102,0.0015091590341382182
21,106,0.0001821398834304746
21,107,0.00013009991673605328
21,112,0.00026019983347210656
21,113,0.00039029975020815985
21,118,0.00013009991673605328
22,22,0.9586292413482133
22,26,0.0006763611768684477
22,28,0.0009018149024912637
22,32,0.0016909029421711193
22,35,0.0005636343140570398
22,37,0.002479990981850975
22,38,0.0011272686281140797
22,41,0.0007890880396798557
22,42,0.0005636343140570398
22,43,0.0009018149024912637
22,47,0.0012399954909254876
22,48,0.0006763611768684477
22,49,0.002141810393416751
22,50,0.0009018149024912637
22,51,0.0019163566677939353
22,53,0.0013527223537368955
22,55,0.0023672641190395673
22,57,0.0011272686281140797
22,61,0.0010145417653026716
22,63,0.0015781760793597114
22,64,0.0010145417653026716
22,72,0.0015781760793597114
22,77,0.0014654492165483036
22,81,0.0010145417653026716
22,85,0.0018036298049825274
22,92,0.0007890880396798557
22,102,0.0014654492165483036
23,23,0.9350751399666044
23,24,0.00017679992142225715
23,25,0.0003339554071309302
23,26,0.0010411550928199587
23,27,0.0008839996071112857
23,28,0.0011000883999607112
23,29,0.0006482663785482762
23,32,0.0005500441999803556
23,33,0.0006875552499754445
23,34,0.00019644435713584126
23,35,0.0008643551713977016
23,36,0.0006089775071211079
23,37,0.003084176407032708
23,38,0.009429329142520381
23,40,0.0023966211570572637
23,41,0.0009625773499656223
23,42,0.0012965327570965523
23,43,0.0008250662999705334
23,46,0.0005303997642667715
23,47,0.0014733326785188097
23,48,0.00023573322856300952
23,49,0.001257243885669384
23,50,0.0013358216285237208
23,51,0.0014143993713780572
23,52,0.0012965327570965523
23,53,0.004007464885571162
23,55,0.004321775856988508
23,57,0.000923288478538454
23,59,0.0011393772713878794
23,60,0.00017679992142225715
23,61,0.0007857774285433651
23,63,0.0019055102642176604
23,64,0.0012965327570965523
23,67,0.00011786661428150476
23,69,0.0001375110499950889
23,71,0.00011786661428150476
23,72,0.002573421078479521
23,74,0.000314310971417346
23,76,0.00011786661428150476
23,77,0.002298398978489343
23,79,0.0005696886356939397
23,80,0.0002946665357037619
23,81,0.001984088007071997
23,82,0.0002160887928494254
23,84,0.0001375110499950889
23,85,0.0022001767999214224
23,89,0.00011786661428150476
23,90,9.822217856792063e-05
23,92,0.0010018662213927905
23,102,0.0016108437285138983
23,105,0.0001375110499950889
23,107,0.00019644435713584126
23,109,0.00011786661428150476
23,110,0.000157155485708673
23,112,0.0005303997642667715
23,113,0.0002750220999901778
23,114,0.00019644435713584126
23,117,0.00011786661428150476
23,118,0.000157155485708673
23,119,9.822217856792063e-05
23,120,0.000157155485708673
23,129,0.000157155485708673
24,24,0.914121181772659
24,26,0.0024322197582087417
24,27,0.000679590814793619
24,28,0.0017883968810358394
24,30,0.00017883968810358396
24,32,0.0002503755633450175
24,33,0.0003576793762071679
24,34,0.0003219114385864511
24,35,0.0015737892553115388
24,36,0.0004649831890693183
24,37,0.00579440589455612
24,38,0.005508262393590386
24,39,0.0003219114385864511
24,41,0.0006438228771729022
24,42,0.0013949495672079548
24,43,0.0007511266900350526
24,46,0.0003219114385864511
24,47,0.005579798268831819
24,48,0.001180341941483654
24,49,0.0021460762572430075
24,50,0.0026110594463123254
24,51,0.0017526289434151227
24,52,0.0013949495672079548
24,53,0.0007868946276557694
24,55,0.006080549395521854
24,56,0.0003219114385864511
24,57,0.0008941984405179197
24,58,0.00017883968810358396
24,59,0.000500751126690035
24,61,0.0018957006938979898
24,63,0.0034694899492095288
24,64,0.0030760426353816438
24,68,0.00021460762572430073
24,70,0.0002503755633450175
24,72,0.004184848701623865
24,74,0.00042921525144860146
24,77,0.0015022533800701052
24,79,0.0003219114385864511
24,81,0.0008941984405179197
24,90,0.007654338650833393
24,91,0.0003934473138278847
24,92,0.0009299663781386366
24,102,0.004435224264968882
24,104,0.0002861435009657343
24,105,0.00042921525144860146
24,107,0.0006438228771729022
24,108,0.0002503755633450175
24,109,0.0002861435009657343
24,110,0.0002503755633450175
24,112,0.00100150225338007
24,113,0.0009657343157593533
24,114,0.0010730381286215038
24,117,0.00042921525144860146
24,118,0.0003219114385864511
24,120,0.0006080549395521854
24,122,0.0002861435009657343
24,123,0.0002861435009657343
24,124,0.00021460762572430073
25,25,0.9537996980372421
25,26,0.0012078510317060896
25,28,0.0016104680422747862
25,33,0.0013085052843482636
25,35,0.0003522898842476095
25,36,0.0003019627579265224
25,37,0.003673880221439356
25,38,0.0019627579265223956
25,39,0.0003019627579265224
25,41,0.0003019627579265224
25,42,0.0005535983895319578
25,43,0.0009562154001006543
25,46,0.00040261701056869655
25,47,0.001459486663311525
25,48,0.00045294413688978357
25,49,0.0016607951685958732
25,50,0.000754906894816306
25,51,0.0005032712632108706
25,52,0.0010065425264217413
25,53,0.0051333668847508805
25,55,0.002818319073980876
25,57,0.0005032712632108706
25,59,0.0009562154001006543
25,61,0.0008555611474584801
25,63,0.0011071967790639156
25,64,0.00045294413688978357
25,72,0.0021640664318067437
25,77,0.003019627579265224
25,79,0.0011575239053850026
25,81,0.000704579768495219
25,85,0.0017614494212380473
25,92,0.0013588324106693509
25,99,0.0002516356316054353
25,102,0.0013085052843482636
25,105,0.0002516356316054353
25,112,0.0003019627579265224
26,26,0.9067711526330285
26,27,0.0008085223587529209
26,28,0.0018391662446357651
26,29,0.00014215777736315092
26,31,4.442430542598467e-05
26,32,0.000924025552860481
26,33,0.0007907526365825271
26,34,0.00023989124930031718
26,35,0.0020257483274249005
26,36,0.000657479720304573
26,37,0.006192748176382263
26,38,0.0049844070687954795
26,39,0.00047089763751543743
26,41,0.0007640980533269362
26,42,0.0013682686071203277
26,43,0.0007729829144121332
26,44,0.00014215777736315092
26,46,0.00028431555472630183
26,47,0.004824479569261935
26,48,0.004566818597791224
26,49,0.0029053495748593973
26,50,0.0018213965224653712
26,51,0.0013593837460351308
26,52,0.000657479720304573
26,53,0.0016525841618466295
26,54,0.000133272916277954
26,55,0.007090119145987153
26,56,0.00019546694387433252
26,57,0.001314959440609146
26,58,8.884861085196934e-05
26,59,0.0012794199962683583
26,60,0.000133272916277954
26,61,0.0016170447175058418
26,62,4.442430542598467e-05
26,66,0.002798731241837034
26,67,0.002256754715640021
26,68,8.884861085196934e-05
26,69,7.107888868157546e-05
26,70,0.0004264733320894528
26,71,0.00014215777736315092
26,72,0.00422919387655374
26,73,7.107888868157546e-05
26,74,0.0007019040257305577
26,75,0.00017769722170393867
26,76,0.00039093388774866504
26,79,0.0036250233227603486
26,80,7.107888868157546e-05
26,81,0.0007196737479009516
26,84,7.99637497667724e-05
26,86,0.003864914572060666
26,87,7.99637497667724e-05
26,88,5.33091665111816e-05
26,89,0.00015104263844834787
26,90,0.00012438805519275706
26,92,0.0007818677754973301
26,99,0.0001066183330223632
26,100,6.219402759637853e-05
26,113,0.004522394292365239
26,115,0.000266545832555908
26,116,0.000133272916277954
26,117,0.002754306936411049
26,118,0.005650771650185249
26,120,0.0019724391609137193
26,122,0.0007640980533269362
26,123,0.0005064370818562251
26,125,0.0008796012474344963
26,126,0.0014482323568871
26,127,0.00028431555472630183
26,128,0.00025766097147071105
26,129,0.0002132366660447264
26,131,6.219402759637853e-05
27,27,0.9214597504357349
27,28,0.0012956364814214983
27,29,0.0005706970215785171
27,30,9.254546295867845e-05
27,31,7.712121913223204e-05
27,32,0.0009563031172396773
27,33,0.00038560609566116023
27,34,0.00026221214504958893
27,35,0.0012956364814214983
27,36,0.0005861212654049635
27,37,0.004149121589314084
27,38,0.0038406367127851557
27,39,0.00046272731479339227
27,41,0.009470485709438094
27,42,0.002082272916570265
27,43,0.0010334243363719093
27,44,0.00010796970678512486
27,46,0.00046272731479339227
27,47,0.0024833032560578716
27,48,0.0004935758024462851
27,49,0.002668394181975229
27,50,0.0016349698456033194
27,51,0.001280212237595052
27,52,0.0008637576542809989
27,53,0.00038560609566116023
27,55,0.003331636666512424
27,56,0.00015424243826446407
27,57,0.000755787947495874
27,59,0.0005244242900991779
27,60,7.712121913223204e-05
27,61,0.0011259697993305877
27,65,0.002868909351719032
27,66,0.00012339395061157127
27,71,0.011799546527231503
27,72,0.003701818518347138
27,74,0.00030848487652892814
27,75,0.00010796970678512486
27,76,0.0001850909259173569
27,77,0.0013573334567272839
27,79,0.00043187882714049945
27,81,0.0018971819906529082
27,82,9.254546295867845e-05
27,83,9.254546295867845e-05
27,84,0.00030848487652892814
27,85,0.002221091111008283
27,86,0.0002776363888760354
27,89,0.0001388181944380177
27,90,7.712121913223204e-05
27,92,0.0010642728240248022
27,102,0.0024833032560578716
27,105,0.00029306063270248176
27,106,0.0002776363888760354
27,107,0.0006169697530578563
27,108,0.00012339395061157127
27,109,0.0001388181944380177
27,110,0.0002005151697438033
27,112,0.0005398485339256243
27,113,0.0009100303857603381
27,114,0.00023136365739669614
27,115,7.712121913223204e-05
27,117,0.00030848487652892814
27,118,0.0004010303394876066
27,119,9.254546295867845e-05
27,120,0.00044730307096694583
27,122,0.00016966668209091048
27,123,0.00023136365739669614
27,124,0.00012339395061157127
27,125,7.712121913223204e-05
27,126,0.00010796970678512486
28,28,0.9235122295482615
28,29,0.00025485032444406687
28,30,7.841548444432827e-05
28,31,6.534623703694023e-05
28,32,0.00035940430370317124
28,33,0.0038488933614757794
28,34,0.00021564258222190276
28,35,0.0013265286118498867
28,36,0.0006599969940730963
28,37,0.014029837091831067
28,38,0.0028294920636995117
28,39,0.0002613849481477609
28,40,4.574236592585816e-05
28,41,0.0008298972103691408
28,42,0.001156628395553842
28,43,0.0009475204370356332
28,44,3.9207742222164134e-05
28,46,0.0003659389274068653
28,47,0.004685325195548614
28,48,0.0014702903333311552
28,49,0.0015291019466644013
28,50,0.001398409472590521
28,51,0.001123955277035372
28,52,0.000875639576294999
28,53,0.0040972090622161525
28,54,0.0005227698962955218
28,55,0.004345524762956525
28,56,0.00012415785037018644
28,57,0.0009736589318504094
28,58,4.574236592585816e-05
28,59,0.0009671243081467154
28,60,7.188086074063425e-05
28,61,0.0010912821585169017
28,62,3.9207742222164134e-05
28,63,0.0017643483999973861
28,65,7.188086074063425e-05
28,66,8.49501081480223e-05
28,68,0.00230672216740399
28,69,7.841548444432827e-05
28,70,0.0001437617214812685
28,71,0.00026791957185145495
28,72,0.0030124615274029444
28,73,7.188086074063425e-05
28,74,0.0003398004325920892
28,75,3.2673118518470114e-05
28,76,0.00022217720592559678
28,77,0.0023328606622187663
28,78,9.148473185171632e-05
28,79,0.0008952434474060811
28,80,9.148473185171632e-05
28,81,0.0010128666740725734
28,84,6.534623703694023e-05
28,85,0.0021629604459227217
28,86,0.00015683096888865653
28,87,3.2673118518470114e-05
28,88,3.2673118518470114e-05
28,89,9.148473185171632e-05
28,90,0.00011762322666649241
28,91,3.2673118518470114e-05
28,96,0.0018166253896269382
28,98,7.188086074063425e-05
28,99,0.00041168129333272346
28,100,0.00011108860296279839
28,102,0.0024374146414778705
28,104,9.148473185171632e-05
28,105,0.00056851226222138
28,106,0.0001960387111108207
28,107,0.00038554279851794735
28,108,7.841548444432827e-05
28,109,0.0002483157007403729
28,110,9.801935555541035e-05
28,112,0.0006730662414804843
28,113,0.000561977638517686
28,114,0.00041821591703641744
28,117,0.000294058066666231
28,118,0.0003659389274068653
28,119,5.227698962955218e-05
28,120,0.0002613849481477609
28,121,0.00011762322666649241
28,122,0.0001699002162960446
28,123,0.00011762322666649241
28,124,0.0001764348399997386
28,125,0.00011762322666649241
28,126,0.0001437617214812685
28,127,5.227698962955218e-05
28,128,6.534623703694023e-05
28,129,3.9207742222164134e-05
29,29,0.9531454557982498
29,30,0.00024116309515606697
29,32,0.000792393026941363
29,33,0.00015503341831461448
29,34,0.00020671122441948597
29,35,0.0007751670915730724
29,36,0.0005684558671535864
29,37,0.0013608488940949493
29,38,0.0017742713429339213
29,39,0.0005684558671535864
29,41,0.0012230414111486254
29,42,0.0017398194721973403
29,43,0.0018431750844070834
29,46,0.00024116309515606697
29,47,0.0008440708330462344
29,48,0.00010335561220974299
29,49,0.0014642045063046924
29,50,0.0019293047612485357
29,51,0.0024633087576655414
29,52,0.0014814304416729829
29,53,0.0005340039964170055
29,55,0.0018087232136705022
29,57,0.00046510025494384346
29,61,0.0009474264452559774
29,63,0.002308275339350927
29,64,0.0018431750844070834
29,69,0.00022393715978777647
29,71,0.00020671122441948597
29,72,0.0030662164955557085
29,77,0.00103355612209743
29,79,0.00010335561220974299
29,83,0.007906704334045339
29,84,0.0007407152208364914
29,85,0.0018604010197753739
29,89,0.00012058154757803348
29,92,0.0006890374147316199
29,100,0.00010335561220974299
29,102,0.0010852339282023014
29,105,0.00013780748294632398
29,106,0.00017225935368290498
29,107,8.612967684145249e-05
29,109,8.612967684145249e-05
29,113,0.00018948528905119547
29,114,0.00012058154757803348
30,30,0.9531693039421933
30,33,0.0005487972194274216
30,34,0.0005487972194274216
30,35,0.000914662032379036
30,37,0.001554925455044361
30,38,0.001554925455044361
30,39,0.000457331016189518
30,41,0.0006402634226653251
30,42,0.000914662032379036
30,43,0.0047562425683709865
30,47,0.0017378578615201683
30,49,0.0014634592518064575
30,50,0.0016463916582822647
30,51,0.0017378578615201683
30,52,0.0010975944388548432
30,53,0.0012805268453306502
30,55,0.0027439860971371077
30,57,0.000914662032379036
30,59,0.0007317296259032287
30,61,0.000914662032379036
30,63,0.001829324064758072
30,64,0.0021951888777096864
30,72,0.002012256471233879
30,77,0.000914662032379036
30,81,0.0019207902679959756
30,85,0.0025610536906613005
30,92,0.0007317296259032287
30,102,0.0013719930485685539
30,112,0.000457331016189518
30,114,0.0005487972194274216
31,31,0.9475966303270565
31,32,0.0011149653121902874
31,35,0.0014866204162537165
31,37,0.0028493557978196233
31,38,0.0027254707631318136
31,41,0.001238850346878097
31,42,0.0011149653121902874
31,43,0.0013627353815659068
31,47,0.0023538156590683845
31,49,0.0016105054509415262
31,50,0.0013627353815659068
31,51,0.000867195242814668
31,52,0.0007433102081268583
31,53,0.001238850346878097
31,55,0.00408820614469772
31,57,0.000867195242814668
31,59,0.0011149653121902874
31,61,0.0014866204162537165
31,63,0.0023538156590683845
31,64,0.001238850346878097
31,72,0.0028493557978196233
31,77,0.0009910802775024777
31,81,0.0022299306243805748
31,85,0.002477700693756194
31,99,0.0006194251734390486
31,102,0.0016105054509415262
31,117,0.0006194251734390486
32,32,0.9435131349997878
32,33,0.00021219708865594363
32,34,0.0002970759241183211
32,35,0.0009548868989517464
32,36,0.00031829563298391546
32,37,0.0033314942918983154
32,38,0.0027373424436616728
32,39,0.00021219708865594363
32,41,0.0008063489368925858
32,42,0.001973432924500276
32,43,0.0006790306836990197
32,46,0.00021219708865594363
32,47,0.004010524975597334
32,48,0.0006790306836990197
32,49,0.00199465263336587
32,50,0.0019309935067690872
32,51,0.0020158723422314647
32,52,0.000870008063489369
32,53,0.00042439417731188726
32,55,0.004625896532699571
32,56,0.00014853796205916054
32,57,0.0007426898102958027
32,58,0.00010609854432797182
32,59,0.0003819547595806986
32,61,0.0012731825319356618
32,63,0.0019097737979034929
32,64,0.0009548868989517464
32,65,0.00012731825319356617
32,66,0.00014853796205916054
32,67,0.00012731825319356617
32,71,0.00025463650638713235
32,72,0.002694903025930484
32,74,0.00031829563298391546
32,75,0.00010609854432797182
32,76,0.00010609854432797182
32,77,0.0009761066078173408
32,79,0.0004031744684462929
32,81,0.002864660696855239
32,84,0.0005517124305054534
32,85,0.0028858804057208336
32,86,0.0003607350507151042
32,89,0.0001909773797903493
32,90,0.00012731825319356617
32,92,0.000933667190086152
32,102,0.0021856300131562196
32,105,0.0002970759241183211
32,106,0.0004031744684462929
32,107,0.0002758562152527267
32,109,0.00025463650638713235
32,110,0.00012731825319356617
32,112,0.0008487883546237745
32,113,0.0011034248610109069
32,114,0.0003819547595806986
32,117,0.0005092730127742647
32,118,0.00025463650638713235
32,119,0.00010609854432797182
32,120,0.00044561388617748163
32,121,0.00012731825319356617
32,122,0.00010609854432797182
32,123,0.00031829563298391546
32,124,0.0002758562152527267
32,126,0.000233416797521538
33,33,0.9519865926170249
33,34,0.0001248027670556353
33,35,0.0003922372678891395
33,36,0.0004100662346113731
33,37,0.010296228282089911
33,38,0.0014619752712231563
33,41,0.00024069105075015377
33,42,0.0002496055341112706
33,43,0.001194540770389652
33,46,0.0004368096846947235
33,47,0.0008825338527505639
33,48,0.0002674345008335042
33,49,0.0009538497196394983
33,50,0.0005794414184725924
33,51,0.0004635531347780739
33,52,0.0006596717687226437
33,54,0.010813268317034686
33,55,0.0009716786863617319
33,57,0.0008557904026672134
33,59,0.0008647048860283302
33,61,0.0003922372678891395
33,63,0.0005883559018337092
33,64,0.00024069105075015377
33,68,0.0001426317337778689
33,72,0.002023587722973515
33,74,4.457241680558403e-05
33,76,4.457241680558403e-05
33,78,0.003646023694696774
33,79,0.0015422056214732076
33,80,0.00040115175125025627
33,81,0.00024069105075015377
33,85,0.0013995738876953386
33,86,8.914483361116806e-05
33,89,4.457241680558403e-05
33,92,0.0013906594043342217
33,96,0.0004902965848614244
33,98,0.00017828966722233612
33,99,0.0006953297021671109
33,100,0.0001248027670556353
33,101,8.023035025005126e-05
33,102,0.0005348690016670084
33,105,0.00011588828369451848
33,107,9.805931697228488e-05
33,109,4.457241680558403e-05
33,112,0.0001693751838612193
33,113,6.240138352781765e-05
33,114,0.0001426317337778689
33,117,4.457241680558403e-05
33,118,8.914483361116806e-05
33,120,5.348690016670084e-05
33,123,4.457241680558403e-05
34,34,0.949072968886767
34,35,0.0010079308241160712
34,36,0.0002652449537147556
34,37,0.002652449537147556
34,38,0.001962812657489191
34,39,0.000663112384286889
34,41,0.0006365878889154134
34,42,0.001617994217660009
34,43,0.0008487838518872179
34,46,0.00034481843982918223
34,47,0.002281106601946898
34,48,0.0005039654120580356
34,49,0.001962812657489191
34,50,0.002334155592689849
34,51,0.0012997002732023023
34,52,0.0011670777963449246
34,53,0.0003978674305721334
34,55,0.0038195273334924802
34,56,0.0001326224768573778
34,57,0.0007692103657727912
34,59,0.0006896368796583645
34,61,0.001140553300973449
34,63,0.0029707434816052623
34,64,0.0014853717408026311
34,66,0.0001326224768573778
34,67,0.0002652449537147556
34,72,0.002095435134346569
34,74,0.00023872045834328001
34,76,0.00015914697222885334
34,77,0.0008222593565157423
34,81,0.001962812657489191
34,83,0.0001326224768573778
34,84,0.0003182939444577067
34,85,0.003766478342749529
34,86,0.0001326224768573778
34,89,0.0003978674305721334
34,92,0.0007161613750298401
34,102,0.002042386143603618
34,105,0.0003978674305721334
34,106,0.0001856714676003289
34,107,0.0004509164213150845
34,109,0.0003713429352006578
34,110,0.0002652449537147556
34,112,0.0006100633935439379
34,113,0.0007957348611442668
34,114,0.00034481843982918223
34,117,0.0003713429352006578
34,118,0.0003978674305721334
34,120,0.0003978674305721334
34,123,0.00021219596297180447
34,124,0.0001326224768573778
35,35,0.9182475394129431
35,36,0.0007926138838080306
35,37,0.0052086055221670586
35,38,0.0033098162180994688
35,39,0.0004616322619980838
35,40,6.968034143367303e-05
35,41,0.0013065064018813691
35,42,0.0034317568156083966
35,43,0.0009406846093545858
35,44,0.0001306506401881369
35,46,0.00029614145109311033
35,47,0.004607612577301629
35,48,0.0015765177249368522
35,49,0.0022559010539151643
35,50,0.0022820311819527917
35,51,0.0016723281944081526
35,52,0.0011061754202595592
35,53,0.0015765177249368522
35,54,0.00020904102430101908
35,55,0.0056353976134483055
35,56,0.00019162093894260082
35,58,0.0021339604564062364
35,59,0.0011497256336556049
35,60,6.09702987544639e-05
35,62,0.001985889730859681
35,63,0.002909154254855849
35,64,0.003980489504398572
35,66,0.0002613012803762738
35,67,0.00035711174984757424
35,68,0.00036582179252678336
35,69,0.0002613012803762738
35,70,0.0007403536277327759
35,71,0.00047905234735650206
35,76,0.006062189704729553
35,77,0.002308161309990419
35,78,6.968034143367303e-05
35,79,0.0008448741398832854
35,80,0.00016549081090497342
35,81,0.00149812734082397
35,82,6.09702987544639e-05
35,83,7.839038411288215e-05
35,84,0.0002177510669802282
35,85,0.003754028394739134
35,86,0.00032227157913073773
35,87,6.09702987544639e-05
35,88,0.00011323055482971867
35,89,0.0002177510669802282
35,90,0.0001567807682257643
35,92,0.0008971343959585402
35,99,5.226025607525477e-05
35,104,0.0038933890776064804
35,105,0.0008013239264872397
35,106,0.00017420085358418256
35,107,0.0008187440118456581
35,108,0.00014807072554655517
35,109,0.00042679209128124727
35,110,0.0002177510669802282
35,112,0.0010626252068635137
35,114,0.0006358331155822663
35,115,0.0010452051215050953
35,116,8.710042679209128e-05
35,117,0.0005226025607525476
35,118,0.0006968034143367303
35,119,0.00010452051215050954
35,120,0.0004616322619980838
35,121,9.581046947130041e-05
35,122,0.0002438811950178556
35,123,0.00033098162180994684
35,124,0.0002177510669802282
35,125,0.0002438811950178556
35,126,0.00020033098162180993
35,127,0.0001219405975089278
35,128,0.00013936068286734605
35,129,0.0001567807682257643
36,36,0.9348901438641329
36,37,0.004225235994888495
36,38,0.002143534358382456
36,39,0.000556494496887753
36,40,0.000123665443752834
36,41,0.001133599901067645
36,42,0.002390865245888124
36,43,0.001339708973989035
36,44,0.000123665443752834
36,46,0.000391607238550641
36,47,0.0025763634115173748
36,48,0.000556494496887753
36,49,0.001731316212539676
36,50,0.001401541695865452
36,51,0.00123665443752834
36,52,0.001463374417741869
36,53,0.002164145265674595
36,55,0.00432829053134919
36,56,0.000123665443752834
36,57,0.001092378086483367
36,58,0.000144276351044973
36,59,0.000741992662517004
36,61,0.001112988993775506
36,62,0.000103054536460695
36,63,0.002143534358382456
36,64,0.001360319881281174
36,66,0.000123665443752834
36,67,0.000164887258337112
36,68,0.000144276351044973
36,69,0.000123665443752834
36,71,0.000144276351044973
36,72,0.009852013685642442
36,73,0.000123665443752834
36,74,0.000370996331258502
36,75,0.000103054536460695
36,76,0.000597716311472031
36,77,0.003854239663629993
36,78,0.000123665443752834
36,79,0.001195432622944062
36,80,0.000144276351044973
36,81,0.001525207139618286
36,83,0.000103054536460695
36,84,0.000267941794797807
36,85,0.002370254338595985
36,86,0.000309163609382085
36,89,0.000123665443752834
36,90,0.000123665443752834
36,92,0.001071767179191228
36,96,0.000164887258337112
36,99,0.000144276351044973
36,100,0.000103054536460695
36,102,0.001607650768786842
36,104,0.000144276351044973
36,105,0.000309163609382085
36,106,0.000144276351044973
36,107,0.000370996331258502
36,108,0.000103054536460695
36,109,0.00020610907292139
36,110,0.00020610907292139
36,112,0.00061832721876417
36,113,0.000638938126056309
36,114,0.000267941794797807
36,117,0.000309163609382085
36,118,0.000267941794797807
36,119,0.000103054536460695
36,120,0.000370996331258502
36,125,0.000226719980213529
36,126,0.000103054536460695
37,37,0.9395080328773663
37,38,0.0037113832659576053
37,39,0.000286408998016021
37,40,3.281769768933574e-05
37,41,0.0005907185584080433
37,42,0.0011008845861240808
37,43,0.0009845309306800722
37,44,0.00011038680131867477
37,46,0.0003878455181466951
37,47,0.005140444828975043
37,48,0.0018109402270387995
37,49,0.0017095037069081254
37,50,0.0013425421782000985
37,51,0.0010322657636827424
37,52,0.0008890612646747319
37,53,0.003308620612497576
37,54,0.0013634261676387666
37,55,0.005892268448767099
37,56,0.00019690618613601443
37,57,0.0008771275564240643
37,58,0.00010740337425600787
37,59,0.0010621000343094113
37,60,0.00011337022838134165
37,61,0.0013127079075734296
37,62,7.160224950400525e-05
37,63,0.0016319346032787863
37,64,0.001199337679192088
37,65,5.3701687128003936e-05
37,66,0.00017602219669734625
37,67,0.00013425421782000985
37,68,0.0005191163089040381
37,69,7.458567656667213e-05
37,70,0.00019690618613601443
37,71,0.00022375702970001642
37,72,0.003231051508868237
37,73,5.966854125333771e-05
37,74,0.00036099467458269315
37,75,6.265196831600459e-05
37,76,0.0003401106851440249
37,77,0.002386741650133508
37,78,0.0003401106851440249
37,79,0.0011038680131867475
37,80,0.00019093933201068066
37,81,0.0007398899115413876
37,82,3.281769768933574e-05
37,83,2.9834270626668854e-05
37,84,8.950281188000657e-05
37,85,0.0026492832316481942
37,86,0.00022375702970001642
37,87,3.878455181466951e-05
37,88,9.248623894267345e-05
37,89,0.00011038680131867477
37,90,0.0001432044990080105
37,92,0.0009755806494920715
37,95,1.4917135313334427e-05
37,96,0.00031624326864268987
37,98,7.160224950400525e-05
37,99,0.0003430941122066918
37,100,6.265196831600459e-05
37,101,5.6685114190670825e-05
37,102,0.0023330399630055046
37,104,0.00019690618613601443
37,105,0.0004713814759013679
37,106,9.248623894267345e-05
37,107,0.0005191163089040381
37,108,9.845309306800721e-05
37,109,0.0003013261333293554
37,110,0.00021182332144934886
37,112,0.0007458567656667214
37,113,0.000704088786789385
37,114,0.0005370168712800394
37,115,7.458567656667213e-05
37,116,1.4917135313334427e-05
37,117,0.0003550278204573594
37,118,0.0004117129346480302
37,119,7.160224950400525e-05
37,120,0.00031624326864268987
37,121,9.845309306800721e-05
37,122,0.00021480674851201575
37,123,0.00020883989438668198
37,124,0.00019690618613601443
37,125,0.00011933708250667541
37,126,0.00011337022838134165
37,127,8.651938481733967e-05
37,128,7.458567656667213e-05
37,129,0.00014022107194534362
37,131,2.0883989438668197e-05
38,38,0.927434046081499
38,39,0.0008533610927863752
38,40,0.00024814045960454886
38,41,0.0010228228700772867
38,42,0.0019185494071863897
38,43,0.0011075537587227425
38,44,0.0001392007456318201
38,46,0.0003752367925727324
38,47,0.00651822621936827
38,48,0.0017067221855727505
38,49,0.0025721876910227625
38,50,0.001966967057840936
38,51,0.0016098868842636582
38,52,0.001234650091690926
38,53,0.0011378147903818338
38,54,0.00012709633296818356
38,55,0.006584800489018271
38,56,0.00014525295196363835
38,57,0.0008957265371091031
38,58,0.0001997228089500027
38,60,0.002445091358054579
38,61,0.0016159390905954765
38,62,0.00012709633296818356
38,63,0.0023664126757409415
38,64,0.0017006699792409322
38,65,6.052206331818264e-05
38,66,0.00028445369759545844
38,67,0.00016946177729091141
38,68,0.00016340957095909315
38,69,9.078309497727397e-05
38,70,0.0002541926659363671
38,71,0.0002784014912636402
38,72,0.005229106270690981
38,73,7.867868231363744e-05
38,74,0.0006475860775045543
38,75,9.683530130909222e-05
38,76,0.0006052206331818265
38,77,0.0022574729617682128
38,78,7.262647598181918e-05
38,79,0.0012891199486772904
38,80,4.841765065454611e-05
38,82,0.002602448722681854
38,83,0.00019367060261818445
38,84,0.00024208825327273056
38,85,0.0031774083242045886
38,86,0.0004962809192090977
38,87,5.4469856986364376e-05
38,88,8.473088864545571e-05
38,89,0.00018156618995454794
38,90,0.0002360360469409123
38,92,0.0008957265371091031
38,96,4.841765065454611e-05
38,99,3.631323799090959e-05
38,100,5.4469856986364376e-05
38,102,0.0034437054028045922
38,104,0.00028445369759545844
38,105,0.0005628551888590986
38,106,0.0002723492849318219
38,107,0.00087151771178183
38,108,0.00015130515829545662
38,109,0.0004176022368954602
38,110,0.00024208825327273056
38,112,0.0012709633296818356
38,113,0.0015069993766227477
38,114,0.0007202125534863735
38,115,0.00019367060261818445
38,116,6.657426965000091e-05
38,117,0.000780734616804556
38,118,0.0005749596015227352
38,119,0.00010893971397272875
38,120,0.0007020559344909187
38,121,9.683530130909222e-05
38,122,0.00045996768121818807
38,123,0.0003631323799090959
38,124,0.00018156618995454794
38,125,0.00011499192030454702
38,126,0.0001876183962863662
38,127,6.052206331818264e-05
38,128,0.00010893971397272875
38,129,0.00014525295196363835
38,131,3.026103165909132e-05
39,39,0.9553354272368527
39,40,0.0025771120238382863
39,41,0.0008536683578964324
39,42,0.0016429089151969074
39,43,0.000837561407747443
39,44,9.664170089393573e-05
39,46,0.0002899251026818072
39,47,0.0024643633727953612
39,48,0.0005798502053636144
39,49,0.0015301602641539824
39,50,0.0016912297656438754
39,51,0.0014174116131110575
39,52,0.0009342031086413788
39,53,0.0005959571555126037
39,55,0.0031569622292019007
39,56,0.0001449625513409036
39,57,0.001111379560280261
39,58,8.053475074494645e-05
39,59,0.0014013046629620682
39,60,0.00040267375372473224
39,61,0.0010791656599822824
39,62,9.664170089393573e-05
39,63,0.002609325924136265
39,64,0.0010469517596843037
39,66,8.053475074494645e-05
39,69,9.664170089393573e-05
39,72,0.0025287911733913185
39,74,0.0002738181525328179
39,76,0.0002738181525328179
39,77,0.0012402351614721752
39,79,0.00024160425223483932
39,81,0.001336876862366111
39,82,9.664170089393573e-05
39,83,0.00012885560119191432
39,84,0.00019328340178787146
39,85,0.0028187162760731255
39,86,9.664170089393573e-05
39,89,0.00012885560119191432
39,92,0.0008536683578964324
39,102,0.002383828622050415
39,104,0.00011274865104292503
39,105,0.0004348876540227108
39,106,0.00012885560119191432
39,107,0.00033824595312877505
39,108,9.664170089393573e-05
39,109,0.0001771764516388822
39,110,0.0001449625513409036
39,112,0.0006281710558105822
39,113,0.00033824595312877505
39,114,0.0003865668035757429
39,117,0.00019328340178787146
39,118,0.00048320850446967865
39,119,9.664170089393573e-05
39,120,0.0003543529032777644
39,123,9.664170089393573e-05
39,124,0.0001449625513409036
39,125,0.0001449625513409036
39,126,0.00011274865104292503
40,40,0.9451468585878234
40,41,0.0009725734292939117
40,42,0.001167088115152694
40,43,0.0009725734292939117
40,47,0.002917720287881735
40,48,0.001167088115152694
40,49,0.001167088115152694
40,50,0.002334176230305388
40,51,0.001167088115152694
40,55,0.005251896518187123
40,59,0.001750632172729041
40,61,0.0019451468585878235
40,63,0.005251896518187123
40,64,0.0013616028010114763
40,72,0.0036957790313168646
40,79,0.001167088115152694
40,85,0.0021396615444466056
40,92,0.0019451468585878235
40,102,0.004862867146469559
40,112,0.0015561174868702586
40,113,0.0009725734292939117
41,41,0.9493335911161593
41,42,0.0019212876252159938
41,43,0.001341276266660222
41,44,0.0001087521297292072
41,46,0.0006404292084053313
41,47,0.0018487862053965223
41,48,0.0003383399591575335
41,49,0.0027913046630496513
41,50,0.0019575383351257297
41,51,0.0010029363075026885
41,52,0.0016916997957876676
41,53,0.0009183513177133052
41,55,0.0014741955363292531
41,56,8.458498978938338e-05
41,57,0.0006887634882849789
41,58,9.666855975929529e-05
41,59,0.0004954263687663884
41,61,0.0010391870174124244
41,63,0.0018850369153062582
41,65,0.000543760648646036
41,66,0.00015708640960885483
41,69,0.009207680317072876
41,70,0.00015708640960885483
41,71,0.003975494520101018
41,72,0.002996725352538154
41,74,9.666855975929529e-05
41,75,0.000132919269669031
41,76,0.00030208924924779776
41,77,0.0017037833657575793
41,79,0.0002175042594584144
41,81,0.002549633263651413
41,82,0.00014500283963894293
41,83,0.00012083569969911911
41,84,0.00016916997957876675
41,85,0.0015708640960885483
41,86,9.666855975929529e-05
41,89,0.00014500283963894293
41,90,9.666855975929529e-05
41,92,0.0011358555771717196
41,96,8.458498978938338e-05
41,97,6.0417849849559555e-05
41,102,0.0015587805261186366
41,104,8.458498978938338e-05
41,105,0.00029000567927788587
41,106,0.0002175042594584144
41,107,0.0003262563891876216
41,109,6.0417849849559555e-05
41,112,0.0003262563891876216
41,113,0.00038667423903718115
41,114,0.0001087521297292072
41,117,0.00018125354954867865
41,118,0.0001087521297292072
41,120,0.0002175042594584144
41,122,6.0417849849559555e-05
41,123,7.250141981947147e-05
41,126,6.0417849849559555e-05
42,42,0.950240273667635
42,43,0.000765617788396275
42,44,5.4299133928813836e-05
42,46,0.00020633670892949258
42,47,0.003029891673227812
42,48,0.0007710477017891565
42,49,0.0015692449705427198
42,50,0.0018081611598295007
42,51,0.0016072543642928895
42,52,0.0011022724187549208
42,53,0.00048326229196644314
42,55,0.004990090408057992
42,56,0.00014117774821491598
42,57,0.0018896098607227214
42,58,0.00025520592946542503
42,59,0.0006733092607172916
42,60,0.00010316835446474629
42,61,0.0014117774821491597
42,62,0.00015746748839356013
42,63,0.002486900333939674
42,64,0.0020687970026878073
42,65,6.51589607145766e-05
42,66,9.773844107186491e-05
42,67,0.00017375722857220426
42,68,0.00015203757500067874
42,69,0.00015203757500067874
42,70,0.0002932153232155947
42,71,0.00024977601607254363
42,72,0.00325794803572883
42,73,6.51589607145766e-05
42,74,0.0003583742839301713
42,75,0.00010316835446474629
42,76,0.0005755708196454267
42,77,0.001542095403578313
42,79,0.0003529443705372899
42,81,0.002161105530366791
42,82,0.00017375722857220426
42,83,0.00014117774821491598
42,84,0.0004343930714305107
42,85,0.0029701626259061166
42,86,0.00015203757500067874
42,88,4.3439307143051066e-05
42,89,0.0001628974017864415
42,90,7.058887410745799e-05
42,92,0.0006190101267884777
42,96,3.25794803572883e-05
42,97,3.25794803572883e-05
42,102,0.0034805744848369667
42,104,0.0003040751500013575
42,105,0.0003420845437515272
42,106,0.0005592810794667825
42,107,0.00041810333125186656
42,108,8.687861428610213e-05
42,109,0.0003583742839301713
42,110,0.0001683273151793229
42,112,0.0008796459696467842
42,113,0.0005972904732169522
42,114,0.0004398229848233921
42,115,5.972904732169522e-05
42,116,2.7149566964406918e-05
42,117,0.00027692558303695056
42,118,0.000396383677680341
42,119,0.00017918714196508566
42,120,0.0002986452366084761
42,121,7.058887410745799e-05
42,122,0.00011402818125050905
42,123,0.00010859826785762767
42,124,0.00011402818125050905
42,125,5.972904732169522e-05
42,126,0.00014660766160779734
42,127,3.25794803572883e-05
42,128,3.8009393750169685e-05
42,129,5.972904732169522e-05
43,43,0.966119619064854
43,46,0.0003336575655439184
43,47,0.0017078743185468365
43,48,0.0003336575655439184
43,49,0.0011197321691134889
43,50,0.0013968376049042007
43,51,0.0008935236501006628
43,52,0.0009840070577057931
43,53,0.0014364240957314453
43,54,0.00016400117628429886
43,55,0.002312982106906146
43,56,5.655212975320651e-05
43,57,0.0006560047051371954
43,58,4.524170380256521e-05
43,59,0.0009783518447304726
43,60,6.220734272852715e-05
43,61,0.0011423530210147713
43,62,2.8276064876603254e-05
43,63,0.001617390910941706
43,64,0.00269188137625263
43,66,6.78625557038478e-05
43,67,9.613862058045106e-05
43,68,0.00011875947248173366
43,69,0.00019793245413622277
43,70,0.00014703553735833692
43,71,0.00023751894496346732
43,72,0.0033931277851923904
43,74,0.00015834596330897822
43,75,5.0896916777885854e-05
43,76,0.0001696563892596195
43,77,0.0014477345216820866
43,78,5.655212975320651e-05
43,79,0.0003280023525685977
43,80,3.39312778519239e-05
43,81,0.0009161445020019454
43,82,6.220734272852715e-05
43,83,9.048340760513041e-05
43,84,0.0001244146854570543
43,85,0.0023751894496346735
43,86,5.655212975320651e-05
43,88,3.39312778519239e-05
43,89,0.00011310425950641301
43,90,9.048340760513041e-05
43,92,0.0010179383355577172
43,96,5.655212975320651e-05
43,97,2.8276064876603254e-05
43,98,3.39312778519239e-05
43,99,0.00010179383355577171
43,100,3.39312778519239e-05
43,102,0.0012498020675458638
43,104,5.0896916777885854e-05
43,105,0.00014138032438301628
43,106,0.00015834596330897822
43,107,0.00016400117628429886
43,109,6.78625557038478e-05
43,110,0.00010179383355577171
43,112,0.0006107630013346303
43,113,0.0002714502228153912
43,114,0.00022055330603750538
43,117,9.048340760513041e-05
43,118,0.00020358766711154342
43,119,7.351776867916846e-05
43,120,0.00018662202818558148
43,121,7.917298165448911e-05
43,122,7.351776867916846e-05
43,123,3.9586490827244554e-05
43,124,5.655212975320651e-05
43,125,8.482819462980975e-05
43,126,9.613862058045106e-05
43,127,3.9586490827244554e-05
43,129,3.39312778519239e-05
44,44,0.933059957885404
44,45,0.004211459603236174
44,47,0.00642801728914995
44,48,0.0018840740330267095
44,49,0.0024382134545051534
44,50,0.0013299346115482657
44,51,0.0012191067272525767
44,52,0.0006649673057741328
44,53,0.000554139421478444
44,55,0.006095533636262884
44,57,0.0008866230743655104
44,59,0.0012191067272525767
44,61,0.0018840740330267095
44,63,0.0024382134545051534
44,64,0.0014407624958439544
44,66,0.0006649673057741328
44,72,0.004322287487531863
44,77,0.001108278842956888
44,79,0.0009974509586611992
44,81,0.0008866230743655104
44,85,0.0029923528759835975
44,103,0.005873877867671506
44,104,0.000554139421478444
44,105,0.0008866230743655104
44,107,0.0009974509586611992
44,110,0.000554139421478444
44,112,0.002105729801618087
44,113,0.0026598692230965313
44,114,0.001108278842956888
44,118,0.000554139421478444
45,45,0.9445750755794424
45,47,0.00705408128988915
45,48,0.002015451797111186
45,50,0.0016795431642593216
45,55,0.006382264024185421
45,61,0.002015451797111186
45,63,0.002015451797111186
45,72,0.003694994961370507
45,85,0.0023513604299630502
45,103,0.003359086328518643
45,112,0.002015451797111186
45,113,0.002015451797111186
45,114,0.0026872690628149142
45,120,0.0016795431642593216
46,46,0.9719668370572404
46,47,0.0010115058793779238
46,48,0.00012643823492224047
46,49,0.0015172588190668858
46,50,0.0013366327691779708
46,51,0.0008850676444556834
46,52,0.0012824449542112963
46,53,0.0015895092390224518
46,55,0.003052580243122663
46,57,0.00046962772971117893
46,59,0.0007405668045445514
46,61,0.000686378989577877
46,63,0.0010115058793779238
46,64,0.0018785109188447157
46,66,9.031302494445748e-05
46,67,0.00010837562993334899
46,69,0.00023481386485558946
46,71,0.00019868865487780648
46,72,0.0018965735238336073
46,77,0.0012824449542112963
46,79,0.00025287646984448094
46,81,0.001119881509311273
46,84,0.00021675125986669798
46,85,0.0016256344490002347
46,94,0.0012643823492224048
46,100,0.00014450083991113198
46,102,0.0009211928544334664
46,105,0.00010837562993334899
46,107,0.00010837562993334899
46,109,0.00012643823492224047
46,112,0.00030706428481115547
46,113,0.00030706428481115547
46,114,9.031302494445748e-05
46,118,0.00014450083991113198
46,120,0.0001625634449000235
47,47,0.9206692875263861
47,48,0.01061641845963166
47,49,0.002808063985126944
47,50,0.0020876503282529968
47,51,0.0014563200805623874
47,52,0.0007242868485775704
47,53,0.0007049208900594535
47,54,0.00010844936770145439
47,55,0.008002014059685885
47,56,0.0002827429943645061
47,57,0.001545403489745725
47,58,0.0001200689428123245
47,59,0.0015066715727094912
47,60,0.00036795321184422025
47,61,0.0017777949919631272
47,62,0.00011232255940507775
47,63,0.0023975056645428663
47,64,0.001692584774483413
47,65,3.485872533261034e-05
47,66,0.0002827429943645061
47,67,0.00024401107732827237
47,68,0.00027499661095725935
47,69,0.00010844936770145439
47,70,0.0001742936266630517
47,71,0.00023626469392102562
47,72,0.004686561961384278
47,73,8.908340918333752e-05
47,74,0.0005461200302108953
47,75,0.00013556170962681797
47,76,0.0006545693979123497
47,77,0.0017468094583341402
47,78,8.133702577609079e-05
47,79,0.0008443557913898949
47,80,9.682979259058427e-05
47,81,0.000991537076127583
47,82,0.00012781532621957125
47,83,2.7112341925363596e-05
47,84,0.00012394213451594787
47,85,0.0047678989871603695
47,86,0.000553866413618142
47,87,5.422468385072719e-05
47,88,8.521021747971416e-05
47,89,0.00016654724325580495
47,90,0.00022851831051377887
47,92,0.0005616127970253888
47,96,6.58442589615973e-05
47,99,4.647830044348045e-05
47,100,2.3239150221740225e-05
47,114,0.011162538489842555
47,121,0.001680965199372543
47,122,0.0036291806262950983
47,123,0.003822840211476267
47,124,0.0013401243294536864
47,125,0.0007901311075391677
47,127,0.0006042179057652459
47,128,0.0004957685380637915
47,129,0.0011348451691616476
47,130,0.00010070298429420764
47,131,0.0001471812847376881
48,48,0.9124569807861923
48,49,0.0029573007280839806
48,50,0.002230946163291424
48,51,0.0016083565363263753
48,52,0.0004150597513100323
48,53,0.0004669422202237864
48,55,0.009062137903602373
48,56,0.0003112948134825243
48,57,0.002213652006986839
48,58,0.0003458831260916936
48,59,0.002006122131331823
48,60,0.0006225896269650486
48,61,0.0020752987565501617
48,62,0.0002767065008733549
48,63,0.0021963578506822546
48,64,0.0009857669093613268
48,66,0.0009511785967521575
48,67,0.00043235390761461705
48,68,0.0005188246891375404
48,70,0.00022482403195960086
48,71,0.00032858896978710895
48,72,0.006433426145305501
48,73,0.0002594123445687702
48,74,0.00081282534631548
48,75,0.00010376493782750808
48,76,0.0012797675665392665
48,77,0.0022828286322051777
48,79,0.0016602390052401293
48,81,0.0006571779395742179
48,82,0.00013835325043667744
48,85,0.004254362450927832
48,86,0.0012970617228438511
48,88,8.64707815229234e-05
48,89,0.00024211818826418553
48,90,0.0003112948134825243
48,92,0.0002767065008733549
48,124,0.012832263978001834
48,125,0.009096726216211543
48,127,0.0056551891115991905
48,128,0.006001072237690884
48,129,0.0023865935700326858
48,130,0.00015564740674126214
48,131,0.0007090604084879719
49,49,0.9539833873447402
49,50,0.002062756462013206
49,51,0.001570570603784854
49,52,0.001094975280103525
49,53,0.0011392167055622531
49,54,0.0001714355236525721
49,55,0.004003849004014909
49,56,0.00030968997821109794
49,57,0.001078384745556502
49,58,0.00013825445455852586
49,59,0.0009180095782686118
49,60,0.00018249588001725416
49,61,0.0012885315164854613
49,62,6.636213818809242e-05
49,63,0.002223131629301096
49,64,0.0021346487783836395
49,65,8.848285091745656e-05
49,66,0.000315220156393439
49,67,0.0002820390872993928
49,68,0.0002212071272936414
49,69,0.00024332784002300555
49,70,0.00013825445455852586
49,71,0.00037052193821684933
49,72,0.0033678785130456905
49,73,3.871124727638724e-05
49,74,0.0002377976618406645
49,75,6.083196000575139e-05
49,76,0.0003760521163991904
49,77,0.0017751871965314722
49,78,6.636213818809242e-05
49,79,0.0007742249455277449
49,80,9.40130290997976e-05
49,81,0.0015373895346908078
49,82,0.00013272427637618485
49,83,0.00010507338546447966
49,84,0.00022673730547598245
49,85,0.002864632298452656
49,86,0.0004258237200402597
49,87,4.424142545872828e-05
49,88,4.424142545872828e-05
49,89,0.0001880260581995952
49,90,0.00012166392001150278
49,98,0.0010341433200977735
49,99,9.954320728213863e-05
49,100,7.742249455277448e-05
49,101,2.7650890911705176e-05
49,102,0.0024388085784123963
49,104,0.0001271940981938438
49,105,0.0003539314036698262
49,106,0.00019355623638193622
49,107,0.0014544368619556923
49,108,8.848285091745656e-05
49,109,0.0002543881963876876
49,110,0.00014931481092320795
49,112,0.0006027894218751728
49,113,0.0010009622510037273
49,114,0.0006802119164279473
49,115,6.083196000575139e-05
49,116,3.871124727638724e-05
49,117,0.0010230829637330914
49,118,0.0005972592436928318
49,119,0.00010507338546447966
49,120,0.0004424142545872828
49,121,9.40130290997976e-05
49,122,0.0003926426509462135
49,123,0.0008792983309922246
49,124,0.00021567694911130036
49,125,0.0001769657018349131
49,126,0.0001769657018349131
49,127,8.295267273511553e-05
49,128,0.00042029354185791864
49,129,0.00015484498910554897
50,50,0.9577306294689955
50,51,0.001505099050521627
50,52,0.001092486226702614
50,53,0.0006376743640839292
50,54,2.8132692533114525e-05
50,55,0.0033899894502403003
50,56,0.00012190833431016294
50,57,0.0009799554565701558
50,58,0.00011721955222131051
50,59,0.0008533583401711405
50,60,0.00010315320595475326
50,61,0.001683272769898019
50,62,6.095416715508147e-05
50,63,0.0036056734263275113
50,64,0.001894267963896378
50,65,7.502051342163872e-05
50,66,0.00022037275817606377
50,67,0.00014535224475442505
50,68,0.00015004102684327745
50,69,0.00019692884773180166
50,70,0.0001359746805767202
50,71,0.00026257179697573553
50,72,0.0028695346383776814
50,73,3.282147462196694e-05
50,74,0.00019224006564294924
50,75,5.157660297737663e-05
50,76,0.0003329035283085219
50,77,0.0012706599460790059
50,79,0.0002578830148868831
50,80,3.282147462196694e-05
50,81,0.0017582932833196576
50,82,0.0001594185910209823
50,83,0.00012190833431016294
50,84,0.0003657250029304888
50,89,0.007145703903411089
50,91,0.0002297503223537686
50,92,0.0007689602625717969
50,96,3.751025671081936e-05
50,98,6.095416715508147e-05
50,102,0.0026022740593130934
50,104,0.00010315320595475326
50,105,0.0004079240417301606
50,106,0.0002250615402649162
50,107,0.00038448013128589847
50,108,0.00012190833431016294
50,109,0.00022037275817606377
50,110,0.00028132692533114524
50,112,0.0007126948775055679
50,113,0.0006564294924393389
50,114,0.0007267612237721252
50,115,4.688782088852421e-05
50,117,0.0002953932715977025
50,118,0.0005392099402180283
50,119,8.908685968819599e-05
50,120,0.00026257179697573553
50,121,0.00013128589848786777
50,122,0.00025319423279803073
50,123,0.0001594185910209823
50,124,0.0002250615402649162
50,125,0.00019692884773180166
50,126,0.00014066346266557262
50,127,0.0001594185910209823
50,128,9.377564177704842e-05
50,129,0.0001359746805767202
51,51,0.9608368034899861
51,52,0.0007270804415361227
51,53,0.0006326544101677951
51,54,4.249171411574743e-05
51,55,0.006808116861656421
51,56,0.0003399337129259794
51,57,0.0011378336779883477
51,58,0.00010858993607357677
51,59,0.0009489816152516926
51,60,0.00017940945959982248
51,61,0.0012936366297460883
51,62,8.026212666307848e-05
51,63,0.002181241324608368
51,64,0.0010717354560305186
51,66,0.00011803253921040953
51,67,9.9147332936744e-05
51,68,0.00010386863450516038
51,69,8.970472979991124e-05
51,70,0.00013219644391565866
51,71,0.00017940945959982248
51,72,0.002728912306544668
51,73,7.55408250946621e-05
51,74,0.00042963844272589065
51,75,8.498342823149486e-05
51,76,0.00023134377685240268
51,77,0.0010434076466200202
51,78,2.8327809410498287e-05
51,79,0.0003210485066523139
51,84,0.0038997950955119306
51,85,0.003172714653975808
51,86,0.00010858993607357677
51,87,2.3606507842081905e-05
51,88,4.721301568416381e-05
51,89,0.00026911418939973373
51,90,7.081952352624571e-05
51,93,0.0009867520277990235
51,96,4.721301568416381e-05
51,98,3.777041254733105e-05
51,102,0.0029460921786918217
51,104,0.000198294665873488
51,105,0.0004107532364522251
51,106,0.00025495028469448456
51,107,0.0003918680301785596
51,108,0.00011803253921040953
51,109,0.0003824254270417269
51,110,0.00017940945959982248
51,112,0.0005618348866415493
51,113,0.0006609822195782933
51,114,0.0007034739336940407
51,115,6.609822195782933e-05
51,117,0.00025495028469448456
51,118,0.0002738354909681501
51,119,9.9147332936744e-05
51,120,0.00023134377685240268
51,121,0.00011803253921040953
51,122,0.00017940945959982248
51,123,0.00024078637998923544
51,124,0.00021245857057873715
51,125,0.00016052425332615695
51,126,0.00010386863450516038
51,127,0.00010858993607357677
51,128,0.00011803253921040953
51,129,0.00013219644391565866
51,131,4.249171411574743e-05
52,52,0.9807823799238359
52,53,0.0007380942677697327
52,55,0.0013765684503190107
52,57,0.00118185646556994
52,58,3.6225485534710805e-05
52,59,0.0006656432967003111
52,60,4.075367122654966e-05
52,61,0.0006203614397819226
52,63,0.0014309066786210769
52,64,0.0015033576496904985
52,65,2.7169114151033105e-05
52,66,3.6225485534710805e-05
52,68,5.433822830206621e-05
52,69,0.0001584864992143598
52,70,2.7169114151033105e-05
52,71,0.00011320464229597127
52,72,0.002119190903780582
52,73,5.8866413993905064e-05
52,74,0.00011320464229597127
52,75,4.075367122654966e-05
52,76,0.00015395831352252093
52,77,0.0011275182372678738
52,79,0.00017659924198171518
52,81,0.0012724201794067171
52,82,9.962008522045471e-05
52,83,0.00011773282798781013
52,84,0.00015395831352252093
52,85,0.0017976897196600237
52,86,3.6225485534710805e-05
52,88,2.2640928459194256e-05
52,89,0.00017659924198171518
52,90,5.433822830206621e-05
52,92,0.0011139336801923574
52,93,3.6225485534710805e-05
52,96,5.433822830206621e-05
52,97,4.528185691838851e-05
52,98,4.075367122654966e-05
52,100,4.075367122654966e-05
52,102,0.0007154533393105384
52,104,7.697915676126046e-05
52,105,0.00012226101367964897
52,106,8.150734245309932e-05
52,107,0.00011773282798781013
52,108,3.169729984287196e-05
52,109,9.962008522045471e-05
52,110,4.981004261022736e-05
52,112,0.00014490194213884322
52,113,0.00015395831352252093
52,114,0.00014943012783068209
52,117,8.603552814493817e-05
52,118,9.056371383677702e-05
52,119,2.7169114151033105e-05
52,120,4.981004261022736e-05
52,121,2.2640928459194256e-05
52,122,4.981004261022736e-05
52,123,2.7169114151033105e-05
52,125,3.6225485534710805e-05
52,126,2.7169114151033105e-05
52,128,2.7169114151033105e-05
52,129,3.169729984287196e-05
53,53,0.9774630119968879
53,54,0.003720411998808956
53,55,0.0005571012803724254
53,56,2.2412120474752748e-05
53,57,0.0005026718449337402
53,59,0.0009989402268746938
53,60,4.162250945311224e-05
53,61,0.0004578476039842347
53,63,0.0006595566882570094
53,64,0.0005891185953363579
53,66,1.9210388978359496e-05
53,67,3.521904646032574e-05
53,68,5.122770394229199e-05
53,69,8.644675040261774e-05
53,71,6.083289843147174e-05
53,72,0.0018890215828720172
53,74,4.162250945311224e-05
53,76,7.684155591343798e-05
53,80,0.0055966266556954
53,81,0.0003938129740563697
53,82,3.521904646032574e-05
53,83,3.842077795671899e-05
53,84,5.763116693507849e-05
53,85,0.0013447272284851648
53,86,5.122770394229199e-05
53,88,2.2412120474752748e-05
53,89,5.763116693507849e-05
53,90,2.2412120474752748e-05
53,100,0.0033298007562489796
53,101,0.0008932830874937166
53,102,0.00024973505671867344
53,104,2.8815583467539245e-05
53,105,3.521904646032574e-05
53,106,4.4824240949505495e-05
53,107,1.6008657481966247e-05
53,112,7.363982441704474e-05
53,113,4.162250945311224e-05
53,114,4.8025972445898744e-05
53,117,2.2412120474752748e-05
53,118,4.8025972445898744e-05
53,120,2.8815583467539245e-05
53,122,1.9210388978359496e-05
53,123,1.6008657481966247e-05
53,124,3.842077795671899e-05
54,54,0.9774929775280898
54,55,0.0002106741573033708
54,57,0.0009831460674157304
54,59,0.0015098314606741573
54,61,0.00017556179775280898
54,63,0.0002457865168539326
54,72,0.0027387640449438202
54,76,0.0002106741573033708
54,80,0.008075842696629214
54,85,0.0017556179775280898
54,100,0.003405898876404494
54,101,0.0023174157303370788
54,102,0.00017556179775280898
55,55,0.942289193896274
55,56,0.0018306093132248811
55,57,0.002233173861272019
55,58,0.00020340103480276457
55,59,0.0013136316831011878
55,60,0.0003178141168793196
55,61,0.004101920868522418
55,62,0.00027120137973701944
55,63,0.0026230258446439847
55,64,0.0015127951963455615
55,65,5.5087780259082066e-05
55,66,0.00035171428934644707
55,67,0.00030933907376253775
55,68,0.00018221342701080993
55,69,5.5087780259082066e-05
55,70,0.000118650603634946
55,71,0.00015255077610207342
55,74,0.013153266917245441
55,75,0.00038561446181357447
55,76,0.001118705691415205
55,77,0.0023391119002317924
55,78,5.9325301817473e-05
55,79,0.0010339552602473866
55,80,9.746299584299134e-05
55,81,0.0018136592269913173
55,82,0.00019916351324437363
55,83,6.356282337586392e-05
55,84,0.00030510155220414683
55,85,0.003864619661252527
55,86,0.0003008640306457559
55,87,5.9325301817473e-05
55,88,6.780034493425486e-05
55,89,0.0002500137719450648
55,90,0.00016950086233563714
55,92,0.0007458037942768034
55,93,5.9325301817473e-05
55,94,3.8137694025518354e-05
55,96,6.356282337586392e-05
55,98,3.8137694025518354e-05
55,100,6.356282337586392e-05
55,109,0.007453800421209643
55,110,0.00032205163843771053
55,112,0.0009788674799883045
55,113,0.0013305817693347515
55,114,0.001419569722060961
55,115,0.000177975905452419
55,116,2.542512935034557e-05
55,117,0.000474602414539784
55,118,0.000474602414539784
55,119,8.475043116781857e-05
55,120,0.0005763029319411663
55,121,0.000237301207269892
55,122,0.0005127401085653023
55,123,0.00036866437558001077
55,124,0.0003262891599961015
55,125,0.00022882616415311014
55,126,0.000118650603634946
55,127,0.00017373838389402805
55,128,0.00013560068986850972
55,129,0.0002500137719450648
55,130,2.96626509087365e-05
55,131,2.96626509087365e-05
56,56,0.9166134185303514
56,61,0.008306709265175719
56,62,0.001597444089456869
56,63,0.006389776357827476
56,74,0.022364217252396165
56,77,0.0060702875399361025
56,79,0.003514376996805112
56,81,0.001597444089456869
56,85,0.004153354632587859
56,109,0.007987220447284345
56,113,0.0019169329073482429
56,114,0.001597444089456869
57,57,0.9674582458469216
57,58,0.0021060558679183872
57,59,0.0018826863061694673
57,60,0.0002552794991416227
57,61,0.0015572049447638984
57,62,5.74378873068651e-05
57,63,0.002048617980611522
57,64,0.0013083074331008162
57,65,5.1055899828324535e-05
57,66,0.00012125776209227078
57,67,0.00010211179965664907
57,68,0.00017231366192059532
57,69,9.57298121781085e-05
57,70,0.00014678571200643303
57,71,0.0001595496869635142
57,73,0.0037653726123389347
57,74,0.0007466925349892463
57,75,7.020186226394624e-05
57,76,0.00020422359931329814
57,77,0.0012763974957081135
57,78,5.74378873068651e-05
57,79,0.00047864906089054254
57,80,0.0001978416118347576
57,81,0.0007913664473390303
57,82,6.381987478540567e-05
57,83,4.467391234978397e-05
57,84,0.0001595496869635142
57,85,0.0034143633010192036
57,86,0.000191459624356217
57,87,3.190993739270284e-05
57,88,3.82919248712434e-05
57,89,0.00029995341149140664
57,90,7.65838497424868e-05
57,92,0.0006573447102896784
57,96,5.1055899828324535e-05
57,98,4.467391234978397e-05
57,99,0.0001595496869635142
57,100,0.00010849378713518964
57,101,4.467391234978397e-05
57,102,0.0026229968536801733
57,104,7.020186226394624e-05
57,105,0.00040206521114805575
57,106,0.00024251552418454156
57,107,0.0004403571360192991
57,108,7.020186226394624e-05
57,109,0.0005041770108047048
57,110,0.0002552794991416227
57,112,0.00041482918610513686
57,113,0.0006573447102896784
57,114,0.0009955900466523285
57,117,0.0002488975116630821
57,118,0.00047864906089054254
57,119,0.00014678571200643303
57,120,0.00017231366192059532
57,121,0.0001531676994849736
57,122,0.000191459624356217
57,123,0.0003318633488841095
57,124,0.00028080744905578496
57,125,0.00016593167444205474
57,126,5.74378873068651e-05
57,127,0.00016593167444205474
57,128,0.0001978416118347576
57,129,0.00012125776209227078
58,58,0.941387411895635
58,59,0.001978483986645233
58,62,0.003586002225794485
58,63,0.00420427847162112
58,64,0.0024731049833065415
58,67,0.0007419314949919624
58,68,0.0013602077408185977
58,69,0.0006182762458266354
58,70,0.0013602077408185977
58,76,0.01174724867070607
58,77,0.0024731049833065415
58,79,0.0006182762458266354
58,81,0.0016075182391492519
58,85,0.004575244219117101
58,86,0.0009892419933226165
58,92,0.0006182762458266354
58,104,0.004327933720786447
58,105,0.0012365524916532708
58,107,0.0007419314949919624
58,109,0.0008655867441572895
58,112,0.0011128972424879436
58,114,0.0018548287374799061
58,115,0.0008655867441572895
58,120,0.0008655867441572895
58,124,0.0006182762458266354
58,127,0.0008655867441572895
59,59,0.965779673274621
59,60,0.006468270329090995
59,61,0.0015613066311598953
59,62,8.786574114752658e-05
59,63,0.0019060106925848073
59,64,0.001500476502673146
59,66,0.0001554547727994701
59,67,0.00010814245064310963
59,68,4.7312322156360464e-05
59,69,0.00010814245064310963
59,70,3.379451582597176e-05
59,71,0.00013517806330388705
59,72,0.0029063283610335717
59,73,0.0002568383202773854
59,74,0.0009462464431272093
59,75,0.00011490135380830399
59,76,0.000364980770920495
59,77,0.001345021729873676
59,79,0.00039201638358127245
59,80,0.00010814245064310963
59,81,3.379451582597176e-05
59,85,0.0031969611971369286
59,86,0.00017573148229505317
59,87,3.379451582597176e-05
59,88,3.379451582597176e-05
59,89,0.0001824903854602475
59,90,7.434793481713788e-05
59,92,0.0008583807019796828
59,97,6.758903165194352e-05
59,98,3.379451582597176e-05
59,99,0.00010814245064310963
59,100,5.4071225321554815e-05
59,102,0.0024602407521307442
59,104,8.110683798233223e-05
59,105,0.0004393287057376329
59,106,8.786574114752658e-05
59,107,0.0005407122532155482
59,108,8.786574114752658e-05
59,109,0.0006083012848674917
59,110,0.00018924928862544186
59,112,0.0009327286367968206
59,113,0.0005542300595459369
59,114,0.0010949423127614851
59,115,4.055341899116611e-05
59,117,0.0002838739329381628
59,118,0.0006218190911978804
59,119,8.786574114752658e-05
59,120,0.0003244273519293289
59,121,0.0001824903854602475
59,122,0.00027711502977296847
59,123,0.0003379451582597176
59,124,0.0004528465120680216
59,125,0.00025007941711219103
59,126,0.00011490135380830399
59,127,0.00013517806330388705
59,128,0.0001284191601386927
59,129,0.00031766844876413453
59,131,4.055341899116611e-05
60,60,0.944235314715924
60,61,0.0021010242493215443
60,63,0.0027138229887069946
60,64,0.0015757681869911582
60,67,0.0005252560623303861
60,71,0.00043771338527532174
60,72,0.006828328810295018
60,74,0.0021885669263766085
60,76,0.0014006828328810294
60,77,0.0024511949575418018
60,79,0.0014006828328810294
60,85,0.004464676529808281
60,86,0.0011380548017158364
60,92,0.0005252560623303861
60,102,0.005427645977413989
60,104,0.00043771338527532174
60,105,0.0007003414164405147
60,107,0.0005252560623303861
60,109,0.0018383962181563512
60,112,0.002276109603431673
60,113,0.0011380548017158364
60,114,0.0014006828328810294
60,117,0.0013131401558259652
60,118,0.0010505121246607721
60,120,0.0013131401558259652
60,121,0.0006127987393854504
60,122,0.0010505121246607721
60,123,0.0008754267705506435
60,124,0.0012255974787709009
60,125,0.0009629694476057077
60,126,0.00043771338527532174
60,127,0.00043771338527532174
60,128,0.00043771338527532174
60,129,0.0008754267705506435
61,61,0.96522357094552
61,62,0.0022523296998039955
61,63,0.0024586499776486368
61,64,0.0017709157181665005
61,65,5.158006946116021e-05
61,66,9.742902009330261e-05
61,67,0.00014900908955446283
61,68,0.00016620244604151623
61,69,0.00016047132721249842
61,70,0.0005043384569535665
61,71,0.000257900347305801
61,75,0.005845741205598157
61,76,0.00017193356487053404
61,77,0.0015072842520316816
61,78,3.43867129741068e-05
61,79,0.0005100695757825843
61,80,9.169790126428481e-05
61,81,0.0016047132721249842
61,82,0.00017766468369955182
61,83,5.7311188290178006e-05
61,84,0.00033813601091205024
61,87,0.004390037023027636
61,88,6.87734259482136e-05
61,89,0.0005731118829017801
61,90,0.00014327797072544502
61,92,0.0006648097841660649
61,93,4.584895063214241e-05
61,96,2.8655594145089003e-05
61,98,4.0117831803124605e-05
61,100,4.0117831803124605e-05
61,102,0.002882752770995954
61,104,9.169790126428481e-05
61,105,0.00045275838749240626
61,106,0.00018912692135758744
61,107,0.0004470272686633885
61,108,9.742902009330261e-05
61,109,0.0005387251699276733
61,110,0.00028082482262187225
61,112,0.0009112478938138304
61,113,0.0007622388042593675
61,114,0.0009914835574200795
61,115,2.8655594145089003e-05
61,117,0.00028082482262187225
61,118,0.00038398496154419266
61,119,0.00010889125775133822
61,120,0.0002750937037928544
61,121,0.00013181573306740943
61,122,0.000257900347305801
61,123,0.00033813601091205024
61,124,0.00024070699081874764
61,125,0.00019485804018660522
61,126,0.00011462237658035601
61,127,0.0001375468518964272
61,128,0.00015474020838348064
61,129,0.00017766468369955182
62,62,0.9237707302880419
62,63,0.002618562700029095
62,64,0.002909514111143439
62,70,0.008437590922315974
62,76,0.015420424789060227
62,77,0.00669188245562991
62,79,0.002618562700029095
62,81,0.0014547570555717194
62,87,0.00669188245562991
62,89,0.0017457084666860634
62,104,0.003200465522257783
62,105,0.0014547570555717194
62,112,0.002036659877800407
62,114,0.0023276112889147513
62,115,0.002036659877800407
62,117,0.0014547570555717194
62,121,0.0014547570555717194
63,63,0.9632308714436787
63,64,0.002158264896548742
63,65,0.0014702933903628951
63,66,0.00447378042308282
63,67,0.00011793797248900228
63,68,0.00012973176973790252
63,69,0.00018083822448313684
63,70,0.00018083822448313684
63,71,0.0002476697422269048
63,72,0.0032668818379453634
63,73,0.00014545683273643615
63,74,0.0006486588486895125
63,75,0.00016511316148460319
63,76,0.00044816429545820865
63,77,0.0016354065518474983
63,78,2.7518860247433868e-05
63,79,0.00037740151196480733
63,80,5.5037720494867735e-05
63,81,0.0015292623766073963
63,82,0.00018083822448313684
63,83,9.435037799120183e-05
63,84,0.0003380888544684732
63,88,0.005751441791713678
63,89,0.0006132774569428119
63,90,0.0002909136654728723
63,91,3.9312657496334097e-05
63,92,0.0008570159334200832
63,93,2.7518860247433868e-05
63,96,4.7175188995600916e-05
63,97,3.145012599706728e-05
63,98,2.7518860247433868e-05
63,99,1.9656328748167048e-05
63,100,7.862531499266819e-05
63,108,0.004980913704785529
63,109,0.00037740151196480733
63,111,0.00035774518321664023
63,112,0.0008098407444244824
63,114,0.0008884660594171505
63,116,0.0008648784649193501
63,117,0.0002987761969721391
63,118,0.0004874769529545428
63,119,0.00014152556698680273
63,120,0.00027125733672470526
63,121,0.00017297569298387
63,122,0.00026339480522543843
63,123,0.0002437384764772714
63,124,0.00033022632296920637
63,125,0.00010221290949046864
63,126,0.00010221290949046864
63,127,0.00011007544098973547
63,128,0.00013759430123716932
63,129,0.0001218692382386357
63,131,2.7518860247433868e-05
64,64,0.9530924926088458
64,67,0.00583290516580612
64,68,0.004325193938832408
64,69,0.005146433294306916
64,70,0.00566444581083699
64,71,0.0057992132948122945
64,72,0.003221785163784608
64,73,0.00010949858072993438
64,74,0.0005138010326558459
64,75,0.00021899716145986877
64,76,0.0007580670973610842
64,77,0.0016551131625717006
64,79,0.0002948038711959772
64,80,2.948038711959772e-05
64,81,0.001065505420179746
64,82,8.001819361033667e-05
64,83,9.686412910724964e-05
64,84,0.0001474019355979886
64,85,0.0021520682597306333
64,86,8.001819361033667e-05
64,87,0.00010949858072993438
64,88,0.00010949858072993438
64,89,0.00022320864533409703
64,90,0.00010107561298147789
64,92,0.0011118317427962568
64,93,2.105741937114123e-05
64,97,6.738374198765193e-05
64,98,6.317225811342368e-05
64,100,9.26526452330214e-05
64,102,0.0021394338081079487
64,104,0.0003242842583155749
64,105,0.0002611120002021512
64,106,0.00010949858072993438
64,107,0.0005769732907692696
64,108,0.00016003638722067334
64,109,0.0002779579356990642
64,110,0.00011792154847839088
64,112,0.0007454326457383995
64,113,0.0004337828390455093
64,114,0.0005559158713981284
64,115,8.001819361033667e-05
64,116,2.5268903245369473e-05
64,117,0.0002990153550702054
64,118,0.0002653234840763795
64,119,6.738374198765193e-05
64,120,0.0002484775485794665
64,121,0.00010107561298147789
64,122,0.00011792154847839088
64,123,0.0002695349679506077
64,124,0.0001389789678495321
64,125,0.00011371006460416263
64,126,7.159522586188018e-05
64,127,6.317225811342368e-05
64,128,6.738374198765193e-05
64,129,0.00010528709685570614
65,65,0.9346318917134367
65,66,0.010564542753383956
65,71,0.013865962363816441
65,72,0.010564542753383956
65,76,0.0019808517662594917
65,77,0.0019808517662594917
65,81,0.0019808517662594917
65,88,0.007263123142951469
65,108,0.005282271376691978
66,66,0.9217417327547509
66,67,0.003890468352536286
66,68,0.0011970671853957803
66,71,0.0008978003890468353
66,72,0.009277270686817298
66,74,0.0020948675744426157
66,76,0.0014963339817447255
66,79,0.00942690408499177
66,81,0.0011970671853957803
66,88,0.0076313033068981
66,90,0.0011970671853957803
66,116,0.008529103695944935
66,117,0.0037408349543618137
66,118,0.004788268741583121
66,120,0.003890468352536286
66,122,0.003591201556187341
66,123,0.002244500972617088
66,125,0.0026934011671405056
66,126,0.001945234176268143
66,127,0.0008978003890468353
66,128,0.0023941343707915607
66,129,0.0013467005835702528
67,67,0.9164158137668071
67,68,0.012341962673088501
67,69,0.0035119405980333133
67,70,0.013546056592414209
67,71,0.0067228577162352
67,72,0.0050170579971904475
67,74,0.0013044350792695164
67,75,0.0005017057997190448
67,76,0.002408187838651415
67,79,0.006020469596628537
67,81,0.0006020469596628537
67,86,0.0027092113184828417
67,89,0.0007023881196066627
67,92,0.0011037527593818985
67,113,0.006020469596628537
67,115,0.0012040939193257074
67,117,0.00381296407786474
67,118,0.0031105759582580775
67,120,0.0027092113184828417
67,122,0.0028095524784266506
67,123,0.0011037527593818985
67,125,0.0014047762392133253
67,126,0.0009030704394942806
67,128,0.0007023881196066627
67,129,0.0005017057997190448
68,68,0.9331251346112427
68,69,0.005276760715054922
68,70,0.010122765453370666
68,71,0.008292052552229163
68,72,0.006569028645272453
68,74,0.0012922679302175318
68,76,0.0023691578720654747
68,77,0.0024768468662502694
68,79,0.0024768468662502694
68,81,0.0011845789360327374
68,85,0.003122980831359035
68,86,0.0007538229592935602
68,90,0.0006461339651087659
68,96,0.001076889941847943
68,102,0.0023691578720654747
68,104,0.0006461339651087659
68,105,0.0005384449709239715
68,108,0.0005384449709239715
68,109,0.0009692009476631488
68,112,0.0018307129011415034
68,113,0.0011845789360327374
68,114,0.0006461339651087659
68,117,0.001076889941847943
68,118,0.001076889941847943
68,122,0.0015076459185871204
68,123,0.0007538229592935602
68,124,0.0005384449709239715
68,125,0.0009692009476631488
68,128,0.0008615119534783546
68,129,0.0006461339651087659
69,69,0.9571273619912085
69,70,0.00473825426728321
69,71,0.019695153279671175
69,72,0.0032539818462065423
69,74,0.00028543700405320546
69,76,0.0009133984129702574
69,77,0.0015413598218873095
69,79,0.000627961408917052
69,81,0.0017697094251298737
69,85,0.0015984472226979506
69,88,0.00039961180567448765
69,92,0.000685048809727693
69,102,0.0015984472226979506
69,104,0.0004566992064851287
69,112,0.0003425244048638465
69,113,0.00039961180567448765
69,114,0.00039961180567448765
69,117,0.00039961180567448765
69,118,0.00028543700405320546
69,120,0.00028543700405320546
69,122,0.00028543700405320546
70,70,0.9392871526379379
70,71,0.00896093435360451
70,72,0.005235602094240838
70,73,0.0007047925896093435
70,74,0.0009061619009262988
70,75,0.0025171163914619412
70,76,0.006041079339508659
70,77,0.004430124848973017
70,79,0.004530809504631494
70,81,0.0009061619009262988
70,85,0.002819170358437374
70,87,0.001409585179218687
70,89,0.0005034232782923883
70,90,0.0005034232782923883
70,92,0.0008054772452678212
70,102,0.003121224325412807
70,104,0.0015102698348771646
70,107,0.0009061619009262988
70,109,0.0005034232782923883
70,112,0.002013693113169553
70,113,0.00171163914619412
70,114,0.0008054772452678212
70,115,0.0009061619009262988
70,117,0.0015102698348771646
70,120,0.0019130084575110754
70,122,0.0005034232782923883
71,71,0.9699908368967624
71,72,0.00450519242516799
71,74,0.0006108735491753207
71,75,0.000419975565058033
71,76,0.0017944410507025046
71,77,0.0018708002443494198
71,79,0.0009544899205864386
71,81,0.001756261453879047
71,82,0.00022907758094074527
71,85,0.0026343921808185703
71,86,0.00038179596823457546
71,88,0.0003436163714111179
71,89,0.0002672571777642028
71,92,0.0008017715332926085
71,102,0.003130726939523519
71,104,0.00038179596823457546
71,105,0.00019089798411728773
71,106,0.00045815516188149055
71,107,0.0008781307269395235
71,109,0.00038179596823457546
71,112,0.0006108735491753207
71,113,0.0009163103237629811
71,114,0.00045815516188149055
71,115,0.0002672571777642028
71,116,0.00022907758094074527
71,117,0.0008781307269395235
71,118,0.0005726939523518632
71,120,0.0006872327428222358
71,122,0.00038179596823457546
71,123,0.00019089798411728773
71,124,0.00019089798411728773
71,125,0.00022907758094074527
71,126,0.00019089798411728773
71,127,0.00022907758094074527
71,128,0.0002672571777642028
72,72,0.9599268533231056
72,73,0.0024861651416360746
72,74,0.007982439318393512
72,75,0.0021574160319982466
72,76,0.0036915785436414444
72,77,0.002643690756670867
72,78,0.00010273409676182128
72,79,0.0012670538600624624
72,80,0.0005102460139170457
72,81,0.0014211550052051942
72,82,0.00020204372363158182
72,83,0.00013355432579036764
72,84,0.00024998630212043176
72,85,0.0028286121308421456
72,86,0.0003082022902854638
72,87,6.506492794915347e-05
72,88,0.00021574160319982468
72,89,0.00032532463974576737
72,90,0.00016437455481891402
72,92,0.0008526930031231165
72,93,2.7395759136485672e-05
72,96,6.164045805709276e-05
72,97,2.0546819352364252e-05
72,98,5.4791518272971344e-05
72,99,0.00014382773546654977
72,100,0.0001917703139553997
72,101,7.191386773327488e-05
72,102,0.0028971015286833597
72,104,0.00013355432579036764
72,105,0.000458878965536135
72,106,0.000188345844063339
72,107,0.0005547641225138348
72,108,0.00032874910963782804
72,109,0.00033217357952988876
72,110,0.0002328639526601282
72,111,2.7395759136485672e-05
72,112,0.0008389951235548737
72,113,0.0009246068708563915
72,114,0.000893786641827845
72,115,6.848939784121418e-05
72,116,0.00010958303654594269
72,117,0.00039723850747904225
72,118,0.0005342173031614706
72,119,9.246068708563915e-05
72,120,0.0004143608569393458
72,121,0.00016095008492685332
72,122,0.00036641827845049587
72,123,0.0003835406279107994
72,124,0.0003698427483425566
72,125,0.00028080653114897813
72,126,0.00013012985589830694
72,127,0.000188345844063339
72,128,0.00015752561503479262
72,129,0.00031505123006958524
72,130,2.0546819352364252e-05
72,131,5.821598816503205e-05
73,73,0.9413466596528143
73,74,0.011309836927932667
73,75,0.003156233561283535
73,76,0.0061809573908469225
73,77,0.004076801683324566
73,79,0.0017096265123619147
73,80,0.0010520778537611783
73,81,0.0017096265123619147
73,85,0.003682272488164124
73,88,0.0006575486586007364
73,89,0.0006575486586007364
73,102,0.004471330878485008
73,106,0.0011835875854813256
73,107,0.0006575486586007364
73,108,0.000920568122041031
73,112,0.0011835875854813256
73,113,0.0011835875854813256
73,114,0.0014466070489216202
73,117,0.0007890583903208837
73,118,0.0007890583903208837
73,120,0.0007890583903208837
73,122,0.0010520778537611783
73,123,0.0011835875854813256
73,124,0.0014466070489216202
73,125,0.000920568122041031
73,129,0.0006575486586007364
74,74,0.9456476093346932
74,75,0.007738916551682765
74,76,0.009058731777551144
74,77,0.005099286099946008
74,79,0.0027596136540884277
74,80,0.00041994120823084767
74,81,0.0009598656188133662
74,82,0.0010798488211650368
74,85,0.0041994120823084765
74,86,0.0005999160117583539
74,89,0.00029995800587917694
74,90,0.00041994120823084767
74,92,0.00029995800587917694
74,109,0.008758773771671965
74,110,0.0004799328094066831
74,112,0.0008398824164616953
74,113,0.0019797228388025675
74,114,0.0013198152258683785
74,117,0.0007198992141100246
74,118,0.0010198572199892014
74,120,0.0011998320235167077
74,122,0.0007198992141100246
74,123,0.0005399244105825184
74,124,0.0007198992141100246
74,125,0.0004799328094066831
74,127,0.00029995800587917694
74,128,0.00041994120823084767
74,129,0.0003599496070550123
75,75,0.9626910786769151
75,76,0.005959063822437171
75,77,0.0025045340702996802
75,79,0.0013818119008549962
75,81,0.0022454443388893685
75,87,0.0048363416529924865
75,89,0.0006909059504274981
75,92,0.0008636324380343726
75,102,0.0027636238017099924
75,105,0.0006045427066240608
75,107,0.0006045427066240608
75,109,0.0009499956818378099
75,110,0.0004318162190171863
75,112,0.0015545383884618706
75,113,0.0014681751446584334
75,114,0.0021590810950859315
75,117,0.0006909059504274981
75,118,0.0004318162190171863
75,120,0.0009499956818378099
75,122,0.0005181794628206235
75,123,0.0006909059504274981
75,124,0.0006909059504274981
75,127,0.0005181794628206235
75,129,0.0005181794628206235
76,76,0.9552835373469898
76,77,0.0048713464901324
76,78,0.00043717212090931803
76,79,0.003934549088183862
76,80,0.0004996252810392206
76,81,0.0009992505620784412
76,83,0.0003122658006495129
76,85,0.0034349238071446414
76,86,0.0014364226829877591
76,87,0.00037471896077941546
76,88,0.0006869847614289283
76,89,0.0004996252810392206
76,90,0.0006245316012990258
76,92,0.0004996252810392206
76,100,0.0003122658006495129
76,104,0.0036847364476642517
76,105,0.0006869847614289283
76,106,0.0003122658006495129
76,107,0.0010617037222083437
76,108,0.0004996252810392206
76,109,0.0011866100424681488
76,112,0.0015613290032475643
76,114,0.0017486884836372721
76,115,0.0026854858855858105
76,116,0.00037471896077941546
76,117,0.0008118910816887335
76,118,0.0014364226829877591
76,120,0.0006869847614289283
76,122,0.0014364226829877591
76,123,0.0012490632025980515
76,124,0.0013739695228578567
76,125,0.0008743442418186361
76,126,0.0003122658006495129
76,127,0.0005620784411691232
76,128,0.0007494379215588309
76,129,0.0004996252810392206
77,77,0.9768988704978717
77,78,0.001661032541635332
77,79,0.005384665931674978
77,80,0.005315304133233063
77,81,0.0010477282185699787
77,82,0.0001095186291188131
77,83,0.00012047049203069442
77,84,0.00015697670173696546
77,85,0.0019640340821973816
77,86,5.475931455940655e-05
77,87,4.745807261815235e-05
77,88,0.00012777173397194864
77,89,0.00016427794367821966
77,90,7.301241941254208e-05
77,91,1.825310485313552e-05
77,95,0.0015186583237808751
77,96,7.301241941254208e-05
77,97,1.825310485313552e-05
77,98,8.761490329505048e-05
77,99,0.0003650620970627104
77,100,5.840993553003366e-05
77,101,3.650620970627104e-05
77,102,0.001164548089630046
77,104,0.00011681987106006732
77,105,0.00015697670173696546
77,106,5.840993553003366e-05
77,107,0.00027379657279703277
77,108,0.00011316925008944022
77,109,0.00022633850017888044
77,110,6.571117747128786e-05
77,112,0.0004855325890934048
77,113,0.00023363974212013464
77,114,0.0004052189277396085
77,115,4.0156830676898143e-05
77,116,3.285558873564393e-05
77,117,9.85667662069318e-05
77,118,0.00014602483882508415
77,119,3.650620970627104e-05
77,120,0.00011316925008944022
77,121,6.936179844191498e-05
77,122,0.00011681987106006732
77,123,0.00016062732270759257
77,124,0.00013142235494257573
77,125,8.761490329505048e-05
77,126,4.380745164752524e-05
77,127,8.761490329505048e-05
77,128,8.761490329505048e-05
77,129,9.85667662069318e-05
77,131,2.5554346794389727e-05
78,78,0.9671839226659883
78,79,0.00635970490969219
78,80,0.015644874077842787
78,85,0.0015263291783261257
78,95,0.0024166878656830325
78,96,0.0006359704909692191
78,99,0.0017807173747138134
78,101,0.0006359704909692191
79,79,0.9762346352461997
79,80,0.009073387155429486
79,81,0.00041821223361699034
79,82,0.00016364826532838753
79,86,0.0023092588551894685
79,88,0.00010909884355225835
79,89,0.0002181976871045167
79,90,0.00014546512473634447
79,95,0.0016728489344679613
79,98,0.000309113390064732
79,99,0.0006545930613135501
79,100,0.00016364826532838753
79,101,0.00014546512473634447
79,113,0.001872863480980435
79,115,0.00036366281184086114
79,116,0.0001272819841443014
79,117,0.0008000581860498945
79,118,0.0007091424830896792
79,120,0.0007818750454578515
79,122,0.0011273547167066696
79,123,0.000309113390064732
79,125,0.0006909593424976362
79,126,0.00027274710888064587
79,127,0.00023638082769655974
79,128,0.00020001454651247364
79,129,0.0004909447959851625
79,130,0.00010909884355225835
79,131,0.00014546512473634447
80,80,0.9892542372881356
80,81,0.00030508474576271185
80,85,0.0012881355932203389
80,86,0.0005423728813559322
80,100,0.004677966101694915
80,101,0.0032203389830508474
81,81,0.9798388481696971
81,82,0.0036063389134272585
81,83,0.0016245698152867554
81,84,0.004004753498148746
81,85,0.0030739745976356156
81,86,8.929982071343688e-05
81,87,7.212677826854517e-05
81,88,0.0001751650329378954
81,89,0.0003400262404088558
81,90,6.525756129058849e-05
81,92,0.0006869216977956683
81,95,1.7173042444891707e-05
81,96,5.495373582365346e-05
81,97,2.060765093387005e-05
81,98,3.4346084889783414e-05
81,100,4.464991035671844e-05
81,102,0.0021878456074792036
81,104,7.899599524650185e-05
81,105,0.00016142659898198204
81,106,0.0004464991035671844
81,107,0.0001820342499158521
81,108,0.00013051512258117697
81,109,0.0003400262404088558
81,110,0.0001992072923607438
81,112,0.00031254937249702906
81,113,0.00046367214601207606
81,114,0.0003915453677435309
81,115,3.4346084889783414e-05
81,116,2.060765093387005e-05
81,117,0.00014768816502606867
81,118,0.00023011876876154888
81,119,0.00014768816502606867
81,120,0.00016142659898198204
81,121,5.151912733467512e-05
81,122,9.273442920241522e-05
81,123,0.00010647286315832858
81,124,9.273442920241522e-05
81,125,8.24306037354802e-05
81,126,3.091147640080507e-05
81,127,4.464991035671844e-05
81,128,1.7173042444891707e-05
81,129,2.4042259422848388e-05
82,82,0.9728052266231114
82,83,0.001959983666802777
82,84,0.004409963250306247
82,85,0.003184973458554512
82,86,0.0007349938750510413
82,88,0.0004899959167006942
82,89,0.0008983258472846059
82,92,0.0006533278889342589
82,102,0.002939975500204165
82,104,0.0004899959167006942
82,106,0.0009799918334013884
82,107,0.0005716619028174765
82,108,0.0004083299305839118
82,109,0.0005716619028174765
82,110,0.0004899959167006942
82,112,0.0007349938750510413
82,113,0.0010616578195181707
82,114,0.0008166598611678236
82,119,0.0004899959167006942
82,120,0.0008166598611678236
82,122,0.0006533278889342589
82,123,0.0005716619028174765
82,128,0.0005716619028174765
83,83,0.9875124048957988
83,84,0.005458154151505128
83,85,0.001902084022494211
83,92,0.0009923916639100231
83,102,0.0010750909692358584
84,84,0.9905191516302627
84,85,0.002880658436213992
84,87,9.49667616334283e-05
84,88,0.00022158911047799937
84,89,0.0003798670465337132
84,93,0.0005539727761949984
84,102,0.0017094017094017094
84,104,0.00011079455523899969
84,106,0.00042735042735042735
84,107,0.00012662234884457108
84,108,0.00014245014245014244
84,109,0.00017410572966128522
84,110,7.913896802785692e-05
84,112,0.0001899335232668566
84,113,0.00044317822095599874
84,114,0.00031655587211142766
84,115,7.913896802785692e-05
84,117,0.00017410572966128522
84,118,0.00015827793605571383
84,119,0.00023741690408357076
84,120,0.00011079455523899969
84,125,0.00012662234884457108
84,126,7.913896802785692e-05
85,85,0.9689930635919232
85,86,0.005339654886228413
85,87,0.0020222423277528796
85,88,0.003705496057211924
85,89,0.004018768279083468
85,90,0.001816511316374552
85,91,4.909490044255546e-05
85,92,0.0007036935730099616
85,93,2.1040671618238053e-05
85,96,2.8054228824317407e-05
85,97,3.0392081226343857e-05
85,98,2.3378524020264503e-05
85,99,2.3378524020264503e-05
85,100,4.909490044255546e-05
85,101,1.4027114412158704e-05
85,110,0.006569365249694326
85,111,0.00014962255372969282
85,112,0.000986573713655162
85,113,0.0007878562594829138
85,114,0.0012647781494963097
85,115,5.6108457648634814e-05
85,116,1.6364966814185152e-05
85,117,0.0002688530262330418
85,118,0.00037405638432423205
85,119,0.00017300107774995734
85,120,0.0003576914175100469
85,121,0.00022910953539859215
85,122,0.00030392081226343853
85,123,0.00038106994153031145
85,124,0.0003670428271181527
85,125,0.00018235248735806313
85,126,0.00011689262010132252
85,127,0.0001566361109357722
85,128,0.00012156832490537543
85,129,0.0002267716829965657
85,130,1.8702819216211603e-05
85,131,3.7405638432423205e-05
86,86,0.9387263339070568
86,87,0.004130808950086058
86,88,0.005335628227194493
86,89,0.0050774526678141136
86,90,0.00576592082616179
86,113,0.007573149741824441
86,115,0.0012908777969018934
86,116,0.0004302925989672978
86,117,0.004819277108433735
86,118,0.0051635111876075735
86,120,0.0033562822719449227
86,122,0.004216867469879518
86,123,0.0018932874354561102
86,125,0.0033562822719449227
86,126,0.0021514629948364886
86,127,0.0012908777969018934
86,128,0.0014629948364888125
86,129,0.002237521514629948
86,131,0.0005163511187607573
87,87,0.9563034797490018
87,88,0.0065031374786081
87,89,0.008214489446662863
87,90,0.004449515116942385
87,110,0.010610382201939533
87,112,0.0013690815744438105
87,113,0.002167712492869367
87,114,0.0018254420992584142
87,117,0.0007986309184255561
87,118,0.0006845407872219053
87,120,0.0009127210496292071
87,122,0.0005704506560182544
87,123,0.0006845407872219053
87,124,0.0006845407872219053
87,125,0.0005704506560182544
87,128,0.0005704506560182544
88,88,0.9613116001775861
88,89,0.00716686750808651
88,90,0.004185958013572652
88,92,0.0010147777002600367
88,111,0.01217733240312044
88,112,0.0018392845817213166
88,114,0.002346673431851335
88,116,0.002092979006786326
88,117,0.0008879304877275322
88,118,0.0009513540939937845
88,120,0.0010147777002600367
88,121,0.0003171180313312615
88,122,0.0008245068814612799
88,123,0.0005073888501300184
88,124,0.0005708124563962707
88,125,0.0005073888501300184
88,126,0.00038054163759751377
88,127,0.0003171180313312615
88,128,0.0005708124563962707
88,129,0.00038054163759751377
89,89,0.9808932061491789
89,91,0.002917067763484146
89,92,0.0009334616843149267
89,110,0.006184183658586389
89,111,0.0005834135526968291
89,112,0.0011959977830284998
89,113,0.0007584376185058779
89,114,0.0008167789737755608
89,115,0.00014585338817420728
89,117,0.00043756016452262185
89,118,0.0008751203290452437
89,119,0.00032087745398325606
89,120,0.0005250721974271463
89,121,0.0002041947434438902
89,122,0.00043756016452262185
89,123,0.0005250721974271463
89,124,0.0004959015197923048
89,125,0.0003500481316180975
89,126,0.00026253609871357313
89,127,0.00017502406580904875
89,128,0.00023336542107873167
89,129,0.00023336542107873167
90,90,0.9662881476224272
90,91,0.006505796072864916
90,110,0.008161816891412349
90,111,0.0007097232079489
90,112,0.0011828720132481666
90,113,0.0018925952211970665
90,114,0.0040217648450437665
90,116,0.0010645848119233499
90,117,0.0008280104092737166
90,118,0.0008280104092737166
90,122,0.0014194464158978
90,123,0.0014194464158978
90,124,0.0010645848119233499
90,125,0.0011828720132481666
90,129,0.0008280104092737166
91,91,0.9791449426485923
91,110,0.006256517205422315
92,92,0.9875209841845515
92,93,0.0014809890650835792
92,94,0.0005764076758990066
92,95,0.0015777582369498357
92,96,0.002074226162176717
92,97,0.00037866197686796057
92,98,0.001518855262770375
92,99,0.000685798913660862
92,100,0.0015903803028454345
92,101,4.207355298532895e-05
92,102,0.0008078122173183159
92,104,5.8902974179460536e-05
92,105,0.00012201330365745396
92,106,9.25618165677237e-05
92,107,9.676917186625659e-05
92,108,7.573239537359211e-05
92,109,0.00010939123776185527
92,110,0.00010939123776185527
92,112,0.00014725743544865134
92,113,0.00017250156723984871
92,114,0.00021036776492664477
92,117,2.9451487089730268e-05
92,118,0.00010518388246332239
92,119,4.207355298532895e-05
92,120,5.4695618880927636e-05
92,122,5.8902974179460536e-05
92,123,3.786619768679606e-05
92,124,2.1036776492664475e-05
92,125,5.048826358239474e-05
92,126,6.731768477652633e-05
93,93,0.9765870142408882
93,95,0.0012068549360366883
93,96,0.00627564566739078
93,98,0.004827419744146753
93,102,0.0019309678976587015
94,94,0.9896440129449838
94,98,0.003236245954692557
95,95,0.9759841544936866
95,96,0.003961376578360981
95,98,0.0049517207229512255
95,99,0.0032186184699182965
95,100,0.007179995048279277
95,101,0.0012379301807378064
96,96,0.9820457018498367
96,97,0.0006800870511425463
96,98,0.003808487486398259
96,99,0.0017682263329706202
96,100,0.00544069640914037
96,102,0.0017682263329706202
97,97,0.9944723618090452
97,98,0.002847571189279732
97,100,0.0010050251256281408
97,102,0.0010050251256281408
98,98,0.9914529914529915
98,99,0.001469017094017094
98,100,0.002403846153846154
98,102,0.001201923076923077
98,117,0.0006677350427350427
99,99,0.9928409748907723
99,101,0.006895825656682634
100,100,0.9944566276803118
100,101,0.003776803118908382
100,102,0.0006091617933723197
100,113,0.00030458089668615983
101,101,0.99977079990832
102,102,0.9236904578271551
102,103,0.00013920293153849337
102,104,0.0030398910454892607
102,105,0.005673460020541838
102,106,0.0019225053517883815
102,107,0.005568117261539735
102,108,0.003641849668358421
102,109,0.010222009864596933
102,110,0.006587684679024376
102,111,0.0001279162073596966
102,112,0.004349151050229685
102,113,0.010793870556322634
102,114,0.011076038660792554
102,115,0.0004815668982953284
102,116,0.000297217070041648
102,117,0.0019036941448237201
102,118,0.0017268687993559043
102,119,0.0002708813802911222
102,120,0.000846504313409757
102,121,0.00044770672575893816
102,122,0.0015086587985658336
102,123,0.0012302529354888468
102,124,0.0018735962136802622
102,125,0.0004288955187942769
102,126,0.00021821000079007069
102,127,0.0001617763798960869
102,128,0.00018811206964661266
102,129,0.001350644660062679
102,130,8.276931064450957e-05
102,131,0.00015048965571729013
103,103,0.8721174004192872
103,107,0.014675052410901468
103,109,0.010482180293501049
103,110,0.010482180293501049
103,113,0.031446540880503145
103,114,0.018867924528301886
104,104,0.8979729161409706
104,105,0.008158802254184541
104,106,0.001514004542013626
104,107,0.00874758179830095
104,108,0.004962570443266885
104,109,0.012448481789889814
104,110,0.009168138615526959
104,112,0.005299015897047691
104,114,0.01572882496425267
104,115,0.019345613592396334
104,116,0.0010934477247876188
104,117,0.0017663386323492304
104,118,0.0011775590882328203
104,119,0.00042055681722600723
104,120,0.0013457818151232231
104,121,0.00042055681722600723
104,122,0.0021868954495752376
104,123,0.0010934477247876188
104,124,0.0025233409033560434
104,125,0.000757002271006813
104,129,0.0027756749936916477
105,105,0.9084473808400189
105,106,0.0013371086990718892
105,107,0.006108751507524514
105,108,0.0038540191914425044
105,109,0.009831681610822715
105,110,0.006580672224844004
105,112,0.004771642808452625
105,118,0.023727124954118817
105,119,0.000183524723402024
105,124,0.021970531172985162
105,125,0.004352157726390855
105,126,0.0018090294163913797
105,127,0.001468197787216192
105,128,0.002149861045566567
105,129,0.0025431283099994757
105,131,0.0007865345288658172
106,106,0.9465681485100147
106,107,0.002747923790913532
106,108,0.0036028334147532974
106,109,0.0062896922325354175
106,110,0.009587200781631656
106,113,0.0056179775280898875
106,114,0.006350757205666829
106,115,0.0007327796775769418
106,117,0.0006106497313141182
106,118,0.0019540791402051783
106,119,0.007694186614557889
106,120,0.0012823644357596482
106,121,0.0006106497313141182
106,122,0.001038104543234001
106,123,0.00042745481191988274
106,124,0.002320468978993649
106,125,0.0003663898387884709
106,126,0.0005495847581827064
106,127,0.0003663898387884709
106,129,0.0007938446507083537
107,107,0.9205047177211502
107,108,0.002913557004863399
107,109,0.009906093816535557
107,110,0.004594455276899975
107,111,0.00011205988480243842
107,112,0.004280687599453148
107,117,0.023958403370761334
107,118,0.004146215737690221
107,119,0.00040341558528877834
107,120,0.001277482686747798
107,123,0.018355409130639412
107,126,0.0003137676774468276
107,128,0.0068356529729487435
107,129,0.0018826060646809654
107,130,0.00038100360832829067
107,131,0.0001344718617629261
108,108,0.9247845390441368
108,109,0.011099503786889528
108,111,0.01025071820318621
108,112,0.005288587098459128
108,114,0.011034212588143119
108,116,0.01155654217811439
108,117,0.0053538782972055365
108,118,0.005419169495951946
108,119,0.0003917471924784539
108,120,0.0009793679811961348
108,121,0.0003264559937320449
108,122,0.0013711151736745886
108,123,0.0025463567511099503
108,124,0.004896839905980674
108,125,0.0009793679811961348
108,126,0.0004570383912248629
108,128,0.0011752415774353617
108,129,0.0015669887699138157
109,109,0.9285411904157141
109,110,0.00571501143002286
109,111,0.000508001016002032
109,112,0.006561679790026247
109,113,0.01765303530607061
109,114,0.012446024892049785
109,115,0.0024976716620099906
109,116,0.0011006688680044027
109,117,0.00444500889001778
109,118,0.003894674456015579
109,119,0.0009736686140038947
109,120,0.0009313351960037253
109,121,0.00046566759800186267
109,122,0.0016933367200067733
109,123,0.003556007112014224
109,124,0.0035136736940140547
109,125,0.0008043349420032174
109,126,0.000381000762001524
109,127,0.00042333418000169333
109,128,0.0008466683600033867
109,129,0.002286004572009144
109,130,0.00033866734400135465
109,131,0.00042333418000169333
110,110,0.9392410482218757
110,111,0.006727211570803902
110,112,0.004861939271626457
110,113,0.009876769715316638
110,114,0.011558572608017613
110,115,0.0015594899550499953
110,116,0.0003669388129529401
110,117,0.004770204568388221
110,118,0.004556156927499006
110,119,0.0007950340947313702
110,120,0.0008867687979696052
110,121,0.0004280952817784301
110,122,0.0015594899550499953
110,123,0.003394184019814696
110,124,0.004189218114546066
110,125,0.0011008164388588203
110,126,0.0003975170473656851
110,127,0.00021404764088921505
110,128,0.0009785035012078403
110,129,0.0020181634712411706
110,131,0.0003975170473656851
111,111,0.9279643868878996
111,112,0.006475111290975314
111,114,0.01578308377175233
111,116,0.014164305949008499
111,117,0.0056657223796034
111,118,0.0084985835694051
111,122,0.004046944556859571
111,123,0.004451639012545528
111,124,0.003237555645487657
111,128,0.0020234722784297854
111,129,0.004046944556859571
112,112,0.9325294550810015
112,119,0.004510309278350515
112,120,0.02457658321060383
112,121,0.010254050073637703
112,122,0.0018041237113402063
112,123,0.0036450662739322534
112,126,0.007989690721649484
112,127,0.007529455081001473
112,128,0.00235640648011782
112,129,0.0037002945508100146
112,130,0.00027614138438880706
112,131,0.0008284241531664212
113,113,0.9331101667735728
113,115,0.006494547787042977
113,116,0.004510102629890956
113,117,0.011646087235407313
113,118,0.01220734445157152
113,120,0.007416613213598461
113,122,0.016396728672225785
113,123,0.0014432328415651058
113,125,0.0031270044900577293
113,126,0.0006614817190506735
113,127,0.00020044900577293137
113,128,0.00030067350865939705
113,129,0.001904265554842848
113,130,0.00032071840923669016
113,131,0.00026058370750481075
114,114,0.9245710331377884
114,121,0.006825723857005804
114,122,0.02134218265888681
114,123,0.015066920403252441
114,124,0.016089206234370823
114,125,0.0032241322366041237
114,127,0.0011795605743673623
114,128,0.0017929320730383908
114,129,0.008099649277322554
114,130,0.0008178286648947046
114,131,0.0009908308824685844
115,115,0.9189261031366295
115,116,0.006645401382243487
115,117,0.014885699096225412
115,118,0.013822434875066455
115,120,0.008506113769271665
115,122,0.022594364699627858
115,123,0.002658160552897395
115,125,0.0034556087187666137
115,126,0.0013290802764486975
115,129,0.0029239766081871343
115,131,0.0023923444976076554
116,116,0.9300439337614059
116,117,0.015883744508279823
116,118,0.011152416356877323
116,120,0.00844880027036161
116,122,0.026022304832713755
116,123,0.002027712064886786
116,125,0.002027712064886786
116,129,0.003041568097330179
117,117,0.9582946282712451
117,118,0.009929850411608316
117,120,0.005925878471443672
117,123,0.020115955027387167
117,126,0.00038438130625580575
117,128,0.0025305102661840545
117,129,0.002210192510970883
117,130,0.0004164130817771229
117,131,0.00019219065312790288
118,118,0.9610015208952852
118,125,0.020180237441263932
118,126,0.008194674596508751
118,127,0.0011803963407713437
118,128,0.006333280366830863
118,129,0.002315392822282251
118,130,0.00011349964815109073
118,131,0.0006809978889065444
119,119,0.9449843260188088
119,120,0.01974921630094044
119,121,0.01128526645768025
119,122,0.0012539184952978057
119,123,0.00219435736677116
119,126,0.007210031347962382
119,127,0.007053291536050157
119,128,0.0012539184952978057
119,129,0.003918495297805642
120,120,0.951782074862057
120,122,0.01342148431674703
120,123,0.007158124968931749
120,126,0.016503454789481533
120,127,0.0028831336680419546
120,128,0.0019386588457523488
120,129,0.004523537306755481
120,130,0.0006959288164239201
120,131,0.0010936024258090173
121,121,0.8965272856130404
121,122,0.030120481927710843
121,123,0.017836050082683675
121,127,0.029293645168910937
121,128,0.002952988424285377
121,129,0.018781006378454996
121,130,0.001535553980628396
121,131,0.002952988424285377
122,122,0.9307169619610084
122,123,0.021845430875722358
122,125,0.019940306090048897
122,127,0.008065028259350987
122,128,0.001778116466628564
122,129,0.013843906775893821
122,130,0.0019051247856734616
122,131,0.0019051247856734616
123,123,0.9630933333333334
123,128,0.024586666666666666
123,129,0.00976
123,130,0.00144
123,131,0.00112
124,124,0.9203632033343256
124,125,0.0349310310608316
124,127,0.012156395752704177
124,128,0.01840825642552347
124,129,0.01106480103205319
124,130,0.0005954153021732659
124,131,0.0024808970923886078
125,125,0.9593426176490001
125,127,0.01174839944558115
125,128,0.017028578971685037
125,129,0.008382284997689922
125,130,0.0009240314170681803
125,131,0.002574087518975645
126,126,0.9555941693213631
126,127,0.026353895163625834
126,128,0.00974997586639637
126,129,0.005695530456607781
126,131,0.0023168259484506225
127,127,0.9501332741003998
127,128,0.020657485561972458
127,129,0.0211017325633052
127,130,0.000888494002665482
127,131,0.007219013771657041
128,128,0.9780630105017503
128,129,0.014352392065344223
128,130,0.002333722287047841
128,131,0.005250875145857643
129,129,0.968128539444225
129,130,0.013301725273278019
129,131,0.018569735282497037
130,130,0.9831932773109243
130,131,0.01680672268907563
131,131,1.0
