source,target,value
0,0,0.8989839166791249
0,1,0.00375147484231886
0,2,0.00017428915715336175
0,3,0.000273868034112087
0,4,0.0001599217955774701
0,5,0.0001634744522580542
0,6,0.00034108116381166727
0,7,0.0001894663154726218
0,8,0.00025613087318475896
0,9,0.0004020771443202254
0,10,0.0002610157761205621
0,11,0.0003727416042298139
0,12,0.00026062393898667414
0,13,0.00031919052926512696
0,14,0.00033940932537374535
0,15,0.00037916773322557636
0,16,0.00037783548697035735
0,17,0.0003127644002693645
0,18,0.0002813913070827357
0,19,0.0002965684654019958
0,20,0.0005083956199818235
0,21,0.0003514256641463093
0,22,0.00044235800168390704
0,23,0.0004563596486015032
0,24,0.0005723434402323375
0,25,0.0004279122726812378
0,26,0.0008022473479221961
0,27,0.0006664627197922239
0,28,0.0007048366364376509
0,29,0.0004844151873878807
0,30,0.00048757600693457686
0,31,0.0006354553412638906
0,32,0.0008723600724125473
0,33,0.0007894995798330413
0,34,0.0009522426027745047
0,35,0.001343034837638757
0,36,0.0010258296165186623
0,37,0.0012478967815307618
0,38,0.0013938430526662284
0,39,0.0007430015732783375
0,40,0.00029001172402827067
0,41,0.0012729743580995908
0,42,0.001571972213731692
0,43,0.0012476355567748367
0,44,0.0017206352223287816
0,45,0.00025670556764779463
0,46,0.0013671197601350699
0,47,0.0015174284846944889
0,48,0.0003920461136926938
0,49,0.0020829800812727684
0,50,0.00234336891797911
0,51,0.002378790994882581
0,52,0.001958610974976732
0,53,0.0021976577491239764
0,54,0.0002099463363371655
0,55,0.002573481805473709
0,56,0.00028742559894461017
0,57,0.002435346154540409
0,58,0.0003289080901855482
0,59,0.002594170806142993
0,60,0.0001625079206611306
0,61,0.0031022529564177057
0,62,0.00013458299425271578
0,63,0.003274739662755183
0,64,0.002172214457896852
0,65,0.00014364749328332378
0,66,0.00024231208359631046
0,67,0.00020184836890348114
0,68,0.00017946140732068273
0,69,0.00022282471680428291
0,70,0.00023977820346383503
0,71,0.0003960428524583509
0,72,0.002768303228442799
0,73,0.00014113973562644087
0,74,0.00017016180600974197
0,75,0.0002633145539727048
0,76,0.0005291107431266999
0,77,0.0028144616428148004
0,78,9.354458509685078e-05
0,79,0.00043399880949429733
0,80,0.0003214893071172696
0,81,0.004016565724631857
0,82,0.00012632829196547622
0,83,0.00022305981908461568
0,84,0.0006077393946602159
0,85,0.004560958115980187
0,86,0.00013032503073113336
0,87,8.949560138000859e-05
0,88,0.00025216025689469434
0,89,0.0005938944825961749
0,90,0.0004291400290340867
0,91,7.78449772657401e-05
0,92,0.004751599942854472
0,93,6.666455771213716e-05
0,94,7.175844045268055e-05
0,95,4.647188407911129e-05
0,96,0.00010916582550118385
0,97,0.00013886708024989073
0,98,0.00011606215905761184
0,99,0.001016791239963647
0,100,0.00023834146730624588
0,101,3.9889020229793674e-05
0,102,0.0027571750538403815
0,103,0.0001556115871047026
0,104,0.00025542556634376067
0,105,0.00039400529936213356
0,106,0.0003231872680307841
0,107,0.0003905832550595121
0,108,0.00045474005511476635
0,109,0.0004757164030155681
0,110,0.0004215906335878455
0,111,8.96000912823787e-05
0,112,0.001023060634105854
0,113,0.000903628675696806
0,114,0.0008255747186263256
0,115,0.00011423358576613472
0,116,0.0001667397617071205
0,117,0.00025542556634376067
0,118,0.0005738846662922967
0,119,0.00015772750762769756
0,120,0.00045411311570054563
0,121,0.00018173406269723284
0,122,0.00033982728498322583
0,123,0.000291605195039415
0,124,0.00028444763672706176
0,125,0.00019662387378497508
0,126,0.0001884214164489206
0,127,0.00017439364705573187
0,128,0.00013272829848564612
0,129,0.0003147497084143968
0,130,6.352986064103353e-05
0,131,9.793316099639586e-05
1,1,0.9235548734962103
1,2,0.00011621187494328701
1,3,0.0002658545632264237
1,4,0.0001846654451153602
1,5,0.00013531519685177254
1,6,0.00027859011116541406
1,7,0.0001496426882831367
1,8,0.00022128014543995746
1,9,0.0002833659416425355
1,10,0.0003247564724442541
1,11,0.00037569866420021555
1,12,0.00019262516257722917
1,13,0.00021968820194758366
1,14,0.0002706303937035451
1,15,0.000294509546089152
1,16,0.0003581872857841038
1,17,0.0002085445975009671
1,18,0.0001846654451153602
1,19,0.0004855427651740074
1,20,0.0004473361213570363
1,21,0.0002117284844857147
1,22,0.000410721421032439
1,23,0.0003534114553069824
1,24,0.0005396688439147164
1,25,0.00039798587309344867
1,26,0.001001332456703117
1,27,0.0007513973284004311
1,28,0.0007004551366444697
1,29,0.0002817739981501617
1,30,0.00030724509402814236
1,31,0.00046325555628077425
1,32,0.000659064605842751
1,33,0.000721150402045329
1,34,0.0006383693404418917
1,35,0.001047498817981957
1,36,0.0007784603677707856
1,37,0.0014852832783847504
1,38,0.001474139673938134
1,39,0.00037569866420021555
1,40,0.00016397017971450087
1,41,0.0012417159240515599
1,42,0.001131871823077768
1,43,0.0007864200852326546
1,44,0.0018864530384629468
1,45,0.00023401569337894783
1,46,0.0011875898453108508
1,47,0.0013213130986702497
1,48,0.00025152707179505957
1,49,0.0020520151616698215
1,50,0.0017511378416111742
1,51,0.0016174145882517754
1,52,0.001133463766570142
1,53,0.002157083432166492
1,54,0.00025789484576455474
1,55,0.0017256667457331936
1,56,0.00021650431496283607
1,57,0.001682684271439101
1,58,0.00021650431496283607
1,59,0.002091813748979166
1,60,0.00012098770542040839
1,61,0.002149123714704623
1,62,0.00012894742288227737
1,63,0.0023751796906217016
1,64,0.0015330415831559642
1,65,9.23327225576801e-05
1,66,0.00015441851876025808
1,67,0.00014168297082126774
1,68,0.00015441851876025808
1,69,0.00015919434923737947
1,70,0.0003884342121392059
1,71,0.0003709228337230942
1,72,0.0022446403242470507
1,73,0.00010347632700429666
1,74,0.00012417159240515598
1,75,0.00019899293654672434
1,76,0.00042664085595617697
1,77,0.0026776489541727225
1,78,0.00013849908383652013
1,79,0.0004282327994485508
1,80,0.0004393764038951673
1,81,0.0029275840824754084
1,82,9.23327225576801e-05
1,83,0.00013213130986702496
1,84,0.00036614700324597276
1,85,0.003000813483124603
1,86,0.00010666021398904424
1,87,6.0493852710204196e-05
1,88,0.00015919434923737947
1,89,0.0004170891950019342
1,90,0.00029132565910440446
1,91,3.8206643816971076e-05
1,92,0.0033144263511222407
1,93,3.8206643816971076e-05
1,94,4.616636127884005e-05
1,95,5.571802223308282e-05
1,96,9.551660954242768e-05
1,97,0.0002674465067187975
1,98,9.23327225576801e-05
1,99,0.0011095846141845349
1,100,0.00022764791940945263
1,101,5.2534135248335225e-05
1,102,0.002266927533140284
1,103,0.00013372325335939876
1,104,0.00016397017971450087
1,105,0.00029132565910440446
1,106,0.00017829767114586502
1,107,0.00029132565910440446
1,108,0.00025152707179505957
1,109,0.00034863562482986105
1,110,0.0002085445975009671
1,111,4.775830477121384e-05
1,112,0.0006160821315486586
1,113,0.0006654323798122462
1,114,0.0004712152737426432
1,115,7.004551366444697e-05
1,116,8.914883557293251e-05
1,117,0.00019421710606960294
1,118,0.0003247564724442541
1,119,7.322940064919455e-05
1,120,0.0002817739981501617
1,121,0.00010347632700429666
1,122,0.0001798896146382388
1,123,0.00013690714034414635
1,124,0.00020376876702384573
1,125,9.551660954242768e-05
1,126,8.914883557293251e-05
1,127,6.845357017207317e-05
1,128,7.322940064919455e-05
1,129,0.00019262516257722917
1,130,5.730996572545661e-05
1,131,0.00013213130986702496
2,2,0.9314079422382672
2,3,0.00019168716654419985
2,5,0.0001597393054534999
2,7,0.0001597393054534999
2,9,0.0003514264719976998
2,10,0.00022363502763489984
2,11,0.00019168716654419985
2,12,0.0002555828887255998
2,13,0.0003194786109069998
2,14,0.00019168716654419985
2,16,0.0002875307498162998
2,18,0.00022363502763489984
2,19,0.0001597393054534999
2,20,0.0002875307498162998
2,21,0.0003514264719976998
2,22,0.0002555828887255998
2,23,0.0005750614996325996
2,24,0.0004472700552697997
2,25,0.0004153221941790997
2,26,0.0006709050829046996
2,27,0.0007028529439953995
2,28,0.0007028529439953995
2,29,0.0005431136385418996
2,30,0.0002875307498162998
2,31,0.0002555828887255998
2,32,0.0005431136385418996
2,33,0.0008945401105395994
2,34,0.0008945401105395994
2,35,0.0013418101658093991
2,36,0.0009584358327209994
2,37,0.0011501229992651992
2,38,0.001245966582537299
2,39,0.0004153221941790997
2,41,0.0022044024152582985
2,42,0.0009584358327209994
2,43,0.0011501229992651992
2,44,0.0005750614996325996
2,46,0.0010542794159930993
2,47,0.0012779144436279991
2,49,0.0023002459985303984
2,50,0.0018849238043512986
2,51,0.0013418101658093991
2,52,0.0019807673876233987
2,53,0.0017890802210791988
2,54,0.00022363502763489984
2,55,0.0006389572218139996
2,56,0.00019168716654419985
2,57,0.0015973930545349988
2,58,0.0002875307498162998
2,59,0.0012140187214465992
2,61,0.0017890802210791988
2,63,0.002715568192709498
2,64,0.0021724545541675984
2,65,0.00022363502763489984
2,67,0.00019168716654419985
2,69,0.0003514264719976998
2,70,0.00022363502763489984
2,71,0.00022363502763489984
2,72,0.0020446631098047984
2,76,0.00022363502763489984
2,77,0.002907255359253698
2,78,0.0001597393054534999
2,79,0.0003833743330883997
2,80,0.0004472700552697997
2,81,0.0034184211367048974
2,82,0.00019168716654419985
2,83,0.0003194786109069998
2,84,0.0003514264719976998
2,85,0.0023002459985303984
2,88,0.00019168716654419985
2,89,0.0002875307498162998
2,90,0.0002875307498162998
2,92,0.0037698476087025972
2,97,0.0001597393054534999
2,99,0.0004472700552697997
2,100,0.0002555828887255998
2,102,0.001469601610172199
2,104,0.00022363502763489984
2,107,0.0001597393054534999
2,108,0.0001597393054534999
2,109,0.00019168716654419985
2,113,0.0005111657774511996
2,118,0.0002875307498162998
3,3,0.9116881941773928
3,4,0.00038455448232180425
3,5,0.00011310425950641301
3,6,0.0004297961861243694
3,7,0.0002488293709141086
3,8,0.00018096681521026083
3,9,0.0001357251114076956
3,10,0.0022394643382269777
3,11,0.00015834596330897822
3,12,0.00015834596330897822
3,13,0.00047503788992693465
3,14,0.00031669192661795643
3,15,0.00020358766711154342
3,16,0.00031669192661795643
3,17,0.00018096681521026083
3,18,0.00029407107471667384
3,19,0.00020358766711154342
3,20,0.0004297961861243694
3,21,0.0023751894496346735
3,22,0.00038455448232180425
3,23,0.00040717533422308683
3,24,0.0005881421494333477
3,25,0.0002488293709141086
3,26,0.0012667677064718257
3,27,0.0007238672608410433
3,28,0.000339312778519239
3,29,0.0006560047051371954
3,30,0.0005881421494333477
3,31,0.00045241703802565206
3,32,0.0012215260026692606
3,33,0.00020358766711154342
3,34,0.0015155970773859343
3,35,0.0036193363042052165
3,36,0.0008595923722487388
3,37,0.00045241703802565206
3,38,0.0010179383355577172
3,39,0.0008595923722487388
3,40,0.0002488293709141086
3,41,0.001312009410274391
3,42,0.005089691677788585
3,43,0.0014024928178795212
3,44,0.0004297961861243694
3,46,0.0009274549279525867
3,47,0.0007464881127423259
3,49,0.0016965638925961952
3,50,0.0023525685977333908
3,51,0.0022620851901282604
3,52,0.0017418055963987604
3,53,0.0011762842988666954
3,55,0.0010179383355577172
3,57,0.002850227339561608
3,58,0.0004297961861243694
3,59,0.0009726966317551519
3,61,0.0038907865270206075
3,63,0.002624018820548782
3,64,0.0015834596330897822
3,65,0.00020358766711154342
3,66,0.0001357251114076956
3,67,0.00018096681521026083
3,69,0.00022620851901282603
3,71,0.0004297961861243694
3,72,0.0030990567104757167
3,73,0.00018096681521026083
3,75,0.00018096681521026083
3,76,0.00036193363042052166
3,77,0.0013346302621756736
3,79,0.00011310425950641301
3,81,0.006243355124753998
3,83,0.000339312778519239
3,84,0.0007691089646436085
3,85,0.003641957156106499
3,86,0.00015834596330897822
3,88,0.00020358766711154342
3,89,0.0006333838532359129
3,90,0.00045241703802565206
3,92,0.0030990567104757167
3,94,0.00011310425950641301
3,96,0.00015834596330897822
3,97,0.00015834596330897822
3,99,0.000339312778519239
3,106,0.0039360282308231725
3,107,0.0001357251114076956
3,108,0.00018096681521026083
3,109,0.00011310425950641301
3,110,0.00031669192661795643
3,113,0.0004297961861243694
3,114,0.00029407107471667384
3,117,0.0001357251114076956
3,118,0.00029407107471667384
3,119,0.0007691089646436085
3,120,0.00029407107471667384
3,122,0.0001357251114076956
3,125,0.00011310425950641301
4,4,0.9421763765799797
4,8,0.00018160685747493826
4,12,0.0002905709719599012
4,14,0.00025424960046491353
4,16,0.00047217782943483944
4,17,0.0005811419439198024
4,19,0.0002905709719599012
4,23,0.00025424960046491353
4,24,0.00047217782943483944
4,25,0.0006537846869097777
4,26,0.0002179282289699259
4,27,0.0015254976027894813
4,28,0.000835391544384716
4,29,0.00018160685747493826
4,30,0.0006537846869097777
4,31,0.0004358564579398518
4,32,0.00018160685747493826
4,33,0.0005084992009298271
4,34,0.0002179282289699259
4,35,0.0006537846869097777
4,36,0.0008717129158797036
4,37,0.0010896411448496296
4,38,0.000726427429899753
4,41,0.006828417841057678
4,42,0.0002905709719599012
4,43,0.0010896411448496296
4,46,0.0013802121168095308
4,47,0.0002905709719599012
4,49,0.0028330669766090367
4,50,0.00047217782943483944
4,51,0.0005811419439198024
4,52,0.002687781490629086
4,53,0.0025424960046491357
4,54,0.00025424960046491353
4,57,0.00047217782943483944
4,59,0.0025424960046491357
4,61,0.0009080342873746913
4,63,0.0006537846869097777
4,64,0.004721778294348395
4,69,0.000726427429899753
4,71,0.00032689234345488884
4,72,0.0018523899462443703
4,77,0.003632137149498765
4,79,0.0006537846869097777
4,80,0.00039953508644486414
4,81,0.00047217782943483944
4,85,0.0010533197733546419
4,92,0.004285921836408543
4,99,0.0011259625163446171
4,100,0.00018160685747493826
4,102,0.00018160685747493826
4,106,0.0002179282289699259
5,5,0.9374747746535719
5,8,0.000908112471411274
5,10,0.00033633795237454595
5,11,0.00030270415713709136
5,12,0.00036997174761200054
5,13,0.00020180277142472757
5,14,0.00020180277142472757
5,16,0.0002690703618996368
5,18,0.00020180277142472757
5,19,0.00023543656666218216
5,20,0.00030270415713709136
5,21,0.0005717745190367281
5,22,0.00030270415713709136
5,23,0.00036997174761200054
5,24,0.00036997174761200054
5,25,0.00030270415713709136
5,26,0.0004372393380869097
5,27,0.00040360554284945513
5,28,0.0007399434952240011
5,29,0.00030270415713709136
5,30,0.0005381407237992735
5,31,0.0007399434952240011
5,32,0.0007063096999865465
5,33,0.0002690703618996368
5,34,0.0007735772904614557
5,35,0.0006054083142741827
5,36,0.0007399434952240011
5,37,0.0007735772904614557
5,38,0.0007399434952240011
5,39,0.00040360554284945513
5,40,0.00016816897618727298
5,41,0.0008744786761738194
5,42,0.001009013857123638
5,43,0.0011435490380734563
5,44,0.00036997174761200054
5,46,0.0015135207856854568
5,47,0.0006054083142741827
5,49,0.0013453518094981838
5,50,0.0016480559666352751
5,51,0.0017153235571101843
5,52,0.0019507601237723664
5,53,0.0019171263285349118
5,55,0.0008408448809363649
5,57,0.0009753800618861832
5,59,0.0025225346428090945
5,61,0.002085295304722185
5,63,0.00205166150948473
5,64,0.0016144221713978205
5,69,0.00016816897618727298
5,71,0.00033633795237454595
5,72,0.0018498587380600027
5,75,0.00016816897618727298
5,76,0.00023543656666218216
5,77,0.00248890084757164
5,79,0.00030270415713709136
5,80,0.00023543656666218216
5,81,0.002724337414233822
5,83,0.00016816897618727298
5,84,0.00036997174761200054
5,85,0.002791605004708731
5,89,0.00033633795237454595
5,92,0.005145970671330553
5,94,0.00023543656666218216
5,99,0.0012108166285483655
5,100,0.00023543656666218216
5,102,0.0009417462666487286
5,106,0.00033633795237454595
5,113,0.0005381407237992735
5,114,0.00016816897618727298
5,118,0.00020180277142472757
6,6,0.899207754683568
6,9,0.0008388479821045764
6,10,0.0006897194519526517
6,11,0.00031689812657283996
6,12,0.00011184639761394352
6,13,0.00024233386149687762
6,14,0.0005965141206076988
6,15,0.002125081554664927
6,16,0.0001491285301519247
6,17,0.00011184639761394352
6,18,9.320533134495293e-05
6,19,0.0001491285301519247
6,20,0.0004101034579177929
6,22,0.00020505172895889646
6,23,0.00022369279522788704
6,24,0.0008015658495665952
6,25,0.0002982570603038494
6,26,0.0030944170006524372
6,27,0.0007829247832976047
6,28,0.0005033087892627458
6,29,0.00022369279522788704
6,30,0.00024233386149687762
6,31,0.0003728213253798117
6,32,0.0016963370304781432
6,33,0.00039146239164880234
6,34,0.0007829247832976047
6,35,0.0014167210364432845
6,36,0.0006897194519526517
6,37,0.001174387174946407
6,38,0.0014540031689812658
6,39,0.0003541802591108211
6,40,0.00024233386149687762
6,41,0.0012303103737533786
6,42,0.0015844906328641999
6,43,0.0016963370304781432
6,44,0.003597725789915183
6,45,0.0009320533134495293
6,46,0.0006151551868766893
6,47,0.002386056482430795
6,48,0.0008202069158355858
6,49,0.002255569018547861
6,50,0.0023674154161618046
6,51,0.0012675925062913599
6,52,0.001043899711063473
6,53,0.0013235157050983317
6,54,9.320533134495293e-05
6,55,0.002423338614968776
6,56,0.00020505172895889646
6,57,0.0011930282412153975
6,58,0.00020505172895889646
6,59,0.002348774349892814
6,60,0.00016776959642091527
6,61,0.0021064404883959363
6,63,0.0024419796812377667
6,64,0.0018827476931680492
6,65,9.320533134495293e-05
6,66,0.00024233386149687762
6,67,0.000540590921800727
6,68,0.0001491285301519247
6,69,9.320533134495293e-05
6,70,0.0006151551868766893
6,71,0.00018641066268990585
6,72,0.0022742100848168515
6,74,0.00016776959642091527
6,75,0.00022369279522788704
6,76,0.0005033087892627458
6,77,0.002330133283623823
6,79,0.00039146239164880234
6,81,0.0018641066268990586
6,82,9.320533134495293e-05
6,84,0.00033553919284183054
6,85,0.0034113151272252775
6,86,9.320533134495293e-05
6,88,0.0002982570603038494
6,89,0.0005219498555317365
6,90,0.00046602665672476466
6,92,0.0015844906328641999
6,99,0.00024233386149687762
6,112,0.01399944076801193
6,119,0.0018268244943610774
6,120,0.005238139621586355
6,121,0.0014912853015192468
6,122,0.0007829247832976047
6,123,0.0005778730543387081
6,126,0.001398079970174294
6,127,0.0014353621027122752
6,128,0.0002982570603038494
6,129,0.0005033087892627458
6,131,0.0006524373194146706
7,7,0.9285600484338654
7,8,0.00015932192588344007
7,10,0.0003505082369435682
7,13,0.0002549150814135041
7,15,0.00015932192588344007
7,18,0.0004461013924736322
7,20,0.0008284740145938884
7,21,0.0009877959404773285
7,22,0.0004461013924736322
7,23,0.0003505082369435682
7,24,0.0001911863110601281
7,25,0.0002230506962368161
7,26,0.0005098301628270082
7,27,0.0008284740145938884
7,29,0.0010196603256540165
7,30,0.0002230506962368161
7,31,0.0005735589331803843
7,32,0.0014976261033043368
7,33,0.00015932192588344007
7,34,0.0011152534811840805
7,35,0.0009240671701239525
7,36,0.0005735589331803843
7,37,0.0005416945480036962
7,38,0.0009240671701239525
7,39,0.0004461013924736322
7,41,0.0010196603256540165
7,42,0.0017206767995411529
7,43,0.0003823726221202562
7,44,0.0011471178663607685
7,46,0.0007966096294172004
7,47,0.0005098301628270082
7,49,0.0008603383997705764
7,50,0.002039320651308033
7,51,0.0033776248287289297
7,52,0.0006054233183570723
7,53,0.0006054233183570723
7,55,0.00449287830991301
7,56,0.00047796577765032023
7,57,0.0008284740145938884
7,59,0.0001911863110601281
7,61,0.0028996590510786094
7,62,0.00015932192588344007
7,63,0.002549150814135041
7,64,0.0015932192588344008
7,65,0.0001911863110601281
7,69,0.0001911863110601281
7,71,0.0001911863110601281
7,72,0.001879998725424593
7,74,0.0001911863110601281
7,75,0.0001911863110601281
7,76,0.0002230506962368161
7,77,0.0009559315553006405
7,81,0.012235923907848199
7,83,0.0007328808590638244
7,84,0.0012745754070675205
7,85,0.0033138960583755537
7,88,0.00015932192588344007
7,89,0.0004142370072969442
7,90,0.0003823726221202562
7,92,0.002549150814135041
7,93,0.0001911863110601281
7,102,0.0010833890960073925
7,108,0.00015932192588344007
7,109,0.0003505082369435682
7,110,0.00015932192588344007
7,112,0.0002230506962368161
7,113,0.0005098301628270082
7,114,0.0002549150814135041
7,120,0.00015932192588344007
8,8,0.9239496665062229
8,9,0.000229205345068647
8,10,0.0002750464140823764
8,11,0.0001146026725343235
8,12,0.0003438080176029705
8,13,0.0002062848105617823
8,14,0.0005042517591510235
8,15,0.0002521258795755117
8,16,0.0005042517591510235
8,18,0.0002521258795755117
8,19,0.0002062848105617823
8,20,0.0001833642760549176
8,21,0.0002521258795755117
8,22,0.0003667285521098352
8,23,0.0002521258795755117
8,24,0.000458410690137294
8,25,0.0009397419147814527
8,26,0.0007334571042196704
8,27,0.0004125696211235646
8,28,0.0011001856563295056
8,29,0.000458410690137294
8,30,0.0002979669485892411
8,31,0.0004354901556304293
8,32,0.0004125696211235646
8,33,0.001833642760549176
8,34,0.0006188544316853469
8,35,0.0009626624492883174
8,36,0.0007792981732333998
8,37,0.0019024043640697701
8,38,0.0015127552774530702
8,39,0.0002750464140823764
8,41,0.0009397419147814527
8,42,0.0010314240528089115
8,43,0.0012377088633706939
8,44,0.0010314240528089115
8,46,0.001306470466891288
8,47,0.001008503518302047
8,49,0.0018794838295629055
8,50,0.0013981526049187468
8,51,0.0015585963464667997
8,52,0.0011231061908363704
8,53,0.0042632194182768346
8,54,0.000687616035205941
8,55,0.0010543445873157761
8,56,0.0002521258795755117
8,57,0.0014210731394256114
8,58,0.0001604437415480529
8,59,0.002910907882371817
8,61,0.0024754177267413877
8,62,0.0001146026725343235
8,63,0.002017007036604094
8,64,0.0013293910013981525
8,66,0.0001604437415480529
8,67,0.0001833642760549176
8,69,0.0001146026725343235
8,70,0.0002521258795755117
8,71,0.0002521258795755117
8,72,0.002017007036604094
8,76,0.0002979669485892411
8,77,0.004331981021797428
8,78,0.0003667285521098352
8,79,0.0006646955006990763
8,80,0.0011001856563295056
8,81,0.003048431089413005
8,83,0.0001146026725343235
8,84,0.000229205345068647
8,85,0.002452497192234523
8,89,0.0004125696211235646
8,90,0.0002062848105617823
8,92,0.004698709573907263
8,94,0.0001146026725343235
8,96,0.0002062848105617823
8,99,0.0020399275711109584
8,100,0.0004125696211235646
8,101,0.0001146026725343235
8,102,0.0012606293978775585
8,104,0.0001146026725343235
8,105,0.0002062848105617823
8,106,0.0001833642760549176
8,107,0.0001604437415480529
8,109,0.0002979669485892411
8,110,0.0001146026725343235
8,112,0.0003896490866166999
8,113,0.0002750464140823764
8,114,0.0002062848105617823
8,117,0.0001604437415480529
8,118,0.0001146026725343235
8,123,0.0001604437415480529
8,124,0.0001375232070411882
8,129,0.0001375232070411882
9,9,0.9049325153374234
9,10,0.00019631901840490797
9,11,0.0007525562372188139
9,13,0.00026175869120654394
9,14,0.00026175869120654394
9,15,0.0005398773006134969
9,16,9.815950920245399e-05
9,17,8.179959100204499e-05
9,19,0.00014723926380368098
9,20,0.0005398773006134969
9,22,0.00032719836400817994
9,23,0.00013087934560327197
9,24,0.0005235173824130879
9,25,0.00014723926380368098
9,26,0.00196319018404908
9,27,0.00027811860940695296
9,28,0.0005398773006134969
9,29,9.815950920245399e-05
9,30,0.00021267893660531698
9,31,0.00019631901840490797
9,32,0.0006871165644171779
9,33,0.00027811860940695296
9,34,0.0007525562372188139
9,35,0.0011615541922290389
9,36,0.00032719836400817994
9,37,0.0009325153374233129
9,38,0.0008343558282208589
9,39,0.00037627811860940693
9,40,0.00016359918200408997
9,41,0.0006380368098159509
9,42,0.0013251533742331288
9,43,0.00047443762781186095
9,44,0.0037627811860940696
9,45,0.00049079754601227
9,46,0.00034355828220858896
9,48,0.0057914110429447855
9,49,0.0016850715746421269
9,50,0.001979550102249489
9,51,0.001030674846625767
9,52,0.00045807770961145194
9,53,0.00044171779141104293
9,55,0.0029120654396728018
9,56,0.00034355828220858896
9,57,0.001995910020449898
9,58,0.000310838445807771
9,59,0.0016359918200408998
9,60,0.00021267893660531698
9,61,0.0016196319018404908
9,63,0.0032229038854805726
9,64,0.00098159509202454
9,65,0.00016359918200408997
9,66,0.00032719836400817994
9,67,0.0005398773006134969
9,68,0.00019631901840490797
9,69,9.815950920245399e-05
9,70,0.00014723926380368098
9,71,0.00022903885480572597
9,72,0.002519427402862986
9,73,0.00017995910020449898
9,74,0.00026175869120654394
9,75,0.00040899795501022495
9,76,0.0006707566462167689
9,77,0.0007689161554192229
9,79,0.00017995910020449898
9,81,0.0011615541922290389
9,84,0.00017995910020449898
9,85,0.0038609406952965237
9,86,0.00014723926380368098
9,87,0.00011451942740286299
9,88,0.000245398773006135
9,89,0.0006380368098159509
9,90,0.00039263803680981594
9,92,0.001194274028629857
9,98,8.179959100204499e-05
9,105,0.007934560327198364
9,106,0.0007034764826175869
9,107,0.00049079754601227
9,108,0.0006543967280163599
9,109,0.0009488752556237219
9,110,0.0005725971370143149
9,111,9.815950920245399e-05
9,112,0.0027484662576687116
9,118,0.00832719836400818
9,119,0.0005398773006134969
9,124,0.0025685071574642125
9,125,0.0020940695296523515
9,126,0.0032065439672801636
9,127,0.0018159509202453987
9,128,0.0009161554192229039
9,129,0.0011615541922290389
9,130,0.00013087934560327197
9,131,0.00045807770961145194
10,10,0.9223348945129549
10,11,0.00025780947879517035
10,12,0.00012890473939758518
10,13,0.00015038886263051606
10,14,0.00034374597172689384
10,15,0.0003652300949598247
10,16,0.00017187298586344692
10,17,0.00010742061616465432
10,18,0.00012890473939758518
10,19,0.00034374597172689384
10,20,0.0003652300949598247
10,21,0.000794912559618442
10,22,0.0005800713272891333
10,23,0.0002363253555622395
10,24,0.000945301422248958
10,25,0.000472650711124479
10,26,0.0007089760666867185
10,27,0.000644523696987926
10,28,0.0004941348343574099
10,29,0.00038671421819275555
10,30,0.0006874919434537877
10,31,0.0004081983414256864
10,32,0.0008378808060843037
10,33,0.000472650711124479
10,34,0.0009882696687148198
10,35,0.0012245950242770593
10,36,0.000644523696987926
10,37,0.000945301422248958
10,38,0.00124607914750999
10,39,0.0003652300949598247
10,40,0.00010742061616465432
10,41,0.0009667855454818889
10,42,0.00124607914750999
10,43,0.001289047393975852
10,44,0.0015468568727710222
10,45,0.0002363253555622395
10,46,0.001095690284879474
10,47,0.0013105315172087827
10,48,0.00034374597172689384
10,49,0.001289047393975852
10,50,0.002513642418252911
10,51,0.0023202853091565333
10,52,0.001417952133373437
10,53,0.0011816267778111975
10,55,0.002212864692991879
10,56,0.00017187298586344692
10,57,0.0017402139818673999
10,58,0.00012890473939758518
10,59,0.0013105315172087827
10,61,0.003609332703132385
10,62,0.00012890473939758518
10,63,0.002685515404116358
10,64,0.0015038886263051604
10,65,0.00012890473939758518
10,66,0.00019335710909637778
10,67,0.00021484123232930864
10,68,0.00012890473939758518
10,69,0.00017187298586344692
10,70,0.00012890473939758518
10,71,0.00017187298586344692
10,72,0.0023847376788553257
10,73,0.00017187298586344692
10,75,0.000322261848493963
10,76,0.00038671421819275555
10,77,0.001439436256606368
10,79,0.00021484123232930864
10,80,0.00012890473939758518
10,81,0.003996046921325141
10,82,0.00015038886263051606
10,83,0.0002792936020281012
10,84,0.00045116658789154813
10,85,0.004103467537489795
10,86,0.00010742061616465432
10,88,0.00038671421819275555
10,89,0.0006874919434537877
10,90,0.0004941348343574099
10,91,0.00010742061616465432
10,92,0.003308554977871353
10,97,0.00025780947879517035
10,98,0.00010742061616465432
10,99,0.00042968246465861727
10,100,0.00019335710909637778
10,102,0.0022988011859236025
10,104,0.00017187298586344692
10,105,0.000322261848493963
10,106,0.000322261848493963
10,107,0.00034374597172689384
10,108,0.00034374597172689384
10,109,0.00015038886263051606
10,110,0.00038671421819275555
10,112,0.0010742061616465432
10,113,0.0007089760666867185
10,114,0.0006660078202208568
10,115,0.00010742061616465432
10,117,0.00015038886263051606
10,118,0.00021484123232930864
10,119,0.00025780947879517035
10,120,0.0005585872040562024
10,121,0.0002363253555622395
10,122,0.0002363253555622395
10,123,0.00019335710909637778
10,124,0.00017187298586344692
10,125,0.00015038886263051606
10,127,0.000322261848493963
10,128,0.00010742061616465432
10,131,0.00021484123232930864
11,11,0.9189692591752777
11,12,8.098215153380195e-05
11,13,0.0003077321758284474
11,14,0.00027533931521492663
11,15,0.0005020893395095721
11,16,8.098215153380195e-05
11,17,8.098215153380195e-05
11,19,0.00027533931521492663
11,20,0.000291535745521687
11,21,0.00011337501214732273
11,22,0.00038871432736224936
11,23,0.0001619643030676039
11,24,0.000291535745521687
11,25,0.00011337501214732273
11,26,0.0011985358427002689
11,27,0.0006154643516568948
11,28,0.0004535000485892909
11,29,8.098215153380195e-05
11,30,0.0001457678727608435
11,31,0.00024294645460140585
11,32,0.0007450357941109779
11,33,0.00019435716368112468
11,34,0.0005992679213501344
11,35,0.0008584108062583007
11,36,0.0003077321758284474
11,37,0.0011337501214732273
11,38,0.0017330180428233616
11,39,0.0003563214667487286
11,40,9.717858184056234e-05
11,41,0.0006154643516568948
11,42,0.0009717858184056234
11,43,0.0003563214667487286
11,44,0.0031906967704317967
11,45,0.0004696964788960513
11,46,0.000583071491043374
11,47,0.0028019824430695474
11,48,0.0011175536911664668
11,49,0.004389232613132066
11,50,0.0014414822973016746
11,51,0.0015224644488354767
11,52,0.0003077321758284474
11,53,0.000664053642577176
11,55,0.0025590359884681414
11,56,0.00019435716368112468
11,57,0.0014090894366881538
11,58,0.00021055359398788507
11,59,0.0014900715882219559
11,60,0.0001619643030676039
11,61,0.0017006251822098408
11,62,0.00021055359398788507
11,63,0.002316089533866736
11,64,0.0013443037154611123
11,66,0.00024294645460140585
11,67,0.0003239286061352078
11,68,0.0001619643030676039
11,69,9.717858184056234e-05
11,70,0.0001781607333743643
11,71,0.0001781607333743643
11,72,0.002283696673253215
11,73,0.0001781607333743643
11,74,0.00022675002429464546
11,75,0.0001781607333743643
11,76,0.0006154643516568948
11,77,0.000955589388098863
11,79,0.00021055359398788507
11,80,9.717858184056234e-05
11,81,0.001538660879142237
11,84,0.00024294645460140585
11,85,0.0028505717339898286
11,86,0.00012957144245408312
11,88,0.00027533931521492663
11,89,0.00021055359398788507
11,90,0.0003401250364419682
11,92,0.001085160830552946
11,99,0.00012957144245408312
11,107,0.008891840238411454
11,108,0.0005506786304298533
11,109,0.0006802500728839364
11,110,0.0004696964788960513
11,111,0.00011337501214732273
11,112,0.0025104466975478606
11,117,0.003158303909818276
11,118,0.0012957144245408312
11,119,0.00019435716368112468
11,120,0.0015548573094489974
11,123,0.0032554824916588383
11,126,0.0004858929092028117
11,128,0.0018787859155842052
11,129,0.0004858929092028117
11,130,0.00027533931521492663
11,131,0.00024294645460140585
12,12,0.9342979611276166
12,13,0.00015875535799333228
12,14,0.00024947270541809355
12,16,0.00034019005284285486
12,17,0.00013607602113714195
12,18,0.00022679336856190325
12,19,0.00015875535799333228
12,20,0.00013607602113714195
12,21,0.0002948313791304742
12,22,0.0001814346948495226
12,23,0.00040822806341142586
12,24,0.00031751071598666456
12,25,0.0007257387793980904
12,26,0.0005443040845485678
12,27,0.0003628693896990452
12,28,0.0004762660739799968
12,29,0.0002948313791304742
12,30,0.00034019005284285486
12,31,0.0004535867371238065
12,32,0.00043090740026761616
12,33,0.000975211484816184
12,34,0.0003628693896990452
12,35,0.0005216247476923775
12,36,0.0010659288322409453
12,37,0.001814346948495226
12,38,0.0011339668428095163
12,39,0.00024947270541809355
12,41,0.0012700428639466582
12,42,0.0004989454108361871
12,43,0.0010886081690971356
12,44,0.00011339668428095163
12,46,0.0016782709273580841
12,47,0.0002721520422742839
12,49,0.001746308937926655
12,50,0.0012020048533780872
12,51,0.0010886081690971356
12,52,0.002154537001338081
12,53,0.004331753339532352
12,54,0.00022679336856190325
12,55,0.00034019005284285486
12,57,0.0009978908216723742
12,58,0.00015875535799333228
12,59,0.003742090581271404
12,61,0.0012246841902342775
12,63,0.001315401537659039
12,64,0.0012927222008028486
12,69,0.00015875535799333228
12,70,0.00013607602113714195
12,71,0.0001814346948495226
12,72,0.0019277436327761776
12,75,0.00011339668428095163
12,76,0.00024947270541809355
12,77,0.0049894541083618715
12,78,0.0001814346948495226
12,79,0.0007937767899666614
12,80,0.0007030594425419001
12,81,0.0016555915905018938
12,83,0.00020411403170571293
12,84,0.00013607602113714195
12,85,0.0017689882747828453
12,89,0.0002948313791304742
12,90,0.00020411403170571293
12,92,0.00900369673190756
12,95,0.00022679336856190325
12,96,0.00013607602113714195
12,97,0.00011339668428095163
12,98,0.00020411403170571293
12,99,0.0027668790964552195
12,100,0.0004535867371238065
12,101,0.00015875535799333228
12,102,0.0004535867371238065
12,112,0.00011339668428095163
13,13,0.9182082987711955
13,14,0.0002700669380196377
13,15,0.0002700669380196377
13,16,0.0005401338760392755
13,18,0.0002700669380196377
13,19,0.0002314859468739752
13,20,0.0005787148671849379
13,21,0.0003858099114566253
13,22,0.0007330388317675881
13,23,0.00021219545130114393
13,24,0.00042439090260228785
13,25,0.0001736144601554814
13,26,0.0009066532919230695
13,27,0.0006365863539034318
13,28,0.00030864792916530026
13,29,0.00040510040702945656
13,30,0.00036651941588379403
13,31,0.00273925037134204
13,32,0.0012538822122340322
13,33,0.00015432396458265013
13,34,0.0012731727078068636
13,35,0.0013503346900981886
13,36,0.0007330388317675881
13,37,0.0006365863539034318
13,38,0.0008487818052045757
13,39,0.0007909103184860819
13,40,0.00025077644244680643
13,41,0.0011574297343698759
13,42,0.0015818206369721639
13,43,0.0006944578406219256
13,44,0.001967630548428789
13,45,0.00028935743359246896
13,46,0.0006365863539034318
13,47,0.0010416867609328883
13,48,0.0002314859468739752
13,49,0.002160535504157102
13,50,0.0029321553270703522
13,51,0.0022184069908755956
13,52,0.0011960107255155384
13,53,0.000868072300777407
13,55,0.0024498929377495707
13,56,0.0001736144601554814
13,57,0.0022762784775940893
13,58,0.0003279384247381315
13,59,0.0016589826192634888
13,60,0.0001157429734369876
13,61,0.003626613167692278
13,62,9.645247786415633e-05
13,63,0.004378942495032697
13,64,0.0009066532919230695
13,65,0.00021219545130114393
13,66,0.0004436813981751191
13,68,0.0001157429734369876
13,69,0.00021219545130114393
13,70,0.00013503346900981886
13,71,0.00021219545130114393
13,72,0.002758540866914871
13,73,0.0001157429734369876
13,74,0.0002314859468739752
13,75,0.00021219545130114393
13,76,0.0005787148671849379
13,77,0.0012731727078068636
13,81,0.004243909026022879
13,83,0.00013503346900981886
13,84,0.0006751673450490943
13,85,0.005034819344508961
13,86,0.00013503346900981886
13,88,0.00028935743359246896
13,89,0.0005980053627577692
13,90,0.00042439090260228785
13,92,0.0025849264067593896
13,97,0.00013503346900981886
13,100,0.0001157429734369876
13,102,0.0025077644244680644
13,103,0.00013503346900981886
13,104,0.00028935743359246896
13,105,0.00036651941588379403
13,106,0.0003279384247381315
13,107,0.0006365863539034318
13,108,0.0006365863539034318
13,109,0.00036651941588379403
13,110,0.00021219545130114393
13,112,0.0007909103184860819
13,113,0.0010031057697872257
13,114,0.0005594243716121067
13,115,0.00015432396458265013
13,116,9.645247786415633e-05
13,117,0.0003858099114566253
13,118,0.0005401338760392755
13,119,9.645247786415633e-05
13,120,0.0003858099114566253
13,122,0.00015432396458265013
13,123,0.0001736144601554814
13,124,9.645247786415633e-05
13,125,0.00013503346900981886
13,126,9.645247786415633e-05
13,127,0.00013503346900981886
13,129,0.00013503346900981886
14,14,0.9274224040147114
14,15,0.00022342144158388617
14,16,0.0004296566184305503
14,18,0.0001374901178977761
14,19,0.0002577939710583302
14,20,0.0002577939710583302
14,21,0.00020623517684666414
14,22,0.00034372529474444025
14,23,0.00037809782421888426
14,24,0.0003952840889561063
14,25,0.0003952840889561063
14,26,0.0006187055305399925
14,27,0.00037809782421888426
14,28,0.0006702643247516585
14,29,0.00018904891210944213
14,30,0.0002577939710583302
14,31,0.0004640291479049943
14,32,0.0006358917952772145
14,33,0.0008077544426494346
14,34,0.0007905681779122126
14,35,0.0008421269721238786
14,36,0.0006530780600144364
14,37,0.0012030385316055409
14,38,0.0012545973258172069
14,39,0.0003265390300072182
14,40,0.00022342144158388617
14,41,0.0008764995015983226
14,42,0.0008077544426494346
14,43,0.0011686660021310968
14,44,0.001426459973189427
14,45,0.00015467638263499812
14,46,0.0009108720310727666
14,47,0.0012030385316055409
14,48,0.00037809782421888426
14,49,0.0017014402089849793
14,50,0.001649881414773313
14,51,0.001478018767401093
14,52,0.0007905681779122126
14,53,0.0022685869453133055
14,54,0.0002749802357955522
14,55,0.0015811363558244252
14,56,0.00024060770632110818
14,57,0.0020795380332038634
14,58,0.00018904891210944213
14,59,0.0025263809163716356
14,60,8.593132368611006e-05
14,61,0.003093527652699962
14,62,0.0002577939710583302
14,63,0.0020451655037294196
14,64,0.0013061561200288728
14,65,0.00010311758842333207
14,66,0.0001374901178977761
14,67,0.0002921665005327742
14,68,0.00012030385316055409
14,69,0.00017186264737222012
14,70,0.0003952840889561063
14,71,0.00037809782421888426
14,72,0.0020451655037294196
14,73,0.00012030385316055409
14,74,0.0001374901178977761
14,75,0.0001374901178977761
14,76,0.0005155879421166604
14,77,0.0027326160932183
14,78,0.00015467638263499812
14,79,0.0005843330010655484
14,80,0.0003952840889561063
14,81,0.0020279792389921976
14,82,8.593132368611006e-05
14,84,0.0003265390300072182
14,85,0.004004399683772729
14,86,0.0002577939710583302
14,87,0.00012030385316055409
14,88,0.00017186264737222012
14,89,0.0003952840889561063
14,90,0.00024060770632110818
14,91,8.593132368611006e-05
14,92,0.003832537036400509
14,96,0.00012030385316055409
14,97,0.00012030385316055409
14,98,8.593132368611006e-05
14,99,0.0010483621489705427
14,100,0.00022342144158388617
14,102,0.0019592341800433095
14,103,0.00015467638263499812
14,104,0.0001374901178977761
14,105,0.0002577939710583302
14,106,0.0004984016773794383
14,107,0.00024060770632110818
14,108,0.0003265390300072182
14,109,0.0002577939710583302
14,110,0.0002577939710583302
14,111,8.593132368611006e-05
14,112,0.001185852266868319
14,113,0.0006015192658027704
14,114,0.0006187055305399925
14,116,0.00012030385316055409
14,117,0.00010311758842333207
14,118,0.0005671467363283264
14,119,0.0003265390300072182
14,120,0.00030935276526999623
14,121,0.00015467638263499812
14,122,0.0002921665005327742
14,123,0.00018904891210944213
14,124,0.00018904891210944213
14,125,0.0001374901178977761
14,126,0.00017186264737222012
14,127,0.00018904891210944213
14,129,0.0002577939710583302
15,15,0.8773876067350228
15,16,0.00013716950721854532
15,17,0.00010287713041390899
15,18,8.573094201159082e-05
15,19,0.00102877130413909
15,20,0.0006858475360927266
15,21,0.0002571928260347725
15,22,0.0007201399128973629
15,23,0.0002571928260347725
15,24,0.0006001165940811358
15,25,0.00017146188402318165
15,26,0.0010973560577483626
15,27,0.0003943623332533178
15,28,0.0006001165940811358
15,29,0.0001886080724254998
15,30,0.00020575426082781797
15,31,0.0005829704056788176
15,32,0.000943040362127499
15,33,0.0002571928260347725
15,34,0.0012688179417715442
15,35,0.0008916017969205445
15,36,0.0004972394636672268
15,37,0.0012345255649669079
15,38,0.00084016323171359
15,39,0.0005658242172764995
15,40,0.0002914852028394088
15,41,0.00046294708686259043
15,42,0.0015431569562086348
15,43,0.0006172627824834539
15,45,0.025342066458626248
15,46,0.0005658242172764995
15,47,0.0025204896951407704
15,48,0.0007887246665066356
15,49,0.0019032269126573163
15,50,0.002383320187922225
15,51,0.0019203731010596344
15,52,0.0005315318404718631
15,53,0.0007544322897019992
15,54,0.00010287713041390899
15,55,0.0038921847673262233
15,56,0.0003772161448509996
15,57,0.00270909776756627
15,58,0.0002571928260347725
15,59,0.0020403964198758614
15,60,0.0003429237680463633
15,61,0.0025204896951407704
15,62,0.00013716950721854532
15,63,0.003429237680463633
15,64,0.0007887246665066356
15,65,0.00013716950721854532
15,66,0.0002914852028394088
15,67,0.00017146188402318165
15,70,0.00017146188402318165
15,71,0.0001886080724254998
15,72,0.0029319982167964062
15,73,0.0001886080724254998
15,74,0.0002400466376324543
15,75,0.00032577757964404513
15,76,0.0006858475360927266
15,77,0.0010116251157367717
15,79,0.0002571928260347725
15,80,0.00010287713041390899
15,81,0.002623366825554679
15,82,0.00010287713041390899
15,83,0.00012002331881622715
15,84,0.0003429237680463633
15,85,0.005126710332293131
15,86,0.0002571928260347725
15,87,0.00015431569562086349
15,88,0.00032577757964404513
15,89,0.0006858475360927266
15,90,0.00041150852165563594
15,92,0.0018517883474503617
15,98,0.00010287713041390899
15,99,0.00020575426082781797
15,102,0.005795411679983539
15,103,0.0011830869997599533
15,104,0.0004800932752649086
15,105,0.00084016323171359
15,106,0.0003943623332533178
15,107,0.0009944789273344536
15,108,0.0008744556085182264
15,109,0.0008573094201159082
15,110,0.0007029937244950448
15,111,0.00013716950721854532
15,112,0.0058639964335928125
15,113,0.0019889578546689072
15,114,0.0021089811734851345
15,115,0.00022290044923013613
15,116,0.0003429237680463633
15,117,0.0004972394636672268
15,118,0.001148794622955317
15,119,0.0006515551592880903
15,120,0.001783203593841089
15,121,0.0007201399128973629
15,122,0.0007201399128973629
15,123,0.0007029937244950448
15,124,0.0006515551592880903
15,125,0.0005658242172764995
15,126,0.0007715784781043174
15,127,0.0004800932752649086
15,128,0.0003429237680463633
15,129,0.0011659408113576352
15,131,0.00030863139124172697
16,16,0.9254706465196928
16,17,7.740896705474362e-05
16,18,0.00010837255387664107
16,19,0.00024770869457517957
16,20,0.0001857815209313847
16,21,0.00012385434728758978
16,22,0.0005263809759722566
16,23,0.0003251176616299232
16,24,0.00035608124845182065
16,25,0.0006502353232598464
16,26,0.0005263809759722566
16,27,0.0003251176616299232
16,28,0.0004954173891503591
16,29,0.00017029972752043596
16,30,0.00047993559573941046
16,31,0.00400978449343572
16,32,0.00047993559573941046
16,33,0.0009908347783007183
16,34,0.0005263809759722566
16,35,0.0008205350507802824
16,36,0.0007586078771364875
16,37,0.0015791429279167699
16,38,0.0008669804310131286
16,39,0.0002631904879861283
16,40,0.00017029972752043596
16,41,0.00072764429031459
16,42,0.000557344562794154
16,43,0.0009753529848897696
16,44,0.00072764429031459
16,45,0.00020126331434233341
16,46,0.001904260589546693
16,47,0.00046445380232846173
16,48,0.00015481793410948723
16,49,0.001408843200396334
16,50,0.001408843200396334
16,51,0.0015946247213277187
16,52,0.0013314342333415902
16,53,0.0040717116670795145
16,54,0.0005108991825613079
16,55,0.0009289076046569235
16,56,0.00010837255387664107
16,57,0.0012540252662868467
16,58,0.00017029972752043596
16,59,0.003978820906613822
16,60,7.740896705474362e-05
16,61,0.001517215754272975
16,63,0.0017029972752043597
16,64,0.0009289076046569235
16,65,7.740896705474362e-05
16,66,7.740896705474362e-05
16,67,9.289076046569234e-05
16,69,0.00010837255387664107
16,71,0.00020126331434233341
16,72,0.0019197423829576418
16,73,7.740896705474362e-05
16,75,0.00010837255387664107
16,76,0.00029415407480802574
16,77,0.003607257864751053
16,78,0.0001393361406985385
16,79,0.0007895714639583849
16,80,0.0007586078771364875
16,81,0.0017339608620262571
16,84,0.0003405994550408719
16,85,0.0024461233589298985
16,88,9.289076046569234e-05
16,89,0.0003405994550408719
16,90,0.0001857815209313847
16,99,0.014351622491949467
16,101,0.0006811989100817438
16,102,0.0012075798860540004
16,104,9.289076046569234e-05
16,105,0.00020126331434233341
16,106,0.00012385434728758978
16,107,0.00010837255387664107
16,108,0.00017029972752043596
16,109,0.00010837255387664107
16,110,0.00015481793410948723
16,112,0.00041800842209561555
16,113,0.00035608124845182065
16,114,0.00020126331434233341
16,117,9.289076046569234e-05
16,118,0.00030963586821897447
16,120,0.00010837255387664107
17,17,0.9380719301979145
17,18,0.00028374831524437824
17,19,0.00021281123643328368
17,20,0.00028374831524437824
17,21,0.0001773426970277364
17,22,0.00015960842732496276
17,23,0.00014187415762218912
17,24,0.0003546853940554728
17,25,0.00012413988791941548
17,26,0.001915301127899553
17,27,0.005284812371426545
17,28,0.0003724196637582464
17,29,0.0001773426970277364
17,30,0.0005674966304887565
17,31,0.0005142938213804355
17,32,0.0012059303397886074
17,33,0.00023054550613605732
17,34,0.0003724196637582464
17,35,0.0009576505639497765
17,36,0.0004078882031637937
17,37,0.0009753848336525502
17,38,0.0012591331488969284
17,39,0.00033695112435269914
17,41,0.003209902816202029
17,42,0.0012413988791941549
17,43,0.00046109101227211465
17,44,0.00047882528197488826
17,45,8.86713485138682e-05
17,46,0.0007448393275164928
17,47,0.0009931191033553239
17,48,0.00015960842732496276
17,49,0.0016670213520607222
17,50,0.0009753848336525502
17,51,0.0013655387671135703
17,52,0.0003901539334610201
17,53,0.000443356742569341
17,55,0.001330070227708023
17,56,0.00015960842732496276
17,57,0.0009044477548414557
17,58,0.00024827977583883096
17,59,0.0008157764063275874
17,61,0.0015074129247357594
17,63,0.0013655387671135703
17,64,0.0072355820387316454
17,65,0.00019507696673051004
17,66,0.00014187415762218912
17,67,0.0008335106760303611
17,68,0.00030148258494715186
17,69,0.000638433709299851
17,70,0.00033695112435269914
17,71,0.0013478044974107966
17,72,0.0021813151734411578
17,73,0.00012413988791941548
17,74,0.00012413988791941548
17,75,0.0001773426970277364
17,76,0.0002660140455416046
17,77,0.000638433709299851
17,79,0.00010640561821664184
17,81,0.0020217067461161947
17,82,0.00010640561821664184
17,83,0.00012413988791941548
17,84,0.0003192168546499255
17,85,0.0014187415762218912
17,89,0.00019507696673051004
17,90,0.00024827977583883096
17,92,0.0017024898914662695
17,94,8.86713485138682e-05
17,98,8.86713485138682e-05
17,102,0.0021103780946300633
17,104,8.86713485138682e-05
17,105,0.00010640561821664184
17,106,0.00021281123643328368
17,107,0.00012413988791941548
17,108,0.0001773426970277364
17,110,8.86713485138682e-05
17,112,0.000638433709299851
17,113,0.0007448393275164928
17,114,0.0001773426970277364
17,118,0.00015960842732496276
17,119,0.00010640561821664184
17,120,0.00028374831524437824
18,18,0.9450466929816116
18,19,0.0002695677288918841
18,20,0.00042360643111581783
18,21,0.00040435159333782614
18,22,0.0003273322422258593
18,23,0.0006161548088957351
18,24,0.00030807740444786753
18,25,0.00040435159333782614
18,26,0.00046211610667180127
18,27,0.000750938673341677
18,28,0.0002888225666698758
18,29,0.0010012515644555694
18,30,0.0004428612688938096
18,31,0.00034658708000385096
18,32,0.0007701935111196688
18,34,0.0006931741600077019
18,35,0.0010590160777895446
18,36,0.0007316838355636854
18,37,0.00034658708000385096
18,38,0.0010397612400115529
18,39,0.0005198806200057764
18,40,0.0001925483777799172
18,41,0.0014826225089053626
18,42,0.0010590160777895446
18,43,0.0008087031866756523
18,44,0.00034658708000385096
18,46,0.0010782709155675364
18,47,0.0002695677288918841
18,49,0.0012130547800134784
18,50,0.001655916048907288
18,51,0.002406854722248965
18,52,0.0016174063733513046
18,53,0.0007894483488976605
18,55,0.0005391354577837682
18,57,0.0008664677000096274
18,58,0.00015403870222393376
18,59,0.0006931741600077019
18,61,0.0017329354000192548
18,63,0.0022913256955810145
18,64,0.0023105805333590063
18,67,0.0001925483777799172
18,69,0.00021180321555790892
18,70,9.62741888899586e-05
18,71,0.0004428612688938096
18,72,0.0018292095889092135
18,75,0.00021180321555790892
18,76,0.00025031289111389235
18,77,0.0015403870222393376
18,81,0.00616154808895735
18,83,0.0003850967555598344
18,84,0.0005006257822277847
18,85,0.0024646192355829402
18,89,0.00040435159333782614
18,90,0.00013478386444594205
18,92,0.003908732068932319
18,97,0.0002888225666698758
18,99,0.00013478386444594205
18,100,0.0001925483777799172
18,102,0.0005968999711177433
18,108,9.62741888899586e-05
18,109,0.00011552902666795032
18,112,0.00021180321555790892
18,113,0.00015403870222393376
19,19,0.9442035270309338
19,20,0.00025508902607009846
19,21,0.00032311276635545806
19,22,0.0007312552080676156
19,23,0.00020407122085607876
19,24,0.00037413057156947775
19,25,0.0004591602469261772
19,26,0.0005101780521401969
19,27,0.0006292195976395763
19,28,0.0002891008962127783
19,29,0.00023808309099875857
19,30,0.00042514837678349744
19,31,0.0005611958573542166
19,32,0.0005271839872115368
19,33,0.00020407122085607876
19,34,0.00047616618199751714
19,35,0.0006292195976395763
19,36,0.000493172117068857
19,37,0.0005611958573542166
19,38,0.0007142492729962757
19,39,0.00032311276635545806
19,40,0.00020407122085607876
19,41,0.0009183204938523544
19,42,0.0007992789483529752
19,43,0.0007652670782102954
19,44,0.0014625104161352313
19,45,0.0016325697668486301
19,46,0.0016155638317772903
19,47,0.0007822730132816353
19,49,0.002023706273489448
19,50,0.0015815519616346105
19,51,0.001360474805707192
19,52,0.0016155638317772903
19,53,0.001139397649779773
19,54,8.50296753566995e-05
19,55,0.0010373620393517337
19,56,0.00013604748057071919
19,57,0.0013774807407785318
19,58,0.00027209496114143837
19,59,0.001819635052633369
19,61,0.0020747240787034674
19,63,0.002006700338418108
19,64,0.0007652670782102954
19,66,0.000170059350713399
19,67,0.00010203561042803938
19,69,8.50296753566995e-05
19,70,8.50296753566995e-05
19,71,0.00022107715592741868
19,72,0.0016325697668486301
19,75,0.00020407122085607876
19,76,0.00035712463649813784
19,77,0.0018876587929187287
19,79,0.00020407122085607876
19,81,0.0029420267673418024
19,82,0.00011904154549937928
19,84,0.00030610683128411815
19,85,0.0026019080659150044
19,88,0.00010203561042803938
19,89,0.00032311276635545806
19,90,0.000170059350713399
19,92,0.0037413057156947776
19,93,8.50296753566995e-05
19,94,0.00011904154549937928
19,96,0.00011904154549937928
19,97,0.00018706528578473888
19,98,0.00010203561042803938
19,99,0.0010713739094944136
19,100,0.00022107715592741868
19,102,0.0009523323639950343
19,103,8.50296753566995e-05
19,104,8.50296753566995e-05
19,105,8.50296753566995e-05
19,106,0.00010203561042803938
19,107,0.00015305341564205907
19,108,0.000170059350713399
19,110,0.00018706528578473888
19,112,0.000340118701426798
19,113,0.00013604748057071919
19,114,0.00022107715592741868
19,116,8.50296753566995e-05
19,118,0.00013604748057071919
19,120,0.00030610683128411815
19,122,8.50296753566995e-05
19,125,8.50296753566995e-05
20,20,0.9020881558057519
20,21,0.0008604704713196708
20,22,0.000763516052016046
20,23,0.000218147443433156
20,24,0.0007392774471901397
20,25,0.0002302667458461091
20,26,0.0008483511689067177
20,27,0.0005090107013440307
20,28,0.00039993697962745266
20,29,0.00042417558445335886
20,30,0.00041205628204040573
20,31,0.0005211300037569837
20,32,0.0013816004750766546
20,33,0.00020602814102020287
20,34,0.001102856519578733
20,35,0.0012482881485341704
20,36,0.0005817265158217493
20,37,0.0008604704713196708
20,38,0.0010059021002751082
20,39,0.0003514597699756402
20,40,0.000327221165149734
20,41,0.0006908002375383273
20,42,0.0013452425678377952
20,43,0.0007998739592549053
20,44,0.002205713039157466
20,45,0.00042417558445335886
20,46,0.000654442330299468
20,47,0.0009937827978621552
20,48,0.00029086325791087466
20,49,0.0018057760595300136
20,50,0.002629888623610825
20,51,0.005502163295480712
20,52,0.0008968283785585301
20,53,0.0007392774471901397
20,56,0.01243440427568989
20,57,0.0025814114139590125
20,58,0.00033934046756268707
20,59,0.0031025414177159962
20,60,0.00039993697962745266
20,61,0.0031994958370196213
20,62,0.00016967023378134353
20,63,0.0031388993249548557
20,64,0.00109073721716578
20,65,0.00014543162895543733
20,66,0.00029086325791087466
20,67,0.00019390883860724976
20,68,0.000218147443433156
20,69,0.00016967023378134353
20,70,0.00016967023378134353
20,71,0.0002423860482590622
20,72,0.003175257232193715
20,73,0.0002666246530849684
20,74,0.0004847720965181244
20,75,0.0005211300037569837
20,76,0.0008241125640808115
20,77,0.000872589773732624
20,79,0.00018178953619429666
20,81,0.005284015852047556
20,82,0.00018178953619429666
20,83,0.00029086325791087466
20,84,0.0008362318664937646
20,85,0.005429447481002993
20,86,0.0002302667458461091
20,87,9.695441930362488e-05
20,88,0.0003756983748015464
20,89,0.0006423230278865148
20,90,0.0004968913989310776
20,91,7.271581447771867e-05
20,92,0.0024602183898294813
20,93,0.0001333123265424842
20,97,0.000109073721716578
20,98,0.000109073721716578
20,99,0.00030298256032382774
20,100,0.0001211930241295311
20,102,0.0033328081635621053
20,103,0.00016967023378134353
20,104,0.00027874395549792153
20,105,0.0004847720965181244
20,106,0.0003635790723885933
20,107,0.00029086325791087466
20,108,0.0005817265158217493
20,109,0.001514912801619139
20,110,0.0003756983748015464
20,111,9.695441930362488e-05
20,112,0.0011392144268175923
20,113,0.0012482881485341704
20,114,0.0007392774471901397
20,115,0.00019390883860724976
20,116,0.00016967023378134353
20,117,0.00031510186273678086
20,118,0.0006059651206476555
20,119,0.00018178953619429666
20,120,0.0005211300037569837
20,121,0.00016967023378134353
20,122,0.0003635790723885933
20,123,0.00019390883860724976
20,124,0.00016967023378134353
20,125,0.00014543162895543733
20,126,0.000109073721716578
20,127,8.483511689067177e-05
20,128,0.000109073721716578
20,129,0.00030298256032382774
20,131,9.695441930362488e-05
21,21,0.9293796633162731
21,22,0.0007862119997533453
21,23,0.00038539803909477707
21,24,0.0005087254116051057
21,25,0.00015415921563791083
21,26,0.000554973176296479
21,27,0.0007862119997533453
21,28,0.0002929025097120306
21,29,0.0007553801566257631
21,30,0.0005395572547326879
21,31,0.0006012209409878523
21,32,0.0015107603132515262
21,33,9.24955293827465e-05
21,34,0.0010328667447740026
21,35,0.0011716100388481224
21,36,0.0008632916075723007
21,37,0.0003545661959671949
21,38,0.0013874329407411975
21,39,0.0004933094900413146
21,40,0.00015415921563791083
21,41,0.0011561941172843313
21,42,0.0015415921563791083
21,43,0.0013566010976136154
21,44,0.0008941234506998828
21,45,0.00010791145094653759
21,46,0.0008787075291360918
21,47,0.0003545661959671949
21,49,0.0012641055682308688
21,50,0.0026823703520996484
21,51,0.004455201331935623
21,52,0.0014028488623049886
21,53,0.000554973176296479
21,55,0.0018807424307825122
21,56,0.0006320527841154344
21,57,0.00127952148979466
21,58,0.00023123882345686626
21,59,0.00057038909786027
21,61,0.0036998211753098602
21,62,0.00012332737251032866
21,63,0.0030677683911944256
21,64,0.0013874329407411975
21,65,7.707960781895542e-05
21,66,0.00015415921563791083
21,68,9.24955293827465e-05
21,69,0.00023123882345686626
21,70,0.00010791145094653759
21,71,0.0003237343528396127
21,72,0.0023123882345686625
21,75,0.00026207066658444844
21,76,0.0006166368625516433
21,77,0.0012178578035394955
21,79,0.00012332737251032866
21,81,0.007152987605599063
21,82,0.00021582290189307518
21,83,0.00038539803909477707
21,84,0.0014028488623049886
21,85,0.0039773077634581
21,86,9.24955293827465e-05
21,88,9.24955293827465e-05
21,89,0.0004008139606585682
21,90,0.00041622988222235924
21,92,0.003160263920577172
21,97,9.24955293827465e-05
21,98,7.707960781895542e-05
21,99,7.707960781895542e-05
21,100,0.00012332737251032866
21,102,0.0017419991367083924
21,104,0.00023123882345686626
21,105,0.00016957513720170192
21,106,0.00026207066658444844
21,108,0.0002466547450206573
21,109,0.00033915027440340384
21,110,0.0003237343528396127
21,112,0.0002004069803292841
21,113,0.00033915027440340384
21,114,0.0002466547450206573
21,117,0.00013874329407411975
21,118,0.00012332737251032866
21,119,7.707960781895542e-05
21,120,0.00010791145094653759
21,122,9.24955293827465e-05
21,124,7.707960781895542e-05
22,22,0.9115268523264423
22,23,0.0002420411185147218
22,24,0.0004840822370294436
22,25,0.0003559428213451791
22,26,0.0006406970784213224
22,27,0.0004556068113218293
22,28,0.0004983199498832507
22,29,0.00027051654422233614
22,30,0.00034170510849137196
22,31,0.0005837462270060937
22,32,0.0010820661768893446
22,33,0.00038441824705279346
22,34,0.0011674924540121874
22,35,0.0010108776126203087
22,36,0.0006264593655675153
22,37,0.0010251153254741158
22,38,0.0009681644740588872
22,39,0.00041289367276040777
22,40,0.00021356569280710748
22,41,0.0008400250583746227
22,42,0.001210205592573609
22,43,0.0007261233555441654
22,44,0.004086223589042657
22,45,0.0008969759097898514
22,46,0.0011532547411583804
22,47,0.001110541602596959
22,48,0.00041289367276040777
22,49,0.0016088615524802096
22,50,0.002947206560738083
22,51,0.002676690016515747
22,52,0.0007973119198132012
22,53,0.0013241072954040664
22,54,8.542627712284299e-05
22,55,0.0029756819864456972
22,56,0.0003986559599066006
22,57,0.0021214192152172674
22,58,0.0004983199498832507
22,59,0.002690927729369554
22,60,0.00015661484139187882
22,61,0.003132296827837576
22,62,0.00014237712853807163
22,63,0.003801469331966513
22,64,0.0008542627712284299
22,65,7.118856426903582e-05
22,66,0.00022780340566091464
22,67,0.00011390170283045732
22,68,0.00014237712853807163
22,69,0.00011390170283045732
22,70,0.00014237712853807163
22,71,0.00017085255424568598
22,72,0.003032632837860926
22,73,0.00011390170283045732
22,74,0.00015661484139187882
22,75,0.00032746739563756477
22,76,0.00095392676120508
22,77,0.0023776980465857966
22,78,9.966398997665015e-05
22,79,0.0004983199498832507
22,80,0.00018509026709949314
22,81,0.004157412153311692
22,82,0.00017085255424568598
22,83,9.966398997665015e-05
22,84,0.0010251153254741158
22,85,0.005666609715815251
22,86,8.542627712284299e-05
22,88,0.00028475425707614327
22,89,0.0006549347912751295
22,90,0.0005837462270060937
22,91,0.00012813941568426448
22,92,0.004143174440457885
22,93,7.118856426903582e-05
22,94,8.542627712284299e-05
22,96,0.00012813941568426448
22,97,0.00021356569280710748
22,98,0.00012813941568426448
22,99,0.0015234352753573665
22,100,0.00015661484139187882
22,102,0.0028333048579076256
22,103,0.0002420411185147218
22,104,0.0002420411185147218
22,105,0.00041289367276040777
22,106,0.0002420411185147218
22,107,0.0003559428213451791
22,108,0.0005979839398599009
22,109,0.0006406970784213224
22,110,0.0004698445241756364
22,111,9.966398997665015e-05
22,112,0.0009396890483512728
22,113,0.001039353038327923
22,114,0.0009681644740588872
22,115,0.00014237712853807163
22,116,0.00018509026709949314
22,117,0.00037018053419898627
22,118,0.0006549347912751295
22,120,0.00042713138561421496
22,121,0.00018509026709949314
22,122,0.00028475425707614327
22,123,0.00021356569280710748
22,124,0.00025627883136852895
22,125,0.00017085255424568598
22,126,0.00011390170283045732
22,127,0.00014237712853807163
22,128,0.00011390170283045732
22,129,0.00032746739563756477
22,131,8.542627712284299e-05
23,23,0.9352839711237463
23,24,0.0002683191720436977
23,25,0.00035775889605826357
23,26,0.0005877467578100045
23,27,0.0004471986200728295
23,28,0.0005110841372260908
23,29,0.000945505653868268
23,30,0.0002172107583210886
23,31,0.00040886730978087265
23,32,0.0004855299303647863
23,33,0.0007921804127004408
23,34,0.000613300964671309
23,35,0.0007155177921165271
23,36,0.0007282948955471795
23,37,0.0009582827572989204
23,38,0.0058519133712387405
23,40,0.0026576375135756725
23,41,0.0009199514470069635
23,42,0.001086053791605443
23,43,0.0007027406886858749
23,44,0.0003960902063502204
23,45,7.666262058391362e-05
23,46,0.001456589791094359
23,47,0.0004983070337954386
23,48,0.00010221682744521816
23,49,0.0014310355842330543
23,50,0.0012138248259119658
23,51,0.0016354692391234906
23,52,0.0016610234459847953
23,53,0.003002619306203284
23,54,0.0002555420686130454
23,55,0.0009327285504376158
23,56,0.00020443365489043633
23,57,0.0012649332396345748
23,58,0.00010221682744521816
23,59,0.0024659809621158883
23,60,0.0004855299303647863
23,61,0.0016865776528460997
23,63,0.002069890755765668
23,64,0.001086053791605443
23,65,8.943972401456589e-05
23,66,0.00011499393087587043
23,69,0.000140548137737175
23,70,0.00010221682744521816
23,71,0.00020443365489043633
23,72,0.0017504631699993612
23,73,7.666262058391362e-05
23,74,8.943972401456589e-05
23,75,0.00015332524116782724
23,76,0.00017887944802913179
23,77,0.002913179582188718
23,78,0.00010221682744521816
23,79,0.0004344215166421772
23,80,0.0005749696543793522
23,81,0.004114227304670031
23,82,8.943972401456589e-05
23,83,0.0002172107583210886
23,84,0.00045997572350348173
23,85,0.0019548968248897973
23,86,6.388551715326135e-05
23,88,7.666262058391362e-05
23,89,0.00020443365489043633
23,90,0.00011499393087587043
23,92,0.00376924551204242
23,96,0.00010221682744521816
23,97,0.00010221682744521816
23,99,0.001316041653357184
23,100,0.0003066504823356545
23,101,6.388551715326135e-05
23,102,0.001034945377882834
23,104,7.666262058391362e-05
23,105,0.00010221682744521816
23,107,8.943972401456589e-05
23,108,0.00010221682744521816
23,109,8.943972401456589e-05
23,110,7.666262058391362e-05
23,112,0.00022998786175174087
23,113,0.00028109627547435
23,114,0.00010221682744521816
23,118,0.00017887944802913179
23,120,0.0002172107583210886
23,123,6.388551715326135e-05
23,126,7.666262058391362e-05
23,129,6.388551715326135e-05
23,131,8.943972401456589e-05
24,24,0.9098830943558899
24,25,0.00017448603598517896
24,26,0.0008005829886378799
24,27,0.0006055691837132682
24,28,0.00040029149431893994
24,29,0.0002360693428034774
24,30,0.0003900276098492235
24,31,0.0006979441439407158
24,32,0.0008929579488653276
24,33,0.00022580545833376098
24,34,0.001077707869320223
24,35,0.001005860678032208
24,36,0.0007082080284104322
24,37,0.0008826940643956112
24,38,0.001231666136365969
24,39,0.0005131942234858205
24,40,0.00018474992045489536
24,41,0.0008826940643956112
24,42,0.0014164160568208644
24,43,0.0010366523314413573
24,44,0.0031818041856120868
24,45,0.0004721386856069548
24,46,0.0011187634071990885
24,47,0.0015395826704574613
24,48,0.0003694998409097907
24,49,0.001683277053033491
24,50,0.0037360539469767726
24,51,0.00251465169508052
24,52,0.0012419300208356854
24,53,0.0006363608371224174
24,55,0.0024530683882622215
24,56,0.0002668609962126266
24,57,0.0020425130094735653
24,58,0.0003900276098492235
24,59,0.0015909020928060434
24,60,0.0001231666136365969
24,61,0.003089429225384639
24,62,8.211107575773127e-05
24,63,0.004095289903416847
24,64,0.001734596475382073
24,65,0.00021554157386404458
24,66,0.00025659711174291024
24,67,0.00017448603598517896
24,68,0.00015395826704574613
24,69,0.0001231666136365969
24,70,0.0002360693428034774
24,71,0.0003900276098492235
24,72,0.00240174896591364
24,73,0.00011290272916688049
24,74,0.00022580545833376098
24,75,0.0002360693428034774
24,76,0.0008108468731075963
24,77,0.0010366523314413573
24,79,0.0001334304981063133
24,81,0.002812304344702296
24,82,0.0001231666136365969
24,83,6.158330681829845e-05
24,84,0.00029765264962177584
24,90,0.01403073007010233
24,91,0.001703804821972924
24,92,0.0030791653409149226
24,93,5.1319422348582046e-05
24,96,5.1319422348582046e-05
24,97,0.00011290272916688049
24,98,9.237496022744768e-05
24,99,0.00022580545833376098
24,100,0.00015395826704574613
24,102,0.003407609643945848
24,103,0.00015395826704574613
24,104,0.00027712488068234304
24,105,0.0003592359564400743
24,106,0.0003387081875006415
24,107,0.0005439858768949697
24,108,0.0007184719128801486
24,109,0.0004926664545463876
24,110,0.000851902410986462
24,111,0.00016422215151546253
24,112,0.0013240410965934168
24,113,0.0010982356382596558
24,114,0.0009442773712139096
24,115,0.00021554157386404458
24,116,0.00017448603598517896
24,117,0.00032844430303092506
24,118,0.0004618748011372384
24,119,0.00018474992045489536
24,120,0.0006466247215921338
24,121,0.00014369438257602973
24,122,0.00030791653409149226
24,123,0.0002668609962126266
24,124,0.00027712488068234304
24,125,0.0002668609962126266
24,126,0.00016422215151546253
24,127,0.00018474992045489536
24,128,0.00019501380492461176
24,129,0.00025659711174291024
24,130,6.158330681829845e-05
24,131,0.00011290272916688049
25,25,0.9337684099126907
25,26,0.000655134617565167
25,27,0.00041575850730097137
25,28,0.0007307270734380709
25,29,0.00021417862497322766
25,30,0.0005291471911103272
25,31,0.00047875222052839127
25,32,0.0003275673087825835
25,33,0.0008567144998929107
25,34,0.0006173383896287151
25,35,0.0008567144998929107
25,36,0.0009953006689932345
25,37,0.0016378365439129175
25,38,0.001272473007193882
25,39,0.0002897710808461316
25,40,0.00015118491174580777
25,41,0.0008567144998929107
25,42,0.0005921409043377471
25,43,0.0010456956395751703
25,44,0.0008819119851838787
25,45,0.00010078994116387184
25,46,0.0020535950512138887
25,47,0.0005165484484648432
25,48,0.0001259874264548398
25,49,0.0015370466027490456
25,50,0.0013606642057122698
25,51,0.0015496453453945297
25,52,0.0022803724188326007
25,53,0.004006400161263906
25,54,0.0003149685661370995
25,55,0.0008819119851838787
25,56,0.00017638239703677574
25,57,0.0011590843233845263
25,59,0.0033890617716351907
25,60,7.559245587290388e-05
25,61,0.0014362566615851737
25,63,0.0016252378012674336
25,64,0.0010582943822206544
25,66,0.00015118491174580777
25,69,7.559245587290388e-05
25,71,0.0001259874264548398
25,72,0.0022803724188326007
25,75,0.0001259874264548398
25,76,0.00016378365439129175
25,77,0.0044851523817922975
25,78,0.00017638239703677574
25,79,0.0005291471911103272
25,80,0.0007181283307925869
25,81,0.001927607624759049
25,82,8.819119851838787e-05
25,83,0.00013858616910032378
25,84,0.00016378365439129175
25,85,0.002582742242324216
25,87,0.00011338868380935582
25,88,0.00015118491174580777
25,89,0.0003275673087825835
25,90,0.0002519748529096796
25,92,0.005845816587504567
25,93,6.29937132274199e-05
25,94,0.00011338868380935582
25,95,7.559245587290388e-05
25,96,0.00016378365439129175
25,97,0.0001259874264548398
25,98,0.00010078994116387184
25,99,0.003489851712799063
25,100,0.00037796227936451944
25,101,0.00017638239703677574
25,102,0.0008819119851838787
25,104,7.559245587290388e-05
25,105,0.0001259874264548398
25,106,0.00011338868380935582
25,107,0.00011338868380935582
25,108,7.559245587290388e-05
25,109,0.0001259874264548398
25,110,0.00015118491174580777
25,112,0.00020157988232774368
25,113,0.0002897710808461316
25,114,0.00020157988232774368
25,117,8.819119851838787e-05
25,118,0.00010078994116387184
25,119,8.819119851838787e-05
25,120,0.00016378365439129175
25,121,6.29937132274199e-05
25,122,0.00013858616910032378
25,123,8.819119851838787e-05
25,126,8.819119851838787e-05
25,127,0.00010078994116387184
25,129,6.29937132274199e-05
26,26,0.9162382312493388
26,27,0.0007475580944321027
26,28,0.0006840861807539053
26,29,0.00021862548044712437
26,30,0.00028914982897845483
26,31,0.0006135618322225748
26,32,0.0008321873126696992
26,33,0.0007757678338446348
26,34,0.0009450262703198279
26,35,0.0014880637540110723
26,36,0.0007475580944321027
26,37,0.0017137416693113296
26,38,0.0016502697556331322
26,39,0.00046546070030678094
26,40,0.0002538876547127896
26,41,0.0009873408794386263
26,42,0.001629112451073733
26,43,0.0008745019217884975
26,44,0.002045206107408583
26,45,0.0004584082654536479
26,46,0.0007757678338446348
26,47,0.0015726929722486688
26,48,0.0011565993159138193
26,49,0.0022920413272682393
26,50,0.0023484608060933038
26,51,0.0018900525406396558
26,52,0.0008815543566416305
26,53,0.0016643746253393985
26,54,0.00013399626220952785
26,55,0.0019887866285835183
26,56,0.0005007228745724461
26,57,0.0022003596741775096
26,58,0.00034556930780351916
26,59,0.0021792023696181107
26,60,0.00019746817588772524
26,61,0.0023273035015339044
26,62,0.00015515356676892698
26,66,0.003829472125251243
26,67,0.0019887866285835183
26,68,0.0001269438273563948
26,69,7.757678338446349e-05
26,70,0.00046546070030678094
26,71,0.00031030713353785396
26,72,0.0029620226383158784
26,73,0.00014810113191579392
26,74,9.873408794386262e-05
26,75,0.00032441200324412003
26,76,0.0008321873126696992
26,79,0.0029690750731690115
26,80,0.0003314644380972531
26,81,0.002383722980358969
26,82,8.462921823759652e-05
26,83,8.462921823759652e-05
26,84,0.0003526217426566522
26,86,0.003857681864663775
26,87,7.757678338446349e-05
26,88,0.0002256779153002574
26,89,0.0005994569625163088
26,90,0.0007122959201664375
26,91,0.0001269438273563948
26,92,0.00252477167742163
26,93,7.757678338446349e-05
26,94,6.34719136781974e-05
26,95,4.231460911879826e-05
26,96,7.757678338446349e-05
26,97,9.873408794386262e-05
26,98,9.873408794386262e-05
26,99,0.0009097640960541628
26,100,0.00013399626220952785
26,101,3.526217426566522e-05
26,113,0.0034274833386226593
26,115,0.00038083148206918436
26,116,0.00037377904721605135
26,117,0.001142494446207553
26,118,0.004435981522620685
26,120,0.0022638315878557073
26,122,0.0007405056595789696
26,123,0.00023273035015339047
26,125,0.0007828202686977679
26,126,0.001600902711661201
26,127,0.0003526217426566522
26,128,0.0002750449592721887
26,129,0.00035967417750978523
26,130,0.0001269438273563948
26,131,0.00020452061074085828
27,27,0.9190721099088838
27,28,0.0003648206150341686
27,29,0.0005071896355353076
27,30,0.00037371867881548976
27,31,0.0006851509111617312
27,32,0.0012279328018223235
27,33,0.00021355353075170843
27,34,0.0009965831435079728
27,35,0.0015126708428246014
27,36,0.0007830296127562642
27,37,0.0009520928246013668
27,38,0.0018952875854214124
27,39,0.0003648206150341686
27,40,0.00021355353075170843
27,41,0.007456577448747153
27,42,0.0016550398633257404
27,43,0.0008008257403189066
27,44,0.0011389521640091116
27,45,0.0002313496583143508
27,46,0.0009342966970387244
27,47,0.0012813211845102506
27,48,0.0002758399772209567
27,49,0.002989749430523918
27,50,0.0020910449886104784
27,51,0.001966472095671982
27,52,0.0009520928246013668
27,53,0.0008542141230068337
27,55,0.0012635250569476082
27,56,0.000338126423690205
27,57,0.0012279328018223235
27,58,0.00037371867881548976
27,59,0.0009253986332574032
27,60,8.008257403189066e-05
27,61,0.002562642369020501
27,62,0.00010677676537585422
27,65,0.003977434510250569
27,66,0.0006050683371298406
27,71,0.008969248291571754
27,72,0.0028651765375854216
27,73,4.4490318906605926e-05
27,74,8.898063781321185e-05
27,75,0.0002224515945330296
27,76,0.0006406605922551253
27,77,0.0011389521640091116
27,79,0.00019575740318906605
27,81,0.0041642938496583145
27,82,0.00021355353075170843
27,83,0.0002313496583143508
27,84,0.0005605780182232346
27,85,0.0030164436218678816
27,86,0.00038261674259681093
27,87,4.4490318906605926e-05
27,88,0.0002224515945330296
27,89,0.0005071896355353076
27,90,0.0005516799544419134
27,91,8.008257403189066e-05
27,92,0.002322394646924829
27,93,4.4490318906605926e-05
27,94,6.22864464692483e-05
27,96,7.118451025056947e-05
27,97,0.00016016514806378132
27,98,8.898063781321185e-05
27,99,0.00013347095671981777
27,100,9.787870159453303e-05
27,102,0.0026249288154897494
27,103,8.898063781321185e-05
27,104,0.0001690632118451025
27,105,0.00021355353075170843
27,106,0.00037371867881548976
27,107,0.00031143223234624147
27,108,0.0004449031890660592
27,109,0.0001690632118451025
27,110,0.0002313496583143508
27,111,8.898063781321185e-05
27,112,0.000578374145785877
27,113,0.0009876850797266516
27,114,0.0003292283599088838
27,115,0.00010677676537585422
27,116,0.00014236902050113895
27,117,0.00029363610478359907
27,118,0.0004538012528473804
27,119,0.00015126708428246015
27,120,0.0006673547835990888
27,121,9.787870159453303e-05
27,122,0.0001690632118451025
27,123,0.00010677676537585422
27,124,9.787870159453303e-05
27,125,9.787870159453303e-05
27,126,0.00019575740318906605
27,127,4.4490318906605926e-05
27,128,0.00010677676537585422
27,129,8.898063781321185e-05
27,131,7.118451025056947e-05
28,28,0.9205365943567839
28,29,0.00028047793440021796
28,30,0.00032054621074310624
28,31,0.0003125325554745286
28,32,0.0006971880083662561
28,33,0.0021556732672473895
28,34,0.0005289012477261253
28,35,0.0011459527034066049
28,36,0.0006811606978291008
28,37,0.003566076594517057
28,38,0.0011219117376008718
28,39,0.00039266910816030515
28,40,0.00015225945010297547
28,41,0.0011138980823322943
28,42,0.0007452699399777221
28,43,0.0006410924214862125
28,44,0.0016828676064013079
28,45,0.0002484233133259073
28,46,0.0014745125694182889
28,47,0.0019312909197272152
28,48,0.0007853382163206103
28,49,0.0020114274724129916
28,50,0.00153862181156691
28,51,0.0012741711877038474
28,52,0.001282184842972425
28,53,0.0029810797599108883
28,54,0.00034458717654883923
28,55,0.001795058780161395
28,56,0.0005048602819203924
28,57,0.0014905398799554442
28,58,0.0002884915896687956
28,59,0.0035340219734427466
28,60,0.00013623213956582016
28,61,0.0017229358827441962
28,62,4.006827634288828e-05
28,63,0.001979372851338681
28,65,0.00020835503698301907
28,66,0.0004006827634288828
28,68,0.003005120725716621
28,69,0.0001682867606401308
28,70,0.00024040965805732968
28,71,0.0006891743530976785
28,72,0.0024361512016476076
28,73,0.00010417751849150954
28,74,0.0001682867606401308
28,75,8.815020795435422e-05
28,76,0.0004407510397717711
28,77,0.0029810797599108883
28,78,0.0002243823475201744
28,79,0.0006410924214862125
28,80,0.000584996834606169
28,81,0.00167485395113273
28,82,4.808193161146594e-05
28,83,5.60955868800436e-05
28,84,0.00021636869225159672
28,85,0.0022197825093960106
28,86,0.00030451890020595095
28,87,7.21228974171989e-05
28,88,0.00013623213956582016
28,89,0.00034458717654883923
28,90,0.0004407510397717711
28,96,0.006218596488416261
28,97,8.815020795435422e-05
28,98,9.616386322293188e-05
28,99,0.002315946372618943
28,100,0.0004487646950403488
28,101,0.00010417751849150954
28,102,0.0022197825093960106
28,103,0.00012020482902866484
28,104,0.00019232772644586375
28,105,0.0005208875924575477
28,106,0.0003686281423545722
28,107,0.00041671007396603814
28,108,0.00026445062386306267
28,109,0.0003285598660116839
28,110,0.0002484233133259073
28,111,6.410924214862126e-05
28,112,0.0007773245610520327
28,113,0.0009215703558864305
28,114,0.0005769831793375912
28,115,0.00012020482902866484
28,116,0.00017630041590870844
28,117,0.00023239600278875203
28,118,0.0007853382163206103
28,119,0.00028047793440021796
28,120,0.0005048602819203924
28,121,0.0001843140711772861
28,122,0.00026445062386306267
28,123,0.0002003413817144414
28,124,0.0002724642791316403
28,125,0.0001843140711772861
28,126,0.00034458717654883923
28,127,0.000256436968594485
28,128,0.0001442457948343978
28,129,0.000256436968594485
28,130,4.808193161146594e-05
28,131,0.00010417751849150954
29,29,0.9377731683828432
29,30,0.0003703978072449811
29,31,0.0003703978072449811
29,32,0.001206438572169367
29,33,0.00012699353391256495
29,34,0.0008042923814462447
29,35,0.0011006106272422296
29,36,0.0008148751759389585
29,37,0.0004656429576794048
29,38,0.0017567438857904818
29,39,0.000497391341157546
29,40,0.00030690104028869864
29,41,0.001502756817965352
29,42,0.0019049030086884743
29,43,0.000793709586953531
29,44,0.00030690104028869864
29,46,0.0008889547373879547
29,47,0.0003598150127522674
29,49,0.0016403331463706306
29,50,0.001714412707819627
29,51,0.0029208512799889937
29,52,0.0016191675573852032
29,53,0.0010900278327495158
29,55,0.0011535245997057982
29,56,0.0001164107394198512
29,57,0.0009207031208660959
29,58,0.0001375763284052787
29,61,0.0030266792249161313
29,62,8.466235594170997e-05
29,63,0.0027726921570910014
29,64,0.001703829913326913
29,65,0.0002328214788397024
29,66,0.00014815912289799243
29,67,9.524515043442371e-05
29,68,0.00012699353391256495
29,69,0.0002539870678251299
29,70,8.466235594170997e-05
29,71,0.000539722519128401
29,72,0.0020213137481083256
29,73,6.349676695628248e-05
29,74,6.349676695628248e-05
29,75,0.0001375763284052787
29,76,0.00026456986231784363
29,77,0.0012699353391256495
29,79,0.0001164107394198512
29,83,0.013768215635020583
29,84,0.0013440149005746458
29,85,0.0024446255278168755
29,86,6.349676695628248e-05
29,88,0.00010582794492713746
29,89,0.00042331177970854984
29,90,0.00022223868434698867
29,91,7.407956144899622e-05
29,92,0.002381128760860593
29,93,8.466235594170997e-05
29,96,0.00010582794492713746
29,97,0.0001164107394198512
29,98,7.407956144899622e-05
29,99,0.00012699353391256495
29,100,0.00019049030086884741
29,102,0.000994782682315092
29,104,7.407956144899622e-05
29,106,0.0001799075063761337
29,107,0.0001164107394198512
29,108,0.00016932471188341994
29,110,0.0001164107394198512
29,112,0.00019049030086884741
29,113,0.00019049030086884741
29,114,6.349676695628248e-05
29,118,8.466235594170997e-05
29,120,5.291397246356873e-05
30,30,0.9361261987609267
30,31,0.0006259017228210133
30,32,0.0005940762114911313
30,33,0.0002864296019689383
30,34,0.0007956377832470508
30,35,0.0009759823474497157
30,36,0.0007319867605872867
30,37,0.0005940762114911313
30,38,0.0007744207756937961
30,39,0.0005622507001612492
30,40,0.00014851905287278282
30,41,0.0010820673852159892
30,42,0.0013684969871849274
30,43,0.003352287193414241
30,44,0.0009441568361198337
30,45,0.00018034456420266485
30,46,0.0011775439192056353
30,47,0.0007001612492574048
30,48,0.00015912755664941017
30,49,0.0015806670627174742
30,50,0.0022914368157515063
30,51,0.0026096919290503266
30,52,0.0016867521004837478
30,53,0.0011138928965458712
30,55,0.0012518034456420267
30,56,0.00029703810574556564
30,57,0.0017716201306967666
30,58,0.00039251463973521175
30,59,0.0018352711533565307
30,60,9.54765339896461e-05
30,61,0.002588474921497072
30,62,5.3042518883136725e-05
30,63,0.002853687515912756
30,64,0.002089875243995587
30,65,0.00015912755664941017
30,66,0.00020156157175591955
30,67,0.00022277857930917423
30,68,0.00012730204531952814
30,69,0.0001909530679792922
30,70,0.0002546040906390563
30,71,0.00048799117372485786
30,72,0.002524823898837308
30,73,7.425952643639141e-05
30,74,0.00011669354154290079
30,75,0.00029703810574556564
30,76,0.0004243401510650938
30,77,0.001538233047610965
30,79,0.00023338708308580158
30,80,8.486803021301876e-05
30,81,0.0025142153950606805
30,82,6.365102265976407e-05
30,83,0.00020156157175591955
30,84,0.0003606891284053297
30,85,0.003797844352032589
30,86,0.00013791054909615547
30,87,6.365102265976407e-05
30,88,0.00012730204531952814
30,89,0.0004349486548417211
30,90,0.00041373164728846645
30,91,9.54765339896461e-05
30,92,0.003447763727403887
30,93,5.3042518883136725e-05
30,95,7.425952643639141e-05
30,96,9.54765339896461e-05
30,97,0.00012730204531952814
30,98,0.00010608503776627345
30,99,0.00048799117372485786
30,100,0.00027582109819231093
30,102,0.0014533650173979462
30,103,6.365102265976407e-05
30,104,0.00015912755664941017
30,105,0.0002121700755325469
30,106,0.0003288636170754477
30,107,0.0002121700755325469
30,108,0.0003288636170754477
30,109,0.00023338708308580158
30,110,0.00015912755664941017
30,112,0.0004243401510650938
30,113,0.000615293219044386
30,114,0.00026521259441568363
30,115,6.365102265976407e-05
30,116,9.54765339896461e-05
30,117,8.486803021301876e-05
30,118,0.0003606891284053297
30,119,0.00012730204531952814
30,120,0.0003606891284053297
30,121,8.486803021301876e-05
30,122,9.54765339896461e-05
30,123,6.365102265976407e-05
30,124,0.00013791054909615547
30,125,8.486803021301876e-05
30,126,0.00011669354154290079
30,127,5.3042518883136725e-05
30,129,8.486803021301876e-05
31,31,0.9272086684836801
31,32,0.0010968556803829022
31,33,0.0003323805092069401
31,34,0.0008808083493983913
31,35,0.0012131888586053314
31,36,0.0007146180947949212
31,37,0.0007727846839061357
31,38,0.001022070065811341
31,39,0.0006398324802233597
31,40,0.0003157614837465931
31,41,0.0011799508076846374
31,42,0.0014043076513993219
31,43,0.0008475702984776973
31,44,0.0017366881606062621
31,45,0.0002991424582862461
31,46,0.0010885461676527289
31,47,0.0010802366549225553
31,48,0.0002991424582862461
31,49,0.002069068669813202
31,50,0.002974805557402114
31,51,0.0021272352589244165
31,52,0.0012048793458751578
31,53,0.0013295220368277603
31,54,6.647610184138802e-05
31,55,0.0019942830552416406
31,56,0.0003489995346672871
31,57,0.002052449644352855
31,58,0.0002825234328258991
31,59,0.0023100445389882336
31,60,0.00010802366549225553
31,61,0.002642425048195174
31,62,0.00012464269095260254
31,63,0.0035398524230539122
31,64,0.0010636176294622083
31,65,0.00034069002193711363
31,66,0.0004902612510802367
31,67,0.0002492853819052051
31,68,9.971415276208204e-05
31,69,0.00014126171641294955
31,70,0.00014957122914312305
31,71,0.0005899754038423187
31,72,0.00310775776108489
31,73,9.140464003190853e-05
31,74,0.00014957122914312305
31,75,0.0003323805092069401
31,76,0.0006398324802233597
31,77,0.0013627600877484545
31,78,4.154756365086751e-05
31,79,0.0002492853819052051
31,80,0.00014126171641294955
31,81,0.0033487336302599215
31,82,9.140464003190853e-05
31,83,0.00017449976733364356
31,84,0.0005899754038423187
31,85,0.004312637106960048
31,86,0.00018280928006381706
31,87,7.478561457156153e-05
31,88,0.00021604733098451107
31,89,0.0007229276075250947
31,90,0.0005733563783819717
31,91,9.140464003190853e-05
31,92,0.003872232932260852
31,93,8.309512730173502e-05
31,94,4.154756365086751e-05
31,96,0.00010802366549225553
31,97,0.00014957122914312305
31,98,0.00013295220368277603
31,99,0.001786545236987303
31,100,0.00015788074187329655
31,101,5.816658911121452e-05
31,102,0.0023765206408296216
31,103,0.00010802366549225553
31,104,0.00019111879279399055
31,105,0.00019942830552416408
31,106,0.00024097586917503158
31,107,0.00025759489463537857
31,108,0.0003240709964767666
31,109,0.00025759489463537857
31,110,0.0003157614837465931
31,111,7.478561457156153e-05
31,112,0.0005234993020009306
31,113,0.0007977132220966563
31,114,0.0004570232001595426
31,115,0.00012464269095260254
31,116,0.00011633317822242904
31,117,0.00019111879279399055
31,118,0.0005982849165724922
31,119,8.309512730173502e-05
31,120,0.0004487136874293691
31,121,8.309512730173502e-05
31,122,0.00020773781825433757
31,123,0.00014126171641294955
31,124,0.00010802366549225553
31,125,0.00011633317822242904
31,126,9.140464003190853e-05
31,127,8.309512730173502e-05
31,128,5.816658911121452e-05
31,129,6.647610184138802e-05
32,32,0.9149274628769005
32,33,0.000223494534243964
32,34,0.0014987280531654056
32,35,0.0013475405741180183
32,36,0.0007690841325454056
32,37,0.0007559373952369371
32,38,0.0014921546845111714
32,39,0.0005455895983014416
32,40,0.00019062769097279283
32,41,0.0010911791966028831
32,42,0.0023664127155243247
32,43,0.0005521629669556758
32,44,0.0027279479915072076
32,45,0.0005258694923387389
32,46,0.0005916031788810812
32,47,0.001229219938341802
32,48,0.0004667091744506307
32,49,0.0019917307022329733
32,50,0.0028857088392088294
32,51,0.003358991382313694
32,52,0.0007559373952369371
32,53,0.0009268449802470272
32,54,5.2586949233873885e-05
32,55,0.003648219603100001
32,56,0.0005258694923387389
32,57,0.0018011030112601806
32,58,0.00040097548790828834
32,59,0.0008545379250504506
32,60,0.00013804074173891896
32,61,0.00408206193427946
32,62,0.00015118747904738743
32,63,0.003299831064425586
32,64,0.0007756575011996398
32,65,0.00040097548790828834
32,66,0.000670483602731892
32,67,0.00019720105962702707
32,68,0.0002497880088609009
32,69,0.00010517389846774777
32,70,0.000223494534243964
32,71,0.000446989068487928
32,72,0.0031420702167239646
32,73,0.00021034779693549554
32,74,0.00019062769097279283
32,75,0.0002826548521320721
32,76,0.0009531384548639642
32,77,0.0009531384548639642
32,79,0.00023006790289819824
32,80,5.2586949233873885e-05
32,81,0.007342452786779641
32,82,0.0002563613775151352
32,83,0.0003746820132913514
32,84,0.0013606873114264868
32,85,0.005475616088977118
32,86,0.0005718830729183785
32,87,0.000111747267121982
32,88,0.00038125538194558567
32,89,0.0008545379250504506
32,90,0.0009399917175554956
32,91,0.00011832063577621624
32,92,0.0022480920797481084
32,93,9.20271611592793e-05
32,94,3.286684327117118e-05
32,96,0.00015776084770162166
32,97,0.00010517389846774777
32,98,0.00010517389846774777
32,99,0.0001446141103931532
32,100,9.20271611592793e-05
32,102,0.0031683636913409016
32,103,0.00017748095366432436
32,104,0.0002497880088609009
32,105,0.00038125538194558567
32,106,0.0003746820132913514
32,107,0.00038125538194558567
32,108,0.0005258694923387389
32,109,0.00047985591175909916
32,110,0.0004995760177218018
32,111,5.916031788810812e-05
32,112,0.0010517389846774778
32,113,0.0016039019516331534
32,114,0.0007559373952369371
32,115,0.0002037744282812613
32,116,0.000223494534243964
32,117,0.0002826548521320721
32,118,0.0009071248742843244
32,119,0.0001643342163558559
32,120,0.0007099238146572975
32,121,0.00013146737308468472
32,122,0.000335241801365946
32,123,0.0001446141103931532
32,124,0.00019062769097279283
32,125,0.0002037744282812613
32,126,0.0002760814834778379
32,127,0.00013804074173891896
32,128,0.00011832063577621624
32,129,0.00017748095366432436
32,131,3.9440211925405415e-05
33,33,0.9255354699086598
33,34,0.00022278094268164605
33,35,0.0005330829699882244
33,36,0.0008195156105789122
33,37,0.0053228732376436145
33,38,0.0014082938162375482
33,39,0.0001591292447726043
33,40,7.956462238630215e-05
33,41,0.0005012571210337035
33,42,0.0004216924986474014
33,43,0.0009786448553515165
33,44,0.00038986664969288055
33,45,4.773877343178129e-05
33,46,0.0025938066897934504
33,47,0.0005887782056586359
33,48,0.00014321632029534387
33,49,0.0013923808917602877
33,50,0.0007319945259539798
33,51,0.0008354285350561726
33,52,0.0010422965532605583
33,54,0.008688456764584195
33,55,0.0005967346678972662
33,56,8.752108462493236e-05
33,57,0.0013287291938512459
33,58,4.773877343178129e-05
33,59,0.006953947996562808
33,60,0.00011934693357945324
33,61,0.0008990802329652143
33,62,4.773877343178129e-05
33,63,0.0008672543840106935
33,64,0.0003421278762610993
33,65,7.956462238630215e-05
33,66,0.0001511727825339741
33,67,5.569523567041151e-05
33,68,0.0001591292447726043
33,69,3.9782311193151075e-05
33,70,6.365169790904172e-05
33,71,0.0001034340091021928
33,72,0.0017106393813054964
33,73,6.365169790904172e-05
33,75,0.00011139047134082302
33,76,0.00012730339581808344
33,78,0.00812354794564145
33,79,0.001583335985487413
33,80,0.0017265523057827567
33,81,0.0007797332993857611
33,83,4.773877343178129e-05
33,84,0.00011934693357945324
33,85,0.0010661659399764489
33,86,0.00011139047134082302
33,88,8.752108462493236e-05
33,89,0.00013525985805671367
33,90,0.0001511727825339741
33,92,0.006826644600744725
33,93,3.9782311193151075e-05
33,94,0.00013525985805671367
33,95,0.0002068680182043856
33,96,0.0013844244295216576
33,98,0.0001591292447726043
33,99,0.006890296298653766
33,100,0.0007081251392380891
33,101,0.0003580408007383597
33,102,0.0006683428280449381
33,103,4.773877343178129e-05
33,104,3.9782311193151075e-05
33,105,7.956462238630215e-05
33,106,0.0001034340091021928
33,107,0.00013525985805671367
33,108,0.00012730339581808344
33,109,3.9782311193151075e-05
33,112,0.00021482448044301582
33,113,0.0002625632538747971
33,114,0.0001989115559657554
33,116,4.773877343178129e-05
33,117,3.9782311193151075e-05
33,118,0.0001511727825339741
33,119,3.9782311193151075e-05
33,120,0.00013525985805671367
33,122,4.773877343178129e-05
33,124,0.0001034340091021928
33,125,3.9782311193151075e-05
33,126,4.773877343178129e-05
33,129,9.547754686356258e-05
34,34,0.9100033764081157
34,35,0.0013812578654961785
34,36,0.0005647809938917707
34,37,0.0008287547192977071
34,38,0.001233923693176586
34,39,0.0004849749838853249
34,40,0.00026397372540593636
34,41,0.0011418398354768409
34,42,0.0017127597532152613
34,43,0.0010865895208569938
34,44,0.0031247122379446882
34,45,0.0005340863746585223
34,46,0.0007489487092912613
34,47,0.0011050062923969428
34,48,0.00029466834463918475
34,49,0.0017434543724485097
34,50,0.007280763682126523
34,51,0.002670431873292612
34,52,0.0009392553485374014
34,53,0.0007121151662113632
34,55,0.002553792320206268
34,56,0.00033150188771908286
34,57,0.0021670401178673377
34,58,0.0004665582123453759
34,59,0.0012707572362564842
34,60,0.00012277847693299365
34,61,0.0037140489272230576
34,62,0.00011663955308634397
34,63,0.005525031461984714
34,64,0.0014058135608827772
34,65,0.00029466834463918475
34,66,0.0006507259277448663
34,67,0.00029466834463918475
34,68,0.0001718898677061911
34,69,0.00015347309616624207
34,70,0.00020258448693943952
34,71,0.00038675220233893
34,72,0.0030203505325516436
34,73,0.00022714018232603824
34,74,0.00012891740077964332
34,75,0.00029466834463918475
34,76,0.0007121151662113632
34,77,0.0009515331962307008
34,78,3.6833543079898094e-05
34,79,0.00016575094385954143
34,80,3.069461923324841e-05
34,81,0.004947972620399644
34,82,0.00020258448693943952
34,83,0.0003192240400257835
34,84,0.0008164768716044078
34,85,0.00810337947757758
34,86,0.00041744682157217837
34,87,0.0001718898677061911
34,88,0.000540225298505172
34,89,0.0013444243224162804
34,90,0.0009208385769974523
34,91,0.00021486233463273888
34,92,0.0024432916909665737
34,93,7.366708615979619e-05
34,94,7.366708615979619e-05
34,96,0.00014733417231959237
34,97,7.366708615979619e-05
34,98,0.00010436170539304459
34,99,0.00022100125847938858
34,100,0.000135056324626293
34,102,0.003462353049510421
34,103,0.00025783480155928664
34,104,0.00030694619233248414
34,105,0.0004481414408054268
34,106,0.0004542803646520765
34,107,0.0004665582123453759
34,108,0.0006936983946714141
34,109,0.0004665582123453759
34,110,0.0008348936431443567
34,111,0.00016575094385954143
34,112,0.0013382853985696307
34,113,0.001258479388563185
34,114,0.0009453942723840511
34,115,0.00014119524847294268
34,116,0.00037447435464563065
34,117,0.0003008072684858344
34,118,0.0006630037754381657
34,119,0.00032536296387243314
34,120,0.000656864851591516
34,121,0.00015347309616624207
34,122,0.0003683354307989809
34,123,0.00016575094385954143
34,124,0.00020872341078608919
34,125,0.00019030663924614016
34,126,0.00021486233463273888
34,127,0.00011663955308634397
34,128,9.208385769974523e-05
34,129,0.00030694619233248414
34,131,6.138923846649683e-05
35,35,0.9193447429540925
35,36,0.00120245762572271
35,37,0.0011283335255069264
35,38,0.0012230476535604277
35,39,0.0006135828295639855
35,40,0.0002717883674578728
35,41,0.0017995684330165214
35,42,0.0025655174685796176
35,43,0.0009965573473455335
35,44,0.0018489844998270438
35,45,0.00031296842313330807
35,46,0.0009100792304271195
35,47,0.0012848177370735805
35,48,0.0004859246569701362
35,49,0.002166070928527895
35,50,0.002866131875010295
35,51,0.0021825429507980696
35,52,0.001515426048856018
35,53,0.0014330659375051476
35,54,0.0001811922449719152
35,55,0.002075474806041938
35,56,0.00042827257902452683
35,58,0.004587458202243489
35,59,0.0016348482103147803
35,60,0.00016060221713419756
35,62,0.0031996903259813208
35,63,0.0037144410219242616
35,64,0.0016224941936121497
35,65,0.0003582664843762869
35,66,0.0007947750745359007
35,67,0.00031296842313330807
35,68,0.0002429623284850681
35,69,0.00023472631734998105
35,70,0.0005806387850236373
35,71,0.0006259368462666161
35,76,0.005806387850236373
35,77,0.0022319590176085916
35,78,0.00011118615032367524
35,79,0.0005065146848078539
35,80,0.00020178227280963284
35,81,0.0038832792501935463
35,82,0.00012354016702630582
35,83,0.00027590637302541635
35,84,0.0005271047126455715
35,85,0.0037844471165725015
35,86,0.00044474460129470094
35,87,7.000609464823996e-05
35,88,0.00030885041756576457
35,89,0.0006877069297797691
35,90,0.0006218188406990726
35,91,9.883213362104465e-05
35,92,0.0031955723204137774
35,93,4.118005567543527e-05
35,94,6.588808908069644e-05
35,95,3.294404454034822e-05
35,96,0.0002676703618903293
35,97,9.471412805350113e-05
35,98,0.0001523662059991105
35,99,0.0004488626068622445
35,100,0.0002511983396201552
35,101,2.882603897280469e-05
35,104,0.0027672997413892503
35,105,0.0004859246569701362
35,106,0.0003417944621061128
35,107,0.0003459124676736563
35,108,0.0004118005567543527
35,109,0.0002511983396201552
35,110,0.00031296842313330807
35,111,4.118005567543527e-05
35,112,0.0007906570689683572
35,114,0.0004859246569701362
35,115,0.0011571595644797312
35,116,0.0002553163451876987
35,117,0.00020590027837717636
35,118,0.0007000609464823997
35,119,0.00015648421156665404
35,120,0.0004365085901596139
35,121,0.00012354016702630582
35,122,0.0002676703618903293
35,123,0.00017295623383682814
35,124,0.0001976642672420893
35,125,0.00016883822826928462
35,126,0.00021825429507980694
35,127,9.05961224859576e-05
35,128,9.05961224859576e-05
35,129,0.00023884432291752458
35,130,3.294404454034822e-05
35,131,8.236011135087055e-05
36,36,0.9362247272477868
36,37,0.0009602053663722364
36,38,0.0012541457846494517
36,39,0.0005633858016979958
36,40,0.00019106127188018988
36,41,0.001528490175041519
36,42,0.0014550050704722152
36,43,0.0010042964291138187
36,44,0.0007103560108366034
36,45,0.00013717219519603376
36,46,0.0013668229449890507
36,47,0.0008818212548316457
36,48,0.00022045531370791142
36,49,0.0017342484678355696
36,50,0.0018616226490890295
36,51,0.0019302087466870465
36,52,0.0027238478760355277
36,53,0.0020477849139979324
36,54,0.0001420712021673207
36,55,0.001112074582482131
36,56,0.00017636425096632913
36,57,0.0013423279101326161
36,58,0.0005976788504970042
36,59,0.0018175315863474474
36,60,5.878808365544304e-05
36,61,0.0020624819349117935
36,62,0.0003184354531336498
36,63,0.00251319057627019
36,64,0.0016901574050939875
36,65,0.0001665662370237553
36,66,0.0003429304879900844
36,67,0.00011757616731088608
36,68,0.000122475174282173
36,69,0.00022045531370791142
36,70,0.00010777815336831224
36,71,0.00038212254376037975
36,72,0.004590369532095844
36,73,0.00011757616731088608
36,74,8.818212548316457e-05
36,75,0.00027924339736335444
36,76,0.0011414686243098524
36,77,0.0033509207683602533
36,78,0.0001469702091386076
36,79,0.0006319718992960127
36,80,0.00022045531370791142
36,81,0.0035811740960107388
36,82,8.818212548316457e-05
36,83,0.0003772235367890929
36,84,0.0003184354531336498
36,85,0.002714049862092954
36,86,0.0002498493555356329
36,87,5.878808365544304e-05
36,88,0.0001714652439950422
36,89,0.0003919205577029536
36,90,0.00035272850193265827
36,91,4.409106274158228e-05
36,92,0.004188650960450317
36,93,6.368709062672996e-05
36,94,6.858609759801688e-05
36,95,7.838411154059073e-05
36,96,0.00023025332765048525
36,97,0.00015186921610989453
36,98,0.00011757616731088608
36,99,0.0010483874918554008
36,100,0.0003135364461623629
36,101,6.858609759801688e-05
36,102,0.0010581855057979748
36,103,3.429304879900844e-05
36,104,0.000308637439191076
36,105,0.0001665662370237553
36,106,0.00016166723005246836
36,107,0.0001469702091386076
36,108,0.00020575829279405065
36,109,0.00010777815336831224
36,110,0.00016166723005246836
36,111,2.939404182772152e-05
36,112,0.0003135364461623629
36,113,0.0003772235367890929
36,114,0.00019106127188018988
36,115,0.00010777815336831224
36,116,8.328311851187765e-05
36,117,0.00011757616731088608
36,118,0.0002890414113059283
36,119,4.89900697128692e-05
36,120,0.00018126325793761604
36,121,2.939404182772152e-05
36,122,8.328311851187765e-05
36,123,6.368709062672996e-05
36,124,5.388907668415612e-05
36,125,8.818212548316457e-05
36,126,7.34851045693038e-05
36,127,2.939404182772152e-05
36,128,4.89900697128692e-05
36,129,6.858609759801688e-05
36,131,2.44950348564346e-05
37,37,0.9392740048802167
37,38,0.0014590338512623998
37,39,0.0002850985686374804
37,40,0.00013416403229999076
37,41,0.0007253242996218251
37,42,0.0007295169256311999
37,43,0.0008804514619686895
37,44,0.0011823205346436687
37,45,0.0001760902923937379
37,46,0.0014422633472249008
37,47,0.0016938209077873836
37,48,0.00046538148704059303
37,49,0.0019914973544529883
37,50,0.0011571647785874205
37,51,0.0011320090225311723
37,52,0.0011823205346436687
37,53,0.003027075978768542
37,54,0.0014296854691967767
37,55,0.0013542182010280318
37,56,0.00026832806459998153
37,57,0.0014506485992436503
37,58,0.00023059443051560915
37,59,0.0033960270675935165
37,60,0.0001425492843187402
37,61,0.0016351241436561375
37,62,0.00012158615427186664
37,63,0.0016980135337967583
37,64,0.000989459738212432
37,65,7.965989417811952e-05
37,66,0.00022640180450623443
37,67,0.0001760902923937379
37,68,0.00043184047896559533
37,69,0.00010062302422499308
37,70,0.00026413543859060684
37,71,0.00031025432469372865
37,72,0.0019914973544529883
37,73,6.288939014062067e-05
37,74,0.00012997140629061605
37,75,0.0001425492843187402
37,76,0.0004737667390593424
37,77,0.0028300225563279305
37,78,0.000989459738212432
37,79,0.0007588653076968228
37,80,0.0006917832915468274
37,81,0.001408722339149903
37,82,4.1926260093747116e-05
37,83,7.965989417811952e-05
37,84,0.00019286079643123674
37,85,0.002033423614546735
37,86,0.00022220917849685972
37,87,5.8696764131245965e-05
37,88,0.00010481565023436779
37,89,0.00030606169868435397
37,90,0.0002809059426281057
37,91,3.354100807499769e-05
37,92,0.004079425107121595
37,93,3.77336340843724e-05
37,94,2.9348382065622982e-05
37,95,7.12746421593701e-05
37,96,0.0008636809579311907
37,97,5.450413812187125e-05
37,98,0.00012997140629061605
37,99,0.0034127975716310155
37,100,0.00033960270675935166
37,101,0.0003186395767124781
37,102,0.0013500255750186572
37,103,5.8696764131245965e-05
37,104,0.0001760902923937379
37,105,0.00020543867445936087
37,106,0.00020963130046873558
37,107,0.0002809059426281057
37,108,0.0001509345363374896
37,109,0.00019705342244061145
37,110,0.00015512716234686433
37,111,3.77336340843724e-05
37,112,0.0005366561291999631
37,113,0.0004695741130499677
37,114,0.0003899142188718482
37,115,0.00012158615427186664
37,116,5.8696764131245965e-05
37,117,0.00015931978835623904
37,118,0.0003354100807499769
37,119,9.643039821561837e-05
37,120,0.00027252069060935627
37,121,7.12746421593701e-05
37,122,0.00020124604844998616
37,123,0.0001760902923937379
37,124,0.00012577878028124134
37,125,9.643039821561837e-05
37,126,0.00015512716234686433
37,127,0.00011739352826249193
37,128,7.965989417811952e-05
37,129,0.00016351241436561375
37,130,5.8696764131245965e-05
37,131,7.965989417811952e-05
38,38,0.9319302201523171
38,39,0.00041995028696602943
38,40,0.000370766920024062
38,41,0.001180400806607218
38,42,0.0012712008686539269
38,43,0.000745317175966737
38,44,0.0015738677421429572
38,45,0.00022321681919815979
38,46,0.0013771342743750874
38,47,0.0016344011168407631
38,48,0.0005107503490127384
38,49,0.0017970845613411168
38,50,0.001887884623387826
38,51,0.0018046512331783427
38,52,0.0014944176878520868
38,53,0.002481868362610048
38,54,0.00032915022491932037
38,55,0.0017819512176666654
38,56,0.0003064502094076431
38,57,0.0011766174706886049
38,58,0.00034428356859377186
38,60,0.0026786018303779175
38,61,0.0022813515589235655
38,62,0.0001664667804189666
38,63,0.002383501628726113
38,64,0.00102528403394409
38,65,0.00026105017838428854
38,66,0.00037833359186128775
38,67,0.00011350007755838633
38,68,0.00010971674163977346
38,69,9.458339796532194e-05
38,70,0.00015890010858174086
38,71,0.00032915022491932037
38,72,0.003003968719378625
38,73,9.080006204670906e-05
38,74,0.00012485008531422498
38,75,0.000185383460012031
38,76,0.0007831505351528657
38,77,0.0031477354842859144
38,78,0.00022700015511677266
38,79,0.0007831505351528657
38,80,0.00040103360737296504
38,82,0.004748086577859162
38,83,0.00046535031798938396
38,84,0.0005145336849313514
38,85,0.0029737020320297217
38,86,0.00030266687348903023
38,87,8.701672612809619e-05
38,88,0.00026483351430290144
38,89,0.0004123836151288037
38,90,0.000495617005338287
38,91,6.431671061641892e-05
38,92,0.0035979524586008467
38,93,3.40500232675159e-05
38,94,6.81000465350318e-05
38,95,6.81000465350318e-05
38,96,0.00015890010858174086
38,97,0.00011350007755838633
38,98,6.81000465350318e-05
38,99,0.0015927844217360216
38,100,0.00026861685022151434
38,101,7.188338245364467e-05
38,102,0.0019257179825739547
38,103,0.00012106674939561209
38,104,0.00026483351430290144
38,105,0.0003329335608379332
38,106,0.00024591683470983705
38,107,0.0003556335763496105
38,108,0.00037833359186128775
38,109,0.00026483351430290144
38,110,0.0003329335608379332
38,111,5.2966702860580285e-05
38,112,0.001116084095990799
38,113,0.0008474672457692846
38,114,0.0004729169898266097
38,115,0.00014755010082590224
38,116,0.00012863342123283785
38,117,0.00027996685797735294
38,118,0.00041995028696602943
38,119,0.000155116772663128
38,120,0.0005485837081988672
38,121,9.836673388393482e-05
38,122,0.00028375019389596584
38,123,0.00024970017062844995
38,124,0.00017781678817480525
38,125,9.836673388393482e-05
38,126,0.0002383501628726113
38,127,0.00012485008531422498
38,128,8.701672612809619e-05
38,129,0.0003140168812448689
38,130,0.00012106674939561209
38,131,7.566671837225756e-05
39,39,0.9370600626830397
39,40,0.0055563303264068815
39,41,0.0008073927819085298
39,42,0.0017322245139128455
39,43,0.0008147327162895164
39,44,0.001284488516672661
39,45,0.0002642376377155188
39,46,0.0005578350129549842
39,47,0.0009174917976233292
39,48,0.0001541386220007193
39,49,0.0016588251701029793
39,50,0.0023561189362967094
39,51,0.0017982839233417253
39,52,0.0008954719944803694
39,53,0.0006899538318127436
39,55,0.0019304027421994847
39,56,0.0002789175064774921
39,57,0.002488237755154469
39,58,0.00041837625971623813
39,59,0.0016368053669600193
39,60,0.0004110363253352515
39,61,0.0025763169677263083
39,62,0.00019083829390565248
39,63,0.0037433665343031834
39,64,0.0012477888447677279
39,65,0.00019083829390565248
39,66,0.0003449769159063718
39,67,0.0002715775720965055
39,68,0.00013945875323874605
39,69,0.00014679868761973268
39,70,0.00012477888447677278
39,71,0.00028625744085847873
39,72,0.0026203565740122283
39,73,0.00011009901571479952
39,74,0.00013945875323874605
39,75,0.00033029704714439853
39,76,0.0007119736349557035
39,77,0.0007780330443845832
39,79,0.0001321188188577594
39,81,0.0022753796581058564
39,82,0.0003596567846683451
39,83,0.00022019803142959903
39,84,0.0002789175064774921
39,85,0.0037580464030651565
39,86,0.00028625744085847873
39,87,8.80792125718396e-05
39,88,0.00029359737523946536
39,89,0.0007339934380986634
39,90,0.0004917756035261045
39,91,8.80792125718396e-05
39,92,0.0023634588706776963
39,93,6.60594094288797e-05
39,94,4.40396062859198e-05
39,96,0.00010275908133381288
39,97,6.60594094288797e-05
39,98,0.0001541386220007193
39,99,5.871947504789307e-05
39,100,9.541914695282624e-05
39,102,0.0026643961802981482
39,103,0.00011009901571479952
39,104,0.00029359737523946536
39,105,0.0003449769159063718
39,106,0.0003669967190493317
39,107,0.00029359737523946536
39,108,0.0003523168502873584
39,109,0.0003156171783824253
39,110,0.0003229571127634119
39,112,0.0007046337005747168
39,113,0.0010936502227670084
39,114,0.00046975580038314456
39,115,7.339934380986634e-05
39,116,0.00019083829390565248
39,117,0.00024955776895354556
39,118,0.0005725148817169575
39,119,0.00020551816266762575
39,120,0.0005358152098120242
39,121,5.137954066690644e-05
39,122,0.00028625744085847873
39,123,9.541914695282624e-05
39,124,0.00016147855638170595
39,125,0.00013945875323874605
39,126,0.00019817822828663913
39,127,5.871947504789307e-05
39,129,0.00010275908133381288
40,40,0.9405766705884359
40,41,0.000733200334202943
40,42,0.002046140467543097
40,43,0.0006820468225143656
40,44,0.0016198612034716182
40,45,0.00037512575238290107
40,46,0.0005115351168857742
40,47,0.0010060190632086893
40,48,0.0002046140467543097
40,49,0.002165498661483111
40,50,0.0025065220727402936
40,51,0.0020290892969802377
40,52,0.0008866608692686753
40,53,0.0008355073575800979
40,55,0.0019949869558545195
40,56,0.00039217692294576023
40,57,0.0022678056848602656
40,58,0.0004944839463229151
40,59,0.002097293979231674
40,60,0.0005115351168857742
40,61,0.0028645966545603357
40,62,0.00013640936450287313
40,63,0.0036148481593261377
40,64,0.0012788377922144354
40,65,0.00011935819394001398
40,66,0.0003410234112571828
40,67,0.00013640936450287313
40,68,0.00011935819394001398
40,69,0.00018756287619145053
40,70,0.00013640936450287313
40,71,0.0003410234112571828
40,72,0.002438317390488857
40,73,0.0001705117056285914
40,74,0.0001705117056285914
40,75,0.00015346053506573227
40,76,0.0007673026753286614
40,77,0.0006820468225143656
40,79,0.00018756287619145053
40,81,0.0019267822736030828
40,82,0.0007673026753286614
40,83,0.00027281872900574626
40,84,0.0003239722406943237
40,85,0.004501509028594813
40,86,0.0002557675584428871
40,88,0.00022166521731716883
40,89,0.0003410234112571828
40,90,0.0004092280935086194
40,92,0.0021313963203573923
40,96,8.52558528142957e-05
40,97,0.00015346053506573227
40,98,8.52558528142957e-05
40,99,0.00010230702337715485
40,100,8.52558528142957e-05
40,102,0.0030010060190632085
40,104,0.0002046140467543097
40,105,0.0004944839463229151
40,106,0.0005797397991372107
40,107,0.0003239722406943237
40,108,0.0003239722406943237
40,109,0.00027281872900574626
40,110,0.0002557675584428871
40,112,0.0005285862874486333
40,113,0.0011083260865858442
40,114,0.00035807458182004196
40,115,0.0001705117056285914
40,116,0.00010230702337715485
40,117,0.00010230702337715485
40,118,0.00046038160519719677
40,119,0.00018756287619145053
40,120,0.00044333043463433766
40,122,0.0002046140467543097
40,123,0.00011935819394001398
40,124,0.00013640936450287313
40,125,0.00018756287619145053
40,126,0.00027281872900574626
40,129,0.00018756287619145053
41,41,0.9457107149690409
41,42,0.001270115246675107
41,43,0.000708333502953425
41,44,0.0004885058641058104
41,45,0.00012619734822733435
41,46,0.0009647990816089755
41,47,0.0008996649663948674
41,48,8.955940841939856e-05
41,49,0.0025605849043546227
41,50,0.0019662361030258865
41,51,0.001783046403986208
41,52,0.0017586211107809174
41,53,0.001384099948299796
41,54,8.955940841939856e-05
41,55,0.0009932952570151478
41,56,0.0001994732278432059
41,57,0.0011357761340460091
41,58,0.00035009586927583076
41,59,0.0009485155528054485
41,60,4.885058641058104e-05
41,61,0.0017586211107809174
41,62,0.00021168587444585115
41,63,0.0023936787341184707
41,65,0.0012375481890680529
41,66,0.0004844349819049286
41,69,0.003952826617056183
41,70,0.00019133146344144238
41,71,0.0033055563471159834
41,72,0.002080220804650576
41,73,8.955940841939856e-05
41,74,4.070882200881753e-05
41,75,0.00016690617023615187
41,76,0.0005821361547260907
41,77,0.0017504793463791538
41,78,2.442529320529052e-05
41,79,0.0003053161650661315
41,80,7.327587961587156e-05
41,81,0.004115661905091453
41,82,0.0003419541048740673
41,83,0.00038266292688288476
41,84,0.00047222233530228334
41,85,0.0024669546137343424
41,86,0.00031752881166877676
41,87,3.256705760705402e-05
41,88,0.0002442529320529052
41,89,0.00040301733788729354
41,90,0.000346024987074949
41,91,5.292146861146279e-05
41,92,0.00306537429726396
41,93,6.10632330132263e-05
41,94,4.885058641058104e-05
41,95,2.442529320529052e-05
41,96,0.00017097705243703364
41,97,0.00012619734822733435
41,98,0.00013433911262909786
41,99,0.00016283528803527012
41,100,0.00016283528803527012
41,102,0.0013759581838980325
41,104,0.0002076149922449694
41,105,0.00015876440583438838
41,106,0.0002849617540617227
41,107,0.0001221264660264526
41,108,0.00028089087186084096
41,109,0.00011398470162468909
41,110,0.00010584293722292558
41,111,4.070882200881753e-05
41,112,0.0001831896990396789
41,113,0.0005129311573111009
41,114,0.00014655175923174312
41,115,0.00010584293722292558
41,116,0.00013433911262909786
41,117,7.327587961587156e-05
41,118,0.0002605364608564322
41,119,4.477970420969928e-05
41,120,0.00018726058124056064
41,122,4.885058641058104e-05
41,123,2.8496175406172273e-05
41,124,5.6992350812344546e-05
41,125,6.513411521410805e-05
41,126,6.513411521410805e-05
41,127,2.442529320529052e-05
41,128,3.256705760705402e-05
41,129,3.256705760705402e-05
42,42,0.9255979105140067
42,43,0.0007750217654790966
42,44,0.002936205807541952
42,45,0.0005189573055190427
42,46,0.0005872411615083904
42,47,0.0014442035541747042
42,48,0.00041994571433448844
42,49,0.0015910138445518018
42,50,0.0027415968179723108
42,51,0.0026050291059936154
42,52,0.0008569623926663139
42,53,0.0006930811382918794
42,54,2.38993495962717e-05
42,55,0.0031512999539083974
42,56,0.00052237149831851
42,57,0.0026664845763840284
42,58,0.0010959558886290308
42,59,0.001106198467027433
42,60,0.0001468102903770976
42,61,0.003246897352293484
42,62,0.0006896669454924119
42,63,0.003431263763464723
42,64,0.00120179586541252
42,65,0.00024582188156165177
42,66,0.0005155431127195752
42,67,0.000283378002355793
42,68,0.00022533672476484747
42,69,0.00018778060397070623
42,70,0.0005462708479147817
42,71,0.0004814011847249014
42,72,0.003192270267502006
42,73,0.00020485156796804316
42,74,0.00025265026716058656
42,75,0.0003038631591525973
42,76,0.0016968538213352907
42,77,0.0012700797214018676
42,78,1.707096399733693e-05
42,79,0.0002731354239573909
42,80,4.097031359360863e-05
42,81,0.005240785947182437
42,82,0.00032434831594940164
42,83,0.00033117670154833643
42,84,0.000928660441455129
42,85,0.0051383601631984155
42,86,0.0003994605575376842
42,87,0.00013656771197869544
42,88,0.00034141927994673857
42,89,0.0007033237166902815
42,90,0.0006657675958961402
42,91,8.535481998668464e-05
42,92,0.0018539066901107906
42,93,5.462708479147818e-05
42,94,5.804127759094556e-05
42,96,8.194062718721726e-05
42,97,8.194062718721726e-05
42,98,7.51122415882825e-05
42,99,6.828385598934772e-05
42,100,0.00013998190477816283
42,102,0.0030932586763174515
42,103,0.00020485156796804316
42,104,0.0008706191638641834
42,105,0.000477986991925434
42,106,0.0006828385598934771
42,107,0.00042677409993342323
42,108,0.0005599276191126513
42,109,0.0005053005343211731
42,110,0.0004609160279280971
42,111,9.218320558561942e-05
42,112,0.0014544461325731064
42,113,0.0010106010686423462
42,114,0.0007852643438774988
42,115,0.00035849024394407554
42,116,0.00023557930316324963
42,117,0.000283378002355793
42,118,0.0006247972823025316
42,119,0.00026289284555898874
42,120,0.0007886785366769661
42,121,0.00016388125437443452
42,122,0.00044043087113129276
42,123,0.0002731354239573909
42,124,0.0002731354239573909
42,125,0.0001911947967701736
42,126,0.0002663070383584561
42,127,0.00018778060397070623
42,128,0.00012632513358029328
42,129,0.000283378002355793
42,130,6.828385598934772e-05
42,131,4.097031359360863e-05
43,43,0.9500548539763127
43,44,0.0005725634023879498
43,45,0.00015214971531987475
43,46,0.0012652450010810638
43,47,0.0007647525164762125
43,48,0.0001761733545809076
43,49,0.0013333119789873235
43,50,0.002206170872138184
43,51,0.0020660329764488256
43,52,0.0014334104759082937
43,53,0.0012692489409579025
43,54,0.00016416153495039118
43,55,0.0010890716465001562
43,56,0.00018818517421142404
43,57,0.0017937650648237866
43,58,0.00032832306990078237
43,59,0.002013981758049921
43,60,0.0001321300159356807
43,61,0.002126092074601408
43,62,0.00011211031655148667
43,63,0.002398359986226447
43,64,0.0023383008880738646
43,65,9.609455704413142e-05
43,66,0.0002162127533492957
43,67,0.0002642600318713614
43,68,0.00018418123433458524
43,69,0.0002682639717482002
43,70,0.00024023639261032856
43,71,0.0005125043042353676
43,72,0.003379325256051955
43,73,6.406303802942095e-05
43,74,8.007879753677619e-05
43,75,0.0002202166932261345
43,76,0.0005004924846048512
43,77,0.0016456192893807506
43,78,8.80866772904538e-05
43,79,0.0002922876110092331
43,80,0.00018418123433458524
43,81,0.0018658359826068851
43,82,0.00010410243679780905
43,83,0.00019619305396510167
43,84,0.00020019699384194047
43,85,0.0033152622180225343
43,86,0.00014414183556619713
43,87,6.005909815258214e-05
43,88,0.00012011819630516428
43,89,0.0005004924846048512
43,90,0.0003843782281765257
43,91,8.408273741361499e-05
43,92,0.0037516916645979645
43,93,5.605515827574333e-05
43,94,4.804727852206571e-05
43,95,3.603545889154928e-05
43,96,0.0001281260760588419
43,97,0.0001321300159356807
43,98,0.00010410243679780905
43,99,0.0008768628330276993
43,100,0.00018017729445774641
43,101,3.2031519014710474e-05
43,102,0.0011691504440369323
43,103,2.0019699384194048e-05
43,104,9.609455704413142e-05
43,105,0.00016416153495039118
43,106,0.0002842797312555555
43,107,0.00016015759507355238
43,108,0.00016816547482722998
43,109,0.00015615365519671356
43,110,0.00018418123433458524
43,111,2.8027579137871666e-05
43,112,0.0005965870416489826
43,113,0.0004684609655901407
43,114,0.0002162127533492957
43,115,6.406303802942095e-05
43,116,6.806697790625976e-05
43,117,8.007879753677619e-05
43,118,0.00020420093371877927
43,119,0.0001321300159356807
43,120,0.0003843782281765257
43,121,9.609455704413142e-05
43,122,0.00010410243679780905
43,123,6.806697790625976e-05
43,124,8.80866772904538e-05
43,125,4.0039398768388096e-05
43,126,0.0001241221361820031
43,127,8.408273741361499e-05
43,128,4.804727852206571e-05
43,129,0.00011611425642832547
43,131,4.0039398768388096e-05
44,44,0.8716203013712276
44,45,0.006616680778676434
44,46,0.000337155708467589
44,47,0.005268057944806078
44,48,0.0019041634898680879
44,49,0.001934814008819687
44,50,0.0026436072595754138
44,51,0.0017968866735374913
44,52,0.00037163754228813786
44,53,0.00043676989506028575
44,54,1.9156574344749373e-05
44,55,0.007409762956549058
44,56,0.0009654913469753684
44,57,0.002819847743547108
44,58,0.0005708659154735313
44,59,0.0027125709272165116
44,60,0.000521058822177183
44,61,0.003275774212952143
44,62,0.000337155708467589
44,63,0.004348542376258108
44,64,0.000858214530644772
44,65,0.000275854670564391
44,66,0.0006398295831146291
44,67,0.00022221626239909276
44,68,0.00042144463558448623
44,69,7.662629737899749e-05
44,70,0.0003524809679433885
44,71,0.0002681920408264912
44,72,0.004632059676560399
44,73,0.000490408303225584
44,74,0.000643660897983579
44,75,0.0005172275073082331
44,76,0.0017662361545858923
44,77,0.0009693226618443184
44,78,3.8313148689498746e-05
44,79,0.000337155708467589
44,80,2.6819204082649125e-05
44,81,0.002206837364515128
44,82,0.0002720233556954411
44,83,6.1301037903198e-05
44,84,0.00029501124490914036
44,85,0.007831207592133545
44,86,0.0005478780262598321
44,87,0.00023371020700594237
44,88,0.0007432750845762757
44,89,0.000766262973789975
44,90,0.001379273352821955
44,91,0.00014558996502009525
44,92,0.0008850337347274211
44,93,4.214446355844863e-05
44,94,2.298788921369925e-05
44,96,0.00011877076093744613
44,98,4.9807093296348375e-05
44,99,8.045761224794737e-05
44,100,4.9807093296348375e-05
44,103,0.01103418682257564
44,104,0.0010804307930438648
44,105,0.0017125977464205941
44,106,0.00047891435861873436
44,107,0.001869681656047539
44,108,0.0017317543207653434
44,109,0.0022259939388598773
44,110,0.002291126291632025
44,111,0.000490408303225584
44,112,0.005141624554130732
44,113,0.003620592551157632
44,114,0.0047699870118425945
44,115,0.0004827456734876842
44,116,0.0006398295831146291
44,117,0.001375442037953005
44,118,0.002114885807660331
44,119,0.00047891435861873436
44,120,0.0021608615860877296
44,121,0.001045948959223316
44,122,0.001869681656047539
44,123,0.001869681656047539
44,124,0.001406092556904604
44,125,0.0008658771603826717
44,126,0.000766262973789975
44,127,0.0008122387522173735
44,128,0.000766262973789975
44,129,0.0019731271575091857
44,130,0.00031799913412283964
44,131,0.00042144463558448623
45,45,0.873945696129405
45,46,0.00046216060080878107
45,47,0.00593106104371269
45,48,0.0018101290198343925
45,49,0.0023685730791450027
45,50,0.0022530329289428075
45,51,0.0020989793953398806
45,52,0.00028885037550548814
45,53,0.0004236472174080493
45,55,0.00724051607933757
45,56,0.0008665511265164644
45,57,0.0026381667629501253
45,58,0.000635470826112074
45,59,0.0025803966878490277
45,60,0.0004043905257076834
45,61,0.003427691122665126
45,62,0.0004043905257076834
45,63,0.0038705950317735414
45,64,0.000943577893317928
45,65,0.00036587714230695167
45,66,0.0008472944348160986
45,67,0.00011554015020219527
45,68,0.00028885037550548814
45,69,0.00011554015020219527
45,70,0.00028885037550548814
45,71,0.00032736375890621993
45,72,0.00462160600808781
45,73,0.00038513383400731754
45,74,0.000635470826112074
45,75,0.0004043905257076834
45,76,0.001559792027729636
45,77,0.0010206046601193915
45,79,0.000308107067205854
45,81,0.001887155786635856
45,82,0.000308107067205854
45,84,0.00019256691700365877
45,85,0.006797612170229154
45,86,0.000308107067205854
45,87,0.00028885037550548814
45,88,0.0005199306759098787
45,89,0.0005391873676102445
45,90,0.001405738494126709
45,91,0.00013479684190256114
45,92,0.0010013479684190256
45,96,9.628345850182938e-05
45,103,0.011091854419410746
45,104,0.0011168881186212208
45,105,0.0014827652609281726
45,106,0.000308107067205854
45,107,0.0023878297708453686
45,108,0.0017523589447332947
45,109,0.0023685730791450027
45,110,0.0018293857115347584
45,111,0.0007124975929135375
45,112,0.008241864047756595
45,113,0.0033314076641632966
45,114,0.004794916233391103
45,115,0.00032736375890621993
45,116,0.00046216060080878107
45,117,0.0013287117273252456
45,118,0.0014442518775274408
45,119,0.0005777007510109763
45,120,0.003639514731369151
45,121,0.0014635085692278067
45,122,0.0019064124783362219
45,123,0.0024263431542461003
45,124,0.001559792027729636
45,125,0.0007510109763142692
45,126,0.0012901983439245139
45,127,0.0013287117273252456
45,128,0.0008280377431157327
45,129,0.0025996533795493936
45,130,0.00032736375890621993
45,131,0.0006547275178124399
46,46,0.9564239009460211
46,47,0.0005877851975514747
46,48,0.00011825264329437952
46,49,0.0018050918196994992
46,50,0.0015025041736227045
46,51,0.0017250973845297718
46,52,0.0019233444629938787
46,53,0.0016937952142459655
46,54,0.00014955481357818587
46,55,0.001005147468002226
46,56,0.00014259877573734
46,57,0.001102531997774068
46,58,0.00020868113522537563
46,59,0.0025946021146355035
46,60,8.347245409015025e-05
46,61,0.0015511964385086256
46,62,6.608235948803562e-05
46,63,0.001763355592654424
46,64,0.0014398998330550918
46,65,8.695047301057317e-05
46,66,0.00013564273789649415
46,67,0.00013216471897607124
46,68,6.260434056761268e-05
46,69,0.00023650528658875904
46,70,0.00013564273789649415
46,71,0.0002678074568725654
46,72,0.002104201446855871
46,73,6.608235948803562e-05
46,74,6.956037840845854e-05
46,75,0.0001669449081803005
46,76,0.00042779632721202005
46,77,0.0022224540901502506
46,78,0.00011825264329437952
46,79,0.00035127991096271566
46,80,0.00021563717306622148
46,81,0.0024102671118530886
46,82,0.00014259877573734
46,83,0.00021911519198664442
46,84,0.0003199777406789093
46,85,0.0024728714524207013
46,86,0.0001147746243739566
46,88,8.695047301057317e-05
46,89,0.00036171396772398444
46,90,0.0003199777406789093
46,91,4.5214245965498055e-05
46,94,0.005272676683361157
46,95,5.912632164718976e-05
46,96,0.00018433500278241513
46,97,0.00018781302170283807
46,98,0.0001391207568169171
46,99,0.0015929326655537005
46,100,0.00024693934335002783
46,101,5.217028380634391e-05
46,102,0.0007442960489705064
46,103,5.912632164718976e-05
46,104,0.00010781858653311074
46,105,7.999443516972733e-05
46,106,0.0001286867000556483
46,107,0.00010086254869226488
46,108,8.347245409015025e-05
46,109,9.390651085141903e-05
46,110,0.00010086254869226488
46,111,2.434613244296049e-05
46,112,0.00020172509738452976
46,113,0.00025041736227045074
46,114,0.00015651085141903172
46,115,4.1736227045075125e-05
46,116,5.217028380634391e-05
46,117,6.260434056761268e-05
46,118,0.00019824707846410685
46,119,3.8258208124652195e-05
46,120,0.00011129660545353366
46,122,8.347245409015025e-05
46,123,6.260434056761268e-05
46,124,4.5214245965498055e-05
46,125,4.5214245965498055e-05
46,126,4.869226488592098e-05
46,127,3.478018920422927e-05
46,129,6.608235948803562e-05
46,131,2.7824151363383416e-05
47,47,0.9321442995067362
47,48,0.004345830039730344
47,49,0.0024231713168313754
47,50,0.0014497606169076606
47,51,0.0012564592013199725
47,52,0.0005730006247777897
47,53,0.0011839711704745895
47,54,0.00020710865955823722
47,55,0.0029236839107637824
47,56,0.00046944629499867104
47,57,0.0017500681732671047
47,58,0.0004280245630870236
47,59,0.0016188993555468878
47,60,0.00038660283117537613
47,61,0.00218844816933204
47,62,0.00036244015422691515
47,63,0.002136671004442481
47,64,0.0008318864492255862
47,65,0.00020365684856559995
47,66,0.0007076212534906439
47,67,0.0002450785804772474
47,68,0.000276144879410983
47,69,0.00012081338474230506
47,70,0.0002450785804772474
47,71,0.0003382774772784541
47,72,0.002802870526021477
47,73,0.00016913873863922706
47,74,0.00025888582444779653
47,75,0.00022091590352878637
47,76,0.0010666095967249217
47,77,0.0013323990431579928
47,78,9.665070779384403e-05
47,79,0.0006075187347041626
47,80,0.0001070061407717559
47,81,0.001598188489591064
47,82,0.0001656869276465898
47,83,9.665070779384403e-05
47,84,0.00023472314749933552
47,85,0.0027372861171613685
47,86,0.00064894046661581
47,87,9.319889680120675e-05
47,88,0.000276144879410983
47,89,0.0004280245630870236
47,90,0.0005868078687483388
47,91,0.00010355432977911861
47,92,0.0015464113247015045
47,93,4.142173191164745e-05
47,94,6.213259786747117e-05
47,95,1.7259054963186436e-05
47,96,0.0001622351166539525
47,97,6.558440886010845e-05
47,98,4.142173191164745e-05
47,99,0.00034172928827109144
47,100,0.00011390976275703048
47,101,2.0710865955823724e-05
47,114,0.007773478355419171
47,121,0.0016430620324953487
47,122,0.0041801431120837545
47,123,0.0032412505220864125
47,124,0.0013013327442242572
47,125,0.0009388925899973421
47,127,0.0009078262910636065
47,128,0.0007973683392992133
47,129,0.0027200270621981822
47,130,0.0007490429854022913
47,131,0.0008871154251077828
48,48,0.9343212357151828
48,49,0.002066375166965397
48,50,0.0011302273012683663
48,51,0.000821983491831539
48,52,0.00015983012341168814
48,53,0.0004109917459157695
48,54,6.849862431929492e-05
48,55,0.0033335997168723527
48,56,0.0005708218693274577
48,57,0.0014955532976379392
48,58,0.0006050711814871052
48,59,0.0016553834210496273
48,60,0.0004224081833023187
48,61,0.001712465607982373
48,62,0.0002511616225040814
48,63,0.00148413686025139
48,64,0.000296827372050278
48,65,0.00023974518511753223
48,66,0.001198725925587661
48,67,0.000296827372050278
48,68,0.00028541093466372884
48,69,6.849862431929492e-05
48,70,0.0003082438094368271
48,71,0.00011416437386549153
48,72,0.0027171120979986984
48,73,0.0001712465607982373
48,74,0.00019407943557133561
48,75,0.00023974518511753223
48,76,0.0011758930508145627
48,77,0.0008676492413777357
48,78,5.7082186932745765e-05
48,79,0.0006164876188736542
48,81,0.000742068430125695
48,82,0.00011416437386549153
48,85,0.0020207094174192
48,86,0.0010617286769490713
48,87,6.849862431929492e-05
48,88,0.00028541093466372884
48,89,0.000296827372050278
48,90,0.0005822383067140068
48,91,6.849862431929492e-05
48,92,0.0004224081833023187
48,96,7.991506170584407e-05
48,98,5.7082186932745765e-05
48,124,0.0077403445480803265
48,125,0.006804196682383295
48,127,0.0059022981288459125
48,128,0.005536972132476339
48,129,0.005445640633383946
48,130,0.0010845615517221696
48,131,0.0021348737912846917
49,49,0.9383302077498235
49,50,0.002306437078350666
49,51,0.0020044326457049613
49,52,0.0014101658588859933
49,53,0.0018388173116734455
49,54,0.0002362454029567208
49,55,0.0020531430380671717
49,56,0.00041647385469689957
49,57,0.001841252831291556
49,58,0.0004822328843858837
49,59,0.001938673616015977
49,60,0.00021189020677561557
49,61,0.00218466109744514
49,62,0.00019971260868506297
49,63,0.003017608806838939
49,64,0.0017194768503860298
49,65,0.00042134489393312065
49,66,0.0006843810126890572
49,67,0.00028008475608271027
49,68,0.0002362454029567208
49,69,0.0003799410604252417
49,70,0.0003653279427165786
49,71,0.0006989941303977204
49,72,0.0030151732872208286
49,73,0.0001436956574685209
49,74,0.00016805085364962616
49,75,0.0002727781972283787
49,76,0.0009254974548819991
49,77,0.0019825129691419664
49,78,0.00012177598090552619
49,79,0.0005212011982756521
49,80,0.00023137436372049977
49,81,0.002757008207701113
49,82,0.00021676124601183663
49,83,0.0002338098833386103
49,84,0.00039455417813390485
49,85,0.0034438247400082806
49,86,0.0005455563944567574
49,87,6.575902968898415e-05
49,88,0.00032392410920869966
49,89,0.0005942667868189678
49,90,0.0005382498356024258
49,91,9.254974548819991e-05
49,98,0.005584646484327431
49,99,0.0008158990720670256
49,100,0.0002143257263937261
49,101,5.358143159843153e-05
49,102,0.0019435446552521982
49,103,0.00016805085364962616
49,104,0.0002630361187559366
49,105,0.0002752137168464892
49,106,0.0008767870625197886
49,107,0.0005820891887284152
49,108,0.0004018607369882364
49,109,0.00027034267761026816
49,110,0.0003190530699724786
49,111,5.1145911980321e-05
49,112,0.0008061569935945834
49,113,0.0010521444750237463
49,114,0.0007720597189410361
49,115,0.00016561533403151562
49,116,0.00017779293212206825
49,117,0.0005772181494921941
49,118,0.000608879904527631
49,119,0.0003385372269173628
49,120,0.0005772181494921941
49,121,0.00014126013785041038
49,122,0.00048710392362210476
49,123,0.0006916875715433888
49,124,0.0002727781972283787
49,125,0.00025329404028349447
49,126,0.00028252027570082076
49,127,0.0001924060498307314
49,128,0.0003775055408071312
49,129,0.00032879514844492074
49,130,0.0001120339024330841
49,131,0.00011934046128741567
50,50,0.927669848176325
50,51,0.002728271659801769
50,52,0.0011629423768685014
50,53,0.0007318135489419657
50,54,4.4218341325798526e-05
50,55,0.0026951079038074204
50,56,0.0004399724961916954
50,57,0.0026066712211558233
50,58,0.0005814711884342507
50,59,0.0018704358380812777
50,60,0.00019013886770093366
50,61,0.0037696135980243247
50,62,0.0002675209650210811
50,63,0.005657736772635921
50,64,0.0016382895461208354
50,65,0.00031616114047945947
50,66,0.0006345331980252089
50,67,0.00034711397940751843
50,68,0.00026309913088850125
50,69,0.00023656812609302213
50,70,0.00023656812609302213
50,71,0.0005350419300421622
50,72,0.0034711397940751843
50,73,0.00024762271142447176
50,74,0.0001857170335683538
50,75,0.0003846995695344472
50,76,0.0012513790595200984
50,77,0.001138622289139312
50,78,2.432008772918919e-05
50,79,0.00018350611650206388
50,80,3.3163755994348897e-05
50,81,0.003975228885189287
50,82,0.0002741537162199509
50,83,0.0002586772967559214
50,84,0.0006632751198869779
50,89,0.013177065715087961
50,91,0.00179968649196
50,92,0.002984738039491401
50,93,7.51711802538575e-05
50,94,0.00012823318984481573
50,95,2.2109170662899263e-05
50,96,0.00010612401918191646
50,97,0.00017024061410432433
50,98,0.00024541179435818184
50,99,0.0002829973844851106
50,100,0.00012381135571223588
50,102,0.0030024253760217202
50,103,0.0002918410527502703
50,104,0.00031395022341316954
50,105,0.00041786332552879606
50,106,0.00042449607672766584
50,107,0.00031395022341316954
50,108,0.0006323222809589189
50,109,0.00047313625218604427
50,110,0.0006256895297600492
50,111,0.00013265502397739559
50,112,0.0011010366990123832
50,113,0.0012381135571223588
50,114,0.0007097043782790664
50,115,0.00020782620423125307
50,116,0.00031395022341316954
50,117,0.00030510655514800984
50,118,0.000809195646262113
50,119,0.00017024061410432433
50,120,0.0006301113638926291
50,121,0.00011496768744707618
50,122,0.00039133232073331695
50,123,0.000210037121297543
50,124,0.0002498336284907617
50,125,0.00028741921861769043
50,126,0.00024098996022560199
50,127,0.00014592052637513514
50,128,0.00013265502397739559
50,129,0.00019898253596609337
50,130,2.432008772918919e-05
50,131,5.748384372353809e-05
51,51,0.9424404764335268
51,52,0.00109226918412596
51,53,0.0010310204448291773
51,54,8.778985965872202e-05
51,55,0.00301547959804494
51,56,0.000808483358717533
51,57,0.0019517931589241454
51,58,0.000567571650816854
51,59,0.0013862631327505176
51,60,0.00015312184824195702
51,61,0.0034115547788308026
51,62,0.0003205350689864967
51,63,0.0035218025095650114
51,64,0.001069811313050473
51,65,0.00030216044719746184
51,66,0.00042669955043425357
51,67,0.00014903859895550484
51,68,0.00012045585395033952
51,69,0.00017762134396067015
51,70,0.0001592467221716353
51,71,0.00042669955043425357
51,72,0.0036728827331637425
51,73,0.0001286223525232439
51,74,0.00020824571360906154
51,75,0.00036340918649424467
51,76,0.0011290184277040298
51,77,0.001392388006680196
51,78,4.8998991437426244e-05
51,79,0.0002878690746948792
51,80,0.00013678885109614828
51,84,0.008190998068623088
51,85,0.004518115335459345
51,86,0.0003450345647052098
51,87,9.59563582316264e-05
51,88,0.00028991069933810527
51,89,0.0013025565223782477
51,90,0.0006716945076213848
51,91,0.0001939543411064789
51,93,0.002946064360175253
51,94,0.00013678885109614828
51,95,1.8374621789034842e-05
51,96,0.00013883047573937435
51,97,0.00013066397716647
51,98,0.0002266203353980964
51,99,0.000457323920082645
51,100,0.0001592467221716353
51,101,3.26659942916175e-05
51,102,0.0022559952307648332
51,103,0.00026745282826261827
51,104,0.000349117813991662
51,105,0.00021232896289551372
51,106,0.0002980771979110097
51,107,0.00028991069933810527
51,108,0.00038586705756973167
51,109,0.00047161529258522763
51,110,0.00030420207184068797
51,111,7.758173644259156e-05
51,112,0.0006941523786968718
51,113,0.000873815347300768
51,114,0.0005614467768871757
51,115,0.00021028733825228764
51,116,0.00017557971931744405
51,117,0.00019803759039293108
51,118,0.0004981564129471668
51,119,0.00011637260466388734
51,120,0.0003838254329265056
51,121,0.00010820610609098296
51,122,0.0002939939486245575
51,123,0.00021641221218196593
51,124,0.00020007921503615718
51,125,0.0001327056018096961
51,126,0.00011637260466388734
51,127,9.391473358840031e-05
51,128,0.00010208123216130468
51,129,0.00017149647003099187
51,130,4.083249286452187e-05
51,131,5.716549001033062e-05
52,52,0.9655553546869386
52,53,0.0016087287838879977
52,54,4.119077967280791e-05
52,55,0.0007231270209226277
52,56,0.00014645610550331702
52,57,0.0015675380042151899
52,58,0.0002677400678732514
52,59,0.0013135281962328744
52,60,5.263266291525455e-05
52,61,0.0015240588478938925
52,62,9.84001958850411e-05
52,63,0.0022197253490346485
52,64,0.0021098832699071608
52,65,0.00010297694918201976
52,66,9.84001958850411e-05
52,67,0.00012357233901842373
52,68,8.695831264259447e-05
52,69,0.00035012162721886723
52,70,5.7209416212233204e-05
52,71,0.0003524100038673565
52,72,0.002299818531731775
52,73,6.178616950921186e-05
52,74,6.407454615770119e-05
52,75,0.0001052653258305091
52,76,0.00037987052364922845
52,77,0.0021533624262284577
52,78,2.517214313338261e-05
52,79,0.0001373025989093597
52,80,6.178616950921186e-05
52,81,0.002935987240011808
52,82,0.00018535850852763558
52,83,0.0004210613033220364
52,84,0.00041190779672807906
52,85,0.0026247680158172594
52,86,7.551642940014783e-05
52,87,2.9748896430361267e-05
52,88,8.009318269712649e-05
52,89,0.0005011544860191628
52,90,0.0002837587044126767
52,91,6.636292280619051e-05
52,92,0.004881107391227737
52,93,0.00013501422226087036
52,94,0.00014416772885482768
52,95,3.2037273078850594e-05
52,96,0.000153321235448785
52,97,0.0002196841582549755
52,98,0.00023799117144289014
52,99,0.00019908876841857155
52,100,0.00029748896430361265
52,102,0.0006979548777892451
52,103,3.4325649727339924e-05
52,104,8.695831264259447e-05
52,105,8.695831264259447e-05
52,106,0.00013501422226087036
52,107,6.636292280619051e-05
52,108,7.780480604863715e-05
52,109,5.9497792860722534e-05
52,110,5.034428626676522e-05
52,111,1.6018636539425297e-05
52,112,0.00011899558572144507
52,113,0.00022197253490346483
52,114,0.0001304374689638917
52,115,2.9748896430361267e-05
52,116,2.517214313338261e-05
52,117,4.119077967280791e-05
52,118,0.00011899558572144507
52,119,3.890240302431858e-05
52,120,6.865129945467985e-05
52,121,1.6018636539425297e-05
52,122,4.347915632129724e-05
52,123,3.2037273078850594e-05
52,124,3.6614026375829254e-05
52,125,4.347915632129724e-05
52,126,2.517214313338261e-05
52,127,2.517214313338261e-05
52,128,1.8307013187914627e-05
52,129,3.890240302431858e-05
53,53,0.9499173561245259
53,54,0.0028868439146332026
53,55,0.0005441290974742393
53,56,0.00013204806549584047
53,57,0.0012294130235819632
53,58,0.0001798585719684724
53,59,0.004655832654120583
53,60,0.00021173224295022698
53,61,0.0012294130235819632
53,62,0.00012294130235819632
53,63,0.0015231061347709878
53,64,0.000958486820237049
53,65,9.789770372967485e-05
53,66,0.00020262547981258282
53,67,9.334432216085276e-05
53,68,0.00010245108529849693
53,69,0.00015709166412436197
53,70,6.602403274792024e-05
53,71,0.00022083900608787116
53,72,0.002121875811071092
53,73,3.6427052550576685e-05
53,74,1.8213526275288343e-05
53,75,0.00011611123000496318
53,76,0.00033239685452401225
53,80,0.008992928598423619
53,81,0.0016915812528174048
53,82,0.0001434315194178957
53,83,0.00018896533510611655
53,84,0.00029824649275784663
53,85,0.0016369406739915398
53,86,0.00012977137471142943
53,87,1.3660144706466258e-05
53,88,8.423755902320858e-05
53,89,0.0003050765651110797
53,90,0.00018441195353729447
53,91,3.6427052550576685e-05
53,100,0.011016906705765037
53,101,0.005682620197889963
53,102,0.0005168088080613068
53,103,3.18736709817546e-05
53,104,6.602403274792024e-05
53,105,6.602403274792024e-05
53,106,0.00013660144706466258
53,107,7.285410510115337e-05
53,108,9.334432216085276e-05
53,109,3.4150361766165645e-05
53,110,4.553381568822086e-05
53,112,0.00012521799314260736
53,113,0.00015026159177112882
53,114,0.00019807209824376074
53,115,3.18736709817546e-05
53,116,4.098043411939877e-05
53,117,5.2363888041453985e-05
53,118,0.00010472777608290797
53,119,2.959698019734356e-05
53,120,9.56210129452638e-05
53,121,3.4150361766165645e-05
53,122,0.00011838792078937424
53,123,6.602403274792024e-05
53,124,5.691726961027607e-05
53,125,7.057741431674233e-05
53,126,2.959698019734356e-05
53,127,4.325712490380981e-05
53,128,4.098043411939877e-05
53,129,4.78105064726319e-05
53,130,2.0490217059699386e-05
53,131,1.59368354908773e-05
54,54,0.9399601901125239
54,55,0.0003859121745135476
54,57,0.0013405370272575863
54,58,0.0001624893366372832
54,59,0.008002599829386196
54,60,0.0003859121745135476
54,61,0.000873380184425397
54,63,0.0009952471869033594
54,64,0.0003249786732745664
54,66,0.00022342283787626436
54,71,0.00010155583539830198
54,72,0.003107608563188041
54,75,0.0001421781695576228
54,76,0.00020311167079660396
54,80,0.016269244830807977
54,81,0.0004874680099118495
54,83,0.00010155583539830198
54,85,0.0011780476906203031
54,89,0.0001421781695576228
54,90,0.0001421781695576228
54,100,0.01180078807328269
54,101,0.012186700247796238
54,102,0.00020311167079660396
55,55,0.9322933460978448
55,56,0.004848778592472276
55,57,0.0029941858718488448
55,58,0.0006689351713695746
55,59,0.0018565955205377116
55,60,0.00038854318337035176
55,61,0.0038974486331891985
55,62,0.0004566383804558773
55,63,0.003068289468677211
55,64,0.0008251535646834274
55,65,0.00019226879177089572
55,66,0.0005207279777128426
55,67,0.0002523527891993006
55,68,0.0003805319837132311
55,69,0.00011415959511396932
55,70,0.00020228279134229654
55,71,0.0002683751885135419
55,74,0.0067073769129242684
55,75,0.0005347475771128037
55,76,0.0015842147321956095
55,77,0.0011536127506253742
55,78,3.204479862848262e-05
55,79,0.0003384731855133477
55,80,9.212879605688753e-05
55,81,0.0037933030376466298
55,82,0.0002924087874849039
55,83,0.00012217079477108998
55,84,0.0009533327591973579
55,85,0.003939507431389082
55,86,0.0003865403834560716
55,87,0.00010214279562828835
55,88,0.0003464843851704683
55,89,0.0007610639674264622
55,90,0.0006228707733411309
55,91,0.0001321847943424908
55,92,0.0014340047386245973
55,93,0.00022231079048509817
55,94,0.00010214279562828835
55,95,1.2016799485680983e-05
55,96,0.00014420159382817177
55,97,4.806719794272393e-05
55,98,0.00016422959297097343
55,99,8.81231962283272e-05
55,100,0.00011816519494252965
55,101,3.204479862848262e-05
55,109,0.009224896405174434
55,110,0.0005868203748840879
55,111,0.0001602239931424131
55,112,0.0018285563217377895
55,113,0.001750447125080863
55,114,0.0016282763303097731
55,115,0.0002723807883421023
55,116,0.00023833318979933946
55,117,0.0003985571829417526
55,118,0.0008011199657120654
55,119,0.0002263163903136585
55,120,0.0007871003663121043
55,121,0.00031243678662770555
55,122,0.000684957570683816
55,123,0.000526736377455683
55,124,0.0006428987724839325
55,125,0.00044061598114163603
55,126,0.00024434158954217996
55,127,0.00037252078405611045
55,128,0.00029841718722774436
55,129,0.0007610639674264622
55,130,0.00011816519494252965
55,131,0.00020628839117085686
56,56,0.9342849107017297
56,57,0.0031219237800590633
56,58,0.000773449585149768
56,59,0.0020812825200393755
56,60,0.0005062579102798481
56,61,0.00450007031359865
56,62,0.0005625087891998312
56,63,0.0032906764168190127
56,64,0.0009422022219097173
56,65,0.00023906623540992828
56,66,0.0006187596681198143
56,67,0.00019687807621994094
56,68,0.00042188159189987344
56,69,0.0001406271972999578
56,70,0.0003375052735198987
56,71,0.00032344255378990294
56,74,0.007481366896357756
56,75,0.00042188159189987344
56,76,0.0020812825200393755
56,77,0.00153283645056954
56,79,0.0006328223878498101
56,80,0.00021094079594993672
56,81,0.003276613697089017
56,82,0.00026719167486991983
56,83,0.00018281535648994517
56,84,0.0013500210940795949
56,85,0.004289129517648713
56,86,0.0004359443116298692
56,87,0.00012656447756996203
56,88,0.00023906623540992828
56,89,0.0011672057375896499
56,90,0.0006187596681198143
56,91,0.0001406271972999578
56,92,0.0017156518070594853
56,93,0.00023906623540992828
56,94,0.00018281535648994517
56,96,0.0002250035156799325
56,98,0.00030937983405990717
56,100,0.00025312895513992405
56,109,0.008282941920967514
56,110,0.0005062579102798481
56,111,9.843903810997047e-05
56,112,0.0017156518070594853
56,113,0.0013359583743495992
56,114,0.0014625228519195613
56,115,0.00026719167486991983
56,116,0.0001406271972999578
56,117,0.00040781887216987766
56,118,0.0006609478273098017
56,119,0.00016875263675994936
56,120,0.0008015750246097596
56,121,0.00025312895513992405
56,122,0.0005906342286598228
56,123,0.0004921951905498523
56,124,0.000576571508929827
56,125,0.00026719167486991983
56,126,0.00035156799324989455
56,127,0.00035156799324989455
56,128,0.00025312895513992405
56,129,0.0007593868654197722
56,130,9.843903810997047e-05
56,131,0.00019687807621994094
57,57,0.9438765307673234
57,58,0.002751581759572545
57,59,0.004241355313992273
57,60,0.0004619297866724258
57,61,0.003465473248066294
57,62,0.00020196930066629872
57,63,0.003301498172277814
57,64,0.001143826138426959
57,65,0.00015797598764987722
57,66,0.0004539310024876219
57,67,0.00026395987809852903
57,68,0.00022796534926691143
57,69,0.00011998176277205865
57,70,0.0002399635255441173
57,71,0.0003439477199465681
57,73,0.003977395435893744
57,74,0.0007898799382493861
57,75,0.0003479471120389701
57,76,0.000883865652420832
57,77,0.0018177237059966884
57,78,0.00015997568369607819
57,79,0.00041393708156360235
57,80,0.0005099224917812493
57,81,0.0015457650437133556
57,82,0.0001059838904486518
57,83,0.00012798054695686256
57,84,0.00035394620017757303
57,85,0.005213207592445948
57,86,0.0003599452883161759
57,87,8.998632207904398e-05
57,88,0.00029795471088394564
57,89,0.0012138155000439932
57,90,0.0006039082059526952
57,91,0.0001339796350954655
57,92,0.0030715331269647013
57,93,0.0002119677808973036
57,94,9.398571417144594e-05
57,95,3.59945288316176e-05
57,96,0.00016597477183468112
57,97,0.00010398419440245083
57,98,0.00026595957414473
57,99,0.0010938337372719347
57,100,0.0004019389052863965
57,101,0.0002799574464681368
57,102,0.0025376142826290405
57,103,0.0003219510634383574
57,104,0.00026395987809852903
57,105,0.00047392796294963167
57,106,0.00036994376854718083
57,107,0.00044593221830281795
57,108,0.0004079379934249994
57,109,0.0009358577496220575
57,110,0.00042993464993321015
57,111,0.0001059838904486518
57,112,0.0008758668682360281
57,113,0.0010038474151928907
57,114,0.0010778361689023268
57,115,0.0001399787232340684
57,116,0.0001499772034650733
57,117,0.0003459474159927691
57,118,0.0008538702117278174
57,119,0.00015397659555747527
57,120,0.0004339340420256121
57,121,0.0001339796350954655
57,122,0.0004019389052863965
57,123,0.0003219510634383574
57,124,0.0004059382973787984
57,125,0.00033394923971556326
57,126,0.00020796838880490166
57,127,0.0002399635255441173
57,128,0.00016597477183468112
57,129,0.00036194498436237693
57,130,5.1992097201225414e-05
57,131,0.00012198145881825963
58,58,0.9302082693371014
58,59,0.002531178964182589
58,60,0.00043005467838053694
58,62,0.0045708668673588495
58,63,0.00505007065184002
58,64,0.0014498986299686675
58,65,0.00044234195490569516
58,66,0.0012901640351416109
58,67,0.00036861829575474597
58,68,0.00030718191312895495
58,69,0.00033175646617927135
58,70,0.0008723966332862322
58,71,0.0009092584628617067
58,76,0.010935676107390796
58,77,0.0015481968421699331
58,79,0.00036861829575474597
58,80,0.00023345825397800578
58,81,0.0034895865331449286
58,82,0.00038090557227990414
58,83,0.00028260736007863855
58,84,0.0010198439515881304
58,85,0.005197517970141918
58,86,0.0009584075689623395
58,87,0.0001474473183018984
58,88,0.00045462923143085334
58,89,0.001609633224795724
58,90,0.0009584075689623395
58,91,0.0001474473183018984
58,92,0.0025557535172329054
58,93,0.00018430914787737299
58,94,0.00011058548872642379
58,96,0.00034404374270442957
58,97,0.0001474473183018984
58,98,0.00043005467838053694
58,99,0.0001597345948270566
58,100,0.00038090557227990414
58,101,6.1436382625791e-05
58,104,0.0043988449960066355
58,105,0.00046691650795601156
58,106,0.0005160656140566443
58,107,0.00045462923143085334
58,108,0.0007003747619340173
58,109,0.0010198439515881304
58,110,0.0005160656140566443
58,111,6.1436382625791e-05
58,112,0.000921545739386865
58,114,0.0012164403759906616
58,115,0.002039687903176261
58,116,0.00017202187135221479
58,117,0.0005406401671069608
58,118,0.0010567057811636052
58,119,0.0001474473183018984
58,120,0.0007372365915094919
58,121,0.00020888370092768938
58,122,0.0008355348037107575
58,123,0.0005037783375314861
58,124,0.0005652147201572771
58,125,0.0005775019966824354
58,126,0.00033175646617927135
58,127,0.0001597345948270566
58,128,0.00019659642440253118
58,129,0.00045462923143085334
58,130,6.1436382625791e-05
58,131,0.00022117097745284758
59,59,0.9570732537088563
59,60,0.0026487491342964413
59,61,0.0018919636673546008
59,62,0.00018746062025164852
59,63,0.002084631527057684
59,64,0.0011473284257994415
59,65,8.505157770676645e-05
59,66,0.0002985483952155884
59,67,0.00016489591596209824
59,68,0.0001666316624459098
59,69,0.00013885971870492483
59,70,0.00013538822573730172
59,71,0.00019613935267070632
59,72,0.0022686206543417096
59,73,0.000402693184244282
59,74,0.0006647909032998277
59,75,0.00023953301476599534
59,76,0.000876551974324838
59,77,0.002412687612498069
59,78,0.00016489591596209824
59,79,0.00046691580414530973
59,80,0.0007168632978141745
59,85,0.0032319599528571256
59,86,0.0002863981698289075
59,87,6.942985935246242e-05
59,88,0.00019613935267070632
59,89,0.0006821483681379432
59,90,0.0003367348178594427
59,91,0.00010240904254488206
59,92,0.0048062820136742105
59,93,0.00012497374683443236
59,94,0.00023432577531456064
59,95,7.290135232008554e-05
59,96,0.00026036197257173405
59,97,9.025881715820115e-05
59,98,0.00021349681750882193
59,99,0.002532454119881067
59,100,0.0007741429317799559
59,101,0.0005311384240463374
59,102,0.0015465501170761004
59,103,0.00021349681750882193
59,104,0.00021870405696025662
59,105,0.00027077645147460344
59,106,0.00017357464838115605
59,107,0.00029507690224796527
59,108,0.00021696831047644506
59,109,0.0010518623691898057
59,110,0.0002620977190555456
59,111,5.2072394514346815e-05
59,112,0.000892173692679142
59,113,0.0006422261990102773
59,114,0.0007671999458447097
59,115,0.00012323800035062078
59,116,0.0001006732960610705
59,117,0.0002794551838936612
59,118,0.0006977700864922473
59,119,0.0001492741976077942
59,120,0.00045129408579100573
59,121,0.0001805176343164023
59,122,0.0003540922826975583
59,123,0.00033152757840800804
59,124,0.00033152757840800804
59,125,0.0002898696627965306
59,126,0.0001978750991545179
59,127,0.00019961084563832946
59,128,0.00020828957805738726
59,129,0.0003367348178594427
59,130,5.2072394514346815e-05
59,131,0.00013365247925349017
60,60,0.9344328508919556
60,61,0.0025131829911365423
60,62,0.0003365870077415012
60,63,0.0035678222820599123
60,64,0.0007853696847301694
60,65,0.00026926960619320093
60,66,0.0006956131493324357
60,67,0.0003590261415909346
60,68,0.00026926960619320093
60,69,0.00013463480309660046
60,70,0.0003141478738920678
60,71,0.0001570739369460339
60,72,0.0036127005497587792
60,73,0.0007404914170313026
60,74,0.00197464377875014
60,75,0.00042634354313923485
60,76,0.002064400314147874
60,77,0.0027600134634803096
60,78,0.00022439133849433412
60,79,0.0007180522831818692
60,80,0.0009648827555256368
60,85,0.005071244249971951
60,86,0.0005834174800852687
60,87,0.0001795130707954673
60,88,0.00047122181083810165
60,89,0.001144395826321104
60,90,0.0005385392123864019
60,91,0.0002468304723437675
60,92,0.0026029395265342757
60,93,0.00013463480309660046
60,94,0.00013463480309660046
60,96,0.0001795130707954673
60,98,0.0003365870077415012
60,99,0.001413665432514305
60,100,0.0007853696847301694
60,101,0.0006058566139347021
60,102,0.0026926960619320095
60,103,0.00047122181083810165
60,104,0.0005609783462358353
60,105,0.0005385392123864019
60,106,0.00022439133849433412
60,107,0.0011668349601705373
60,108,0.0007180522831818692
60,109,0.002782452597329743
60,110,0.0006282957477841356
60,112,0.0021990351172444743
60,113,0.0019970829125995735
60,114,0.001682935038707506
60,115,0.00026926960619320093
60,117,0.0008302479524290362
60,118,0.00098732188937507
60,119,0.0002019522046449007
60,120,0.0012117132278694042
60,121,0.0006282957477841356
60,122,0.0010995175586222372
60,123,0.0010995175586222372
60,124,0.000875126220127903
60,125,0.0009200044878267698
60,126,0.00042634354313923485
60,127,0.0006956131493324357
60,128,0.0005609783462358353
60,129,0.0017726915741052395
60,130,0.00029170874004263433
60,131,0.0005385392123864019
61,61,0.9479130164194544
61,62,0.0032056763037865386
61,63,0.0041434102116279
61,64,0.0011269627233250446
61,65,0.00024810000252305085
61,66,0.000559276276873996
61,67,0.00023688644308698077
61,68,0.00017661356111810402
61,69,0.0001583915270344901
61,70,0.0002761339011132261
61,71,0.0003910728853329446
61,75,0.005476422089590733
61,76,0.001048467807272554
61,77,0.001077903400792238
61,78,2.5230508731157716e-05
61,79,0.0002256728836509107
61,80,0.00014157118788038497
61,81,0.004802206828497018
61,82,0.00032238983378701525
61,83,0.00024249322280501582
61,84,0.001355438996834973
61,87,0.0070687475295126865
61,88,0.0003602355968837518
61,89,0.0015292491680940594
61,90,0.0008494271272823097
61,91,0.00024950169745255964
61,92,0.0022945745996058435
61,93,0.00020745084956729678
61,94,8.410169577052572e-05
61,95,8.410169577052572e-06
61,96,0.00012334915379677106
61,97,0.00011213559436070097
61,98,0.00016680169661154268
61,99,0.00013876779802136745
61,100,0.0002873474605492962
61,101,6.587966168691182e-05
61,102,0.0025903322297321923
61,103,0.00023127966336894572
61,104,0.00031958644392799773
61,105,0.00031117627435094515
61,106,0.0004163033940641023
61,107,0.00027893729097224363
61,108,0.00046255932673789144
61,109,0.000812983059115082
61,110,0.0005340457681428383
61,111,9.811864506561334e-05
61,112,0.0006826254306707671
61,113,0.0011676118762807988
61,114,0.0009082983143216778
61,115,0.00014998135745743752
61,116,0.0002102542394263143
61,117,0.0002733305112542086
61,118,0.0006349678030674691
61,119,0.00017941695097712154
61,120,0.0004163033940641023
61,121,0.0001401694929508762
61,122,0.0004597559368788739
61,123,0.0003546288171657168
61,124,0.0003490220374476817
61,125,0.00028174068083126116
61,126,0.00015698983210498134
61,127,0.00017661356111810402
61,128,0.00016119491689350763
61,129,0.0003167830540689802
61,130,7.989661098199943e-05
61,131,0.00014577627266891123
62,62,0.928547973993564
62,63,0.005100588866268251
62,64,0.0012915654210722183
62,65,0.000503491604824763
62,66,0.0016199295111753245
62,67,0.0003064731507628992
62,68,0.00028458221142269215
62,69,0.0002626912720824851
62,70,0.002035857358639259
62,71,0.0010507650883299403
62,76,0.013506709572907774
62,77,0.00172938420787636
62,79,0.00041592784746393466
62,80,0.0001970184540618638
62,81,0.003524441233773341
62,82,0.0003502550294433134
62,83,0.0003064731507628992
62,84,0.0013353472997526324
62,87,0.007180228103587925
62,88,0.0008537466342680765
62,89,0.0016418204505155316
62,90,0.0013353472997526324
62,91,0.000503491604824763
62,92,0.001970184540618638
62,93,0.0004378187868041418
62,96,0.0002626912720824851
62,97,0.0001532365753814496
62,98,0.00032836409010310633
62,100,0.00032836409010310633
62,104,0.0038528053238764477
62,105,0.0003502550294433134
62,106,0.00045970972614434885
62,107,0.0003502550294433134
62,108,0.0008099647555876622
62,109,0.0012696744817320112
62,110,0.00041592784746393466
62,111,0.00010945469670103544
62,112,0.001488583875134082
62,114,0.0015761476324949104
62,115,0.002802040235546507
62,116,0.0003940369081237276
62,117,0.0005472734835051772
62,118,0.0013572382390928395
62,119,0.00024080033274227798
62,120,0.0007224009982268339
62,121,0.0003721459687835205
62,122,0.0008975285129484906
62,123,0.0006567281802062127
62,124,0.0006129463015257984
62,125,0.0006129463015257984
62,126,0.0003502550294433134
62,127,0.0003940369081237276
62,128,0.0002626912720824851
62,129,0.0007880738162474552
62,130,0.00024080033274227798
62,131,0.00048160066548455597
63,63,0.9423900143808553
63,64,0.0016642698574480265
63,65,0.003038130209569552
63,66,0.004113203859095542
63,67,0.0003001829021403739
63,68,0.00031135249849908547
63,69,0.00038116247574103293
63,70,0.0003364840903061866
63,71,0.000513801432500733
63,72,0.00314703377406699
63,73,0.0003462574871200592
63,74,0.0004523686525278193
63,75,0.0007162503665023805
63,76,0.0017550228278625582
63,77,0.0013682755539421694
63,78,3.071638998645687e-05
63,79,0.00014520475266325064
63,80,0.00011169596358711587
63,81,0.003937282716445834
63,82,0.0003727852784719992
63,83,0.00030716389986456866
63,84,0.0010443572595395334
63,88,0.008145428144590424
63,89,0.002374935425771051
63,90,0.001271937785348282
63,91,0.0004384066570794298
63,92,0.0023232760426120103
63,93,0.00015777054856680117
63,94,9.49415690490485e-05
63,95,1.9546793627745277e-05
63,96,0.00014660095220808957
63,97,0.00018848693855325803
63,98,0.0003602194825684487
63,99,0.00010192256677324324
63,100,0.0002834285076023065
63,101,3.071638998645687e-05
63,108,0.006483950686232076
63,109,0.0008628513187104701
63,111,0.0009410384932214513
63,112,0.0012286555994582746
63,114,0.001135110229954065
63,116,0.0017326836351451349
63,117,0.0003211258953129581
63,118,0.0007986261396478785
63,119,0.00024293872080197702
63,120,0.0005724418133839688
63,121,0.00020244893400164752
63,122,0.00041746366390684554
63,123,0.0003895396730100666
63,124,0.0004649344484313698
63,125,0.00024573111989165494
63,126,0.00022897672535358754
63,127,0.0002192033285397149
63,128,0.00018709073900841907
63,129,0.00040070926936877817
63,130,6.980997724194742e-05
63,131,0.00013403515630453904
64,64,0.9585697525829848
64,67,0.002791237259528368
64,68,0.0021392216809354133
64,69,0.0034170849888132443
64,70,0.0037812542250173363
64,71,0.0056849652621800435
64,72,0.0018470140303285373
64,73,0.00018099429104754262
64,74,0.00027476241773482374
64,75,0.0003140141916969414
64,76,0.0009333199586547981
64,77,0.0012277082633706806
64,78,3.48904657441046e-05
64,79,0.00013520055475840534
64,80,6.760027737920267e-05
64,81,0.0017859557152763543
64,82,0.0001395618629764184
64,83,0.00021152344857363416
64,84,0.00031619484580594796
64,85,0.0025775331568457273
64,86,8.068420203324189e-05
64,87,0.0002093427944646276
64,88,0.0004186855889292552
64,89,0.0006781834279010332
64,90,0.0003510853115500526
64,91,9.376812668728112e-05
64,92,0.002656036704769963
64,93,0.00014174251708542495
64,94,0.0001395618629764184
64,96,0.00010903270545032688
64,97,0.00016354905817549033
64,98,0.00039687904783918985
64,99,8.286485614224843e-05
64,100,0.00036634989031309834
64,101,2.1806541090065377e-05
64,102,0.0015068319893235176
64,103,4.361308218013075e-05
64,104,0.0002725817636258172
64,105,0.0002464139143177387
64,106,0.0002442332602087322
64,107,0.0002791237259528368
64,108,0.00042740820536528136
64,109,0.0004579373628913729
64,110,0.0001221166301043661
64,111,5.669700683416998e-05
64,112,0.0005342602567066017
64,113,0.00035544661976806563
64,114,0.000518995677943556
64,115,7.850354792423535e-05
64,116,0.00012429728421337264
64,117,0.00017663298282952954
64,118,0.00048410521219945134
64,119,0.0001504651335214511
64,120,0.00021588475679164723
64,121,7.850354792423535e-05
64,122,0.0001330199006493988
64,123,0.0001330199006493988
64,124,0.0002464139143177387
64,125,0.00016136840406648378
64,126,0.0001395618629764184
64,127,0.00013520055475840534
64,128,0.00011993597599535957
64,129,0.00011993597599535957
64,130,1.5264578763045764e-05
64,131,7.850354792423535e-05
65,65,0.9254129051524131
65,66,0.007304803252704844
65,71,0.007166976776238715
65,72,0.004157765373394896
65,73,0.0003905083499873659
65,74,0.0006431902235086027
65,75,0.0006661613029196242
65,76,0.0037902281028185515
65,77,0.0019525417499368296
65,79,0.00034456619116532286
65,80,0.00016079755587715066
65,81,0.005283348264534951
65,82,0.0010107274940849471
65,83,0.0005053637470424736
65,84,0.001493120161716399
65,88,0.008568212620311029
65,89,0.0033078354351870993
65,90,0.0022052236234580665
65,91,0.0008039877793857533
65,92,0.0019525417499368296
65,93,0.0001837686352881722
65,96,0.0002756529529322583
65,97,0.00013782647646612916
65,98,0.0010336985734959686
65,100,0.0002986240323432798
65,108,0.008223646429145706
65,109,0.000964785335262904
65,111,0.0008729010176188179
65,112,0.0013323226058392485
65,114,0.0012404382881951624
65,116,0.0018147152734707005
65,117,0.0005742769852755381
65,118,0.0008039877793857533
65,119,0.0004594215882204305
65,120,0.0006431902235086027
65,121,0.00016079755587715066
65,122,0.0007121034617416672
65,123,0.000528334826453495
65,124,0.000482392667631452
65,125,0.0002526818735212368
65,126,0.0002067397146991937
65,128,0.0005513059058645166
65,129,0.0005972480646865596
65,130,0.0001837686352881722
66,66,0.929289933197493
66,67,0.001624925846637951
66,68,0.0005158494751231591
66,69,0.00025792473756157955
66,70,0.0005158494751231591
66,71,0.0013154161615640556
66,72,0.003830182352789456
66,73,0.0003997833432204483
66,74,0.0006706043176601068
66,75,0.0013283123984421347
66,76,0.004513682907327642
66,79,0.002334218874932295
66,80,0.00020633979004926363
66,81,0.002837172113177375
66,82,0.0005545381857573959
66,83,0.00024502850068350057
66,84,0.0009801140027340023
66,88,0.009530319052900364
66,89,0.0030306156663485596
66,90,0.002734002218152743
66,91,0.0009027365814655284
66,92,0.0019860204792241623
66,93,0.00020633979004926363
66,94,0.00010316989502463182
66,96,0.0002192360269273426
66,97,0.00011606613190271078
66,98,0.0005287457120012381
66,99,9.027365814655284e-05
66,100,0.00024502850068350057
66,116,0.009246601841582627
66,117,0.0017925769260529777
66,118,0.003752804931520982
66,120,0.0029790307188362437
66,122,0.0029532382450800855
66,123,0.0008382553970751335
66,125,0.002089190374248794
66,126,0.001728095741662583
66,127,0.0006577080807820278
66,128,0.001044595187124397
66,129,0.0009672177658559232
66,130,0.00020633979004926363
66,131,0.0005932268963916329
67,67,0.93639804663751
67,68,0.0033732765890682305
67,69,0.0022161642707250583
67,70,0.004687285492949459
67,71,0.005177587322755889
67,72,0.0030594834179921157
67,73,0.00017650865873031438
67,74,0.000509913902998686
67,75,0.0006864225617290003
67,76,0.0024711212222244014
67,79,0.0015297417089960579
67,81,0.0013140089038812294
67,82,0.00015689658553805723
67,83,9.806036596128576e-05
67,84,0.000509913902998686
67,86,0.0039224146384514305
67,87,0.0004510776834219145
67,88,0.0015297417089960579
67,89,0.0017062503677263724
67,90,0.0008629312204593148
67,91,0.00039224146384514305
67,92,0.0017650865873031437
67,93,0.00015689658553805723
67,94,0.00017650865873031438
67,96,0.00011767243915354292
67,97,9.806036596128576e-05
67,98,0.0005491380493832003
67,100,0.00015689658553805723
67,113,0.0027260781737237444
67,115,0.0008825432936515719
67,116,0.0012943968306889722
67,117,0.0017062503677263724
67,118,0.007825217203710605
67,120,0.002176940124340544
67,122,0.0013336209770734863
67,123,0.0005491380493832003
67,125,0.002569181588185687
67,126,0.0019808193924179727
67,127,0.0008040950008825433
67,128,0.0008237070740748005
67,129,0.0004903018298064288
67,131,0.00035301731746062876
68,68,0.9386661543059648
68,69,0.002519106784509628
68,70,0.004910123393535716
68,71,0.005507877545792237
68,72,0.003735963451603262
68,73,0.000619102514837112
68,74,0.0011314632167712735
68,75,0.0006831476025788822
68,76,0.0029247256735408394
68,77,0.0013662952051577645
68,79,0.0006831476025788822
68,80,0.0001280901754835404
68,81,0.0013449468425771743
68,82,0.0001280901754835404
68,83,0.00017078690064472056
68,84,0.00036292216387003116
68,85,0.002134836258059007
68,86,0.0006617992399982921
68,87,0.0003415738012894411
68,88,0.0009606763161265531
68,89,0.0013022501174159943
68,90,0.000917979590965373
68,91,0.00014943853806413047
68,96,0.0032876478374108706
68,97,0.00017078690064472056
68,98,0.0006831476025788822
68,100,0.0005550574270953418
68,102,0.002177532983220187
68,103,0.0002134836258059007
68,104,0.0004696639767729815
68,105,0.0005764057896759318
68,106,0.0005337090645147518
68,107,0.0004910123393535716
68,108,0.0005764057896759318
68,109,0.0014089919303189446
68,110,0.00014943853806413047
68,112,0.000917979590965373
68,113,0.0011314632167712735
68,114,0.0016438239187054353
68,115,0.00023483198838649075
68,116,0.0006617992399982921
68,117,0.0007044959651594723
68,118,0.0017078690064472055
68,119,0.00038427052645062125
68,120,0.0010887664916100935
68,121,0.0004910123393535716
68,122,0.0013022501174159943
68,123,0.0007044959651594723
68,124,0.001216856667093634
68,125,0.0011314632167712735
68,126,0.0005337090645147518
68,127,0.0008112377780624226
68,128,0.0006617992399982921
68,129,0.0006617992399982921
68,130,0.0002561803509670808
68,131,0.0008752828658041928
69,69,0.9555937063060831
69,70,0.0026902178722500486
69,71,0.015946620413797987
69,72,0.0021061574131431304
69,73,0.0002477832250756624
69,74,0.00015928921612006866
69,75,0.0002477832250756624
69,76,0.0010973257110493619
69,77,0.0009026388913470558
69,79,0.0003185784322401373
69,80,0.00015928921612006866
69,81,0.0029733987009079484
69,82,0.00026548202686678114
69,83,0.0005309640537335623
69,84,0.000619458062689156
69,85,0.002176952620307605
69,86,0.0002123856214934249
69,87,0.00010619281074671244
69,88,0.0005663616573157997
69,89,0.0008849400895559371
69,90,0.0004955664501513248
69,91,8.849400895559371e-05
69,92,0.00267251907045893
69,93,0.00017698801791118742
69,94,0.0001238916125378312
69,96,0.0003185784322401373
69,97,0.00017698801791118742
69,98,0.0005840604591069185
69,100,0.0003185784322401373
69,102,0.0014866993504539742
69,104,0.00037167483761349355
69,105,0.0001238916125378312
69,106,0.0003008796304490186
69,107,0.0001238916125378312
69,108,0.000477867648360206
69,109,0.0003008796304490186
69,110,8.849400895559371e-05
69,112,0.00040707244119573107
69,113,0.0006902532698536309
69,114,0.00026548202686678114
69,115,0.00014159041432894992
69,116,0.00028318082865789985
69,117,0.0002123856214934249
69,118,0.0005486628555246809
69,120,0.00028318082865789985
69,122,0.00023008442328454365
69,124,0.00014159041432894992
69,125,0.00015928921612006866
69,126,0.0001238916125378312
69,127,8.849400895559371e-05
70,70,0.9502594718050276
70,71,0.009439280706572803
70,72,0.002370661616964686
70,73,0.00021682880642969688
70,74,0.0004625681203833533
70,75,0.0008528599719568077
70,76,0.0047702337414533315
70,77,0.0011708755547203632
70,79,0.001026323017100565
70,80,8.673152257187875e-05
70,81,0.0008094942106708683
70,82,0.0001734630451437575
70,83,7.227626880989895e-05
70,84,0.00030356032900157563
70,85,0.0021249223030110295
70,86,0.0011708755547203632
70,87,0.0005348443891932523
70,88,0.000968502002052646
70,89,0.0010552335246245249
70,90,0.0009829572558146258
70,91,0.0001879182989057373
70,92,0.0010985992859104642
70,94,8.673152257187875e-05
70,96,0.00041920235909741394
70,97,8.673152257187875e-05
70,98,0.0004625681203833533
70,99,0.00013009728385781814
70,100,0.0002891050752395958
70,102,0.0018936382428193527
70,103,8.673152257187875e-05
70,104,0.0008962257332427471
70,105,0.00039029185157345435
70,106,0.00023128406019167665
70,107,0.0004770233741453331
70,108,0.0007950389569088886
70,109,0.0005203891354312725
70,110,0.00021682880642969688
70,112,0.0011275097934344237
70,113,0.0016189884213417367
70,114,0.0008384047181948279
70,115,0.0009106809870047268
70,116,0.0008384047181948279
70,117,0.000621575911765131
70,118,0.0009395914945286865
70,119,0.00027464982147761604
70,120,0.0011997860622443228
70,121,0.00024573931395365645
70,122,0.0010552335246245249
70,123,0.00039029185157345435
70,124,0.00027464982147761604
70,125,0.0005782101504791916
70,126,0.00039029185157345435
70,127,0.0003180155827635554
70,128,0.000346926090287515
70,129,0.0004770233741453331
70,131,0.00023128406019167665
71,71,0.96340230679511
71,72,0.0029547712644174694
71,73,0.00020735236943280488
71,74,0.0002591904617910061
71,75,0.0006566158365372154
71,76,0.002436390340835457
71,77,0.0012613935807162296
71,79,0.0005874983800596138
71,80,0.00013823491295520324
71,81,0.0027560585770443646
71,82,0.00043198410298501017
71,83,0.00043198410298501017
71,84,0.0009330856624476219
71,85,0.002600544299969761
71,86,0.0007602920212536179
71,87,0.00033694760032830794
71,88,0.0011404380318804268
71,89,0.0010454015292237246
71,90,0.0006911745647760162
71,91,0.00021599205149250509
71,92,0.0024623093870145578
71,93,0.00012959523089550306
71,94,0.00019871268737310467
71,96,0.0003715063285671087
71,97,0.00011231586677610265
71,98,0.0006134174262387145
71,99,8.639682059700203e-05
71,100,0.0003887856926865091
71,101,4.3198410298501014e-05
71,102,0.002082163376387749
71,104,0.00048382219534321135
71,105,0.00014687459501490344
71,106,0.0003887856926865091
71,107,0.00023327141561190547
71,108,0.0009503650265670223
71,109,0.0003455872823880081
71,110,0.00014687459501490344
71,111,8.639682059700203e-05
71,112,0.0005356602877014126
71,113,0.001442826903969934
71,114,0.0005270206056417124
71,115,0.0004492634671044106
71,116,0.0006047777441790142
71,117,0.0002678301438507063
71,118,0.0007602920212536179
71,119,8.639682059700203e-05
71,120,0.0007602920212536179
71,121,6.911745647760162e-05
71,122,0.00041470473886560976
71,123,0.00027646982591040647
71,124,0.00016415395913430385
71,125,0.00023327141561190547
71,126,0.00020735236943280488
71,127,0.00011231586677610265
71,128,9.503650265670223e-05
71,129,0.00024191109767160568
71,130,9.503650265670223e-05
71,131,6.911745647760162e-05
72,72,0.9414850180095622
72,73,0.004225385519837626
72,74,0.004396501773848692
72,75,0.004742122722544312
72,76,0.006685393448788802
72,77,0.002127940742949502
72,78,8.97936778473914e-05
72,79,0.0005811175755029293
72,80,0.0005472331687680646
72,81,0.003125836521291267
72,82,0.00026090993185845805
72,83,0.0002778521352258904
72,84,0.0008183084226469821
72,85,0.004703155654799218
72,86,0.0004964065586657676
72,87,0.00010843010155156699
72,88,0.000831862185340928
72,89,0.0013367398456904118
72,90,0.0007302089651363339
72,91,0.00022194286411336366
72,92,0.002764967589564958
72,93,0.0002185544234398772
72,94,0.00011351276256179669
72,95,3.219018639812145e-05
72,96,0.0001694220336743234
72,97,0.00011351276256179669
72,98,0.0003134307622974983
72,99,0.0005760349144926996
72,100,0.00048454701630856495
72,101,0.00022702552512359337
72,102,0.003030960182433646
72,103,0.0003778111350937412
72,104,0.00039644755879791676
72,105,0.0005252083043904026
72,106,0.0003269845249914442
72,107,0.00045913371125741643
72,108,0.0009352096258822653
72,109,0.0005370678467476052
72,110,0.0004472741689002138
72,111,0.00015247983030689107
72,112,0.001165623591679345
72,113,0.0014265335235378032
72,114,0.0011012432188831022
72,115,0.0001643393726640937
72,116,0.00042016664351232207
72,117,0.0003591747113895656
72,118,0.0008640523717390494
72,119,0.0001795873556947828
72,120,0.0006099193212275643
72,121,0.0002185544234398772
72,122,0.0005946713381968752
72,123,0.00037950535543048445
72,124,0.0004726874739513623
72,125,0.00040491866048163297
72,126,0.00034053828768539003
72,127,0.00026599259286868773
72,128,0.0002541330505114851
72,129,0.00047946435529833527
72,130,0.0001338434066027155
72,131,0.00017111625401106665
73,73,0.9213203098686427
73,74,0.007634444818681935
73,75,0.0066240035926799145
73,76,0.010665768496687999
73,77,0.0017738857078702145
73,78,0.00013472549680026944
73,79,0.0008083529808016167
73,80,0.00038172224093409676
73,81,0.0017289772089367913
73,82,0.00024699674413382734
73,83,0.0001796339957336926
73,84,0.0007185359829347704
73,85,0.006736274840013472
73,86,0.0007858987313349051
73,87,0.0001796339957336926
73,88,0.0015717974626698102
73,89,0.001953519703603907
73,90,0.0012349837206691366
73,91,0.00040417649040080836
73,92,0.0022005164477377345
73,93,0.00024699674413382734
73,96,0.00022454249466711575
73,98,0.0005164477377343663
73,99,0.000583810486134501
73,100,0.0003592679914673852
73,101,0.00040417649040080836
73,102,0.004535758392275738
73,103,0.0006960817334680588
73,104,0.000583810486134501
73,105,0.0009206242281351746
73,106,0.0004939934882676547
73,107,0.000740990232401482
73,108,0.0017738857078702145
73,109,0.000898169978668463
73,110,0.0009655327270685978
73,111,0.0002694509936005389
73,112,0.001594251712136522
73,113,0.0019759739530706187
73,114,0.0025597844392051196
73,115,0.00038172224093409676
73,116,0.0009879869765353094
73,117,0.0007634444818681935
73,118,0.0015717974626698102
73,119,0.0002694509936005389
73,120,0.0009879869765353094
73,121,0.00024699674413382734
73,122,0.0010778039744021555
73,123,0.0008532614797350399
73,124,0.0012798922196025598
73,125,0.0008083529808016167
73,126,0.00040417649040080836
73,127,0.0004490849893342315
73,128,0.0005389019872010778
73,129,0.0010778039744021555
73,130,0.00022454249466711575
73,131,0.0002919052430672505
74,74,0.9395664170279858
74,75,0.006984627512810406
74,76,0.008986992510839575
74,77,0.0018604651162790699
74,79,0.0005991328340559716
74,80,7.883326763894364e-05
74,81,0.0018131651556957036
74,82,0.00039416633819471815
74,83,0.00018919984233346473
74,84,0.0007883326763894363
74,85,0.003862830114308238
74,86,0.0006306661411115491
74,87,0.00015766653527788727
74,88,0.0010563657863618446
74,89,0.0009459992116673236
74,90,0.0009144659046117461
74,91,0.0002364998029168309
74,92,0.0010248324793062672
74,93,0.00026803310997240834
74,94,7.883326763894364e-05
74,96,0.000173433188805676
74,98,9.459992116673236e-05
74,100,0.000173433188805676
74,109,0.010516357903035081
74,110,0.0005833661805281829
74,111,0.00012613322822230982
74,112,0.0023807646826960976
74,113,0.0019392983839180134
74,114,0.0022230981474182106
74,115,0.0002364998029168309
74,116,0.0005518328734726055
74,117,0.0005360662199448167
74,118,0.0012770989357508869
74,119,0.00026803310997240834
74,120,0.0009144659046117461
74,121,0.00033109972408356325
74,122,0.0013559322033898306
74,123,0.0007725660228616476
74,124,0.0008829325975561687
74,125,0.0006464327946393378
74,126,0.0004099329917225069
74,127,0.00044146629877808436
74,128,0.0006148994875837604
74,129,0.001387465510445408
74,130,0.000173433188805676
74,131,0.0004256996452502956
75,75,0.941540026843313
75,76,0.009947179287353336
75,77,0.0013313417326925574
75,79,0.0006602589080833009
75,80,0.00017318266441529204
75,81,0.0034203576222020175
75,82,0.00042213274451227434
75,83,0.00023812616357102653
75,84,0.0015586439797376282
75,87,0.007316967571546088
75,88,0.0015153483136338053
75,89,0.0021323115556132833
75,90,0.0012663982335368229
75,91,0.00030306966272676105
75,92,0.0024353812183400443
75,93,0.0003355414123046283
75,94,0.00010823916525955752
75,96,0.00020565441399315927
75,97,0.000129886998311469
75,98,0.0003463653288305841
75,99,0.00019483049746720353
75,100,0.0002273022470450708
75,101,0.00010823916525955752
75,102,0.0033770619560981948
75,103,0.00042213274451227434
75,104,0.0005087240767199204
75,105,0.0005628436593496991
75,106,0.00044378057756418583
75,107,0.00036801316188249557
75,108,0.0011581590682772655
75,109,0.0016668831449971858
75,110,0.0007468502402909468
75,111,0.00020565441399315927
75,112,0.0014720526475299823
75,113,0.0019807767242499027
75,114,0.0015802918127895398
75,115,0.0004546044940901416
75,116,0.0008659133220764602
75,117,0.0005736675758756548
75,118,0.001309693899640646
75,119,0.0003355414123046283
75,120,0.0008442654890245487
75,121,0.0003138935792527168
75,122,0.0009092089881802832
75,123,0.0005087240767199204
75,124,0.00044378057756418583
75,125,0.0006494349915573451
75,126,0.00044378057756418583
75,127,0.0002922457462008053
75,128,0.0004979001601939646
75,129,0.0006927306576611682
75,130,0.00011906308178551327
75,131,0.0002922457462008053
76,76,0.9437441713546524
76,77,0.0019554165037152915
76,78,6.618332781805601e-05
76,79,0.0009566499202791734
76,80,0.00020456664961944588
76,81,0.0030143497488041874
76,82,0.00039108330074305825
76,83,0.00029481664209861315
76,84,0.0011551999037333414
76,85,0.004037182996901417
76,86,0.0011251165729069524
76,87,0.0015222165398152885
76,88,0.001973466502211125
76,89,0.0024487831292680728
76,90,0.001762883186426401
76,91,0.0006136999488583376
76,92,0.001997533166872236
76,93,0.0002767666436027797
76,94,9.024999247916729e-05
76,96,0.000367016636081947
76,97,9.024999247916729e-05
76,98,0.000433199963900003
76,99,0.00016244998646250112
76,100,0.00028879997593333535
76,101,4.8133329322222556e-05
76,104,0.004295899642008363
76,105,0.0006919166090069492
76,106,0.0003429499714208357
76,107,0.000499383291718059
76,108,0.0018049998495833458
76,109,0.0017508498540958455
76,110,0.0006558166120152823
76,111,0.00036099996991666915
76,112,0.0018290665142444572
76,114,0.0020757498270208476
76,115,0.0031406997382750217
76,116,0.0011491832375680635
76,117,0.0006919166090069492
76,118,0.001937366505219458
76,119,0.000300833308263891
76,120,0.001335699888691676
76,121,0.00038506663457778045
76,122,0.0014560332119972323
76,123,0.0008302999308083391
76,124,0.0007761499353208387
76,125,0.0009867332511055624
76,126,0.0005053999578833368
76,127,0.0005294666225444481
76,128,0.000601666616527782
76,129,0.0013116332240305647
76,130,0.0002466833127763906
76,131,0.00047531662705694775
77,77,0.9663727609635577
77,78,0.0019363804817788758
77,79,0.0032767140210006175
77,80,0.006485484867201977
77,81,0.0019502779493514514
77,82,0.00018838789376158122
77,83,0.00017449042618900555
77,84,0.00031500926497838173
77,85,0.0018545398394070414
77,86,5.867819641754169e-05
77,87,0.0001358863495985176
77,88,0.0002810376775787523
77,89,0.00042001235330450896
77,90,0.0002887584928968499
77,91,7.566399011735639e-05
77,95,0.0064947498455836935
77,96,0.00032427424336009883
77,97,9.573810994441013e-05
77,98,0.0003474366893143916
77,99,0.004362260654725139
77,100,0.0005049413218035824
77,101,0.0002470660901791229
77,102,0.0005667078443483632
77,103,3.860407659048796e-05
77,104,0.00014823965410747374
77,105,9.419394688079061e-05
77,106,0.0001019147621988882
77,107,0.00010654725138974676
77,108,0.00026559604694255715
77,109,0.00023934527486102532
77,110,8.801729462631254e-05
77,111,4.478072884496603e-05
77,112,0.00027640518838789374
77,113,0.0002022853613341569
77,114,0.00030574428659666463
77,115,6.022235948116121e-05
77,116,6.022235948116121e-05
77,117,6.485484867201977e-05
77,118,0.00013897467572575664
77,119,4.941321803582458e-05
77,120,9.573810994441013e-05
77,121,4.632489190858555e-05
77,122,9.882643607164916e-05
77,123,0.00011581222977146387
77,124,0.00011272390364422483
77,125,5.09573810994441e-05
77,126,3.39715873996294e-05
77,127,6.485484867201977e-05
77,128,8.184064237183447e-05
77,129,0.00016676961087090796
77,130,3.551575046324892e-05
77,131,5.4045707226683136e-05
78,78,0.946985446985447
78,79,0.004463739757857405
78,80,0.01831356243120949
78,81,0.00045860339977987037
78,84,0.00018344135991194815
78,85,0.0013146630793689617
78,95,0.008835758835758836
78,96,0.001681545799192858
78,98,0.000794912559618442
78,99,0.012596306713953773
78,100,0.0010700745994863643
78,101,0.0011923688394276629
78,102,0.00018344135991194815
78,118,0.00021401491989727283
79,79,0.9652064911745774
79,80,0.009223498323000305
79,81,0.0010671816241487955
79,82,0.00019480299488430395
79,83,7.622725886777112e-05
79,84,0.0003049090354710845
79,86,0.0017701663448182403
79,87,0.00015245451773554224
79,88,0.0004743029440661314
79,89,0.00041501507605786495
79,90,0.0005081817257851408
79,91,0.0001270454314462852
79,95,0.00714842294271098
79,96,0.0006182877663719212
79,97,5.0818172578514075e-05
79,98,0.00039807568519836025
79,99,0.005132635430429922
79,100,0.0004912423349256361
79,101,0.00032184842633058917
79,113,0.0010163634515702815
79,115,0.0003726665989091032
79,116,0.0005505302029339025
79,117,0.0003049090354710845
79,118,0.0005844089846529119
79,120,0.0006436968526611783
79,122,0.0006182877663719212
79,123,0.00026256055832232273
79,125,0.0003726665989091032
79,126,0.0002371514720330657
79,127,0.0001270454314462852
79,128,0.0002540908628925704
79,129,0.00048277263949588373
79,130,0.00021174238574380865
79,131,0.00027949994918182743
80,80,0.9671693484378382
80,81,0.0007536217941009051
80,82,8.818978441606337e-05
80,83,0.00010422429067352943
80,84,8.017253128733034e-05
80,85,0.0011464671974088239
80,86,0.0003527591376642535
80,87,8.017253128733034e-05
80,88,0.00011224154380226247
80,89,0.00020844858134705886
80,90,0.0001924140750895928
80,100,0.014054244734669008
80,101,0.014759763009997515
80,102,0.00017637956883212675
80,108,4.81035187723982e-05
80,113,0.00012827605005972853
80,114,4.008626564366517e-05
80,116,4.81035187723982e-05
80,118,4.008626564366517e-05
80,129,4.008626564366517e-05
81,81,0.9654498325487312
81,82,0.003260609380290134
81,83,0.0026934531190359635
81,84,0.008177401302949859
81,85,0.0043334620037652274
81,86,0.0002253529631219041
81,87,0.0005304959706027599
81,88,0.0007731008352076806
81,89,0.0012065548599684722
81,90,0.0006027383080628918
81,91,0.00017251901483016582
81,92,0.002117670907040285
81,93,6.577287440400071e-05
81,94,8.30247758870173e-05
81,95,7.224233746013193e-05
81,96,0.00012938926112262435
81,97,0.00014124994339219827
81,98,0.000162814820245969
81,99,7.871180051626315e-05
81,100,0.00024799608381836333
81,101,9.704194584196828e-06
81,102,0.0020702281779619897
81,103,0.00019516213552662508
81,104,0.0003202384212784953
81,105,0.00018330145325705117
81,106,0.0003730723695702336
81,107,0.0001660495517740346
81,108,0.0006415550863996791
81,109,0.0007806485421065003
81,110,0.0003989502217947584
81,111,0.00011105911579691924
81,112,0.0005434348967150223
81,113,0.000758005421410041
81,114,0.0005466696282430879
81,115,0.0001574236010325263
81,116,0.00028142164294170797
81,117,0.0001574236010325263
81,118,0.0002706392045148226
81,119,0.00017683199020091995
81,120,0.0003267078843346265
81,121,8.410301972970583e-05
81,122,0.0002544655468744946
81,123,0.00012507628575187022
81,124,0.00011213735963960778
81,125,0.00011105911579691924
81,126,6.145989903324657e-05
81,127,5.714692366249242e-05
81,128,4.959921676367267e-05
81,129,0.00010566789658347656
81,130,1.6173657640328044e-05
81,131,3.0190827595279017e-05
82,82,0.9490961538461539
82,83,0.003
82,84,0.007269230769230769
82,85,0.006269230769230769
82,86,0.0007115384615384616
82,87,0.0010576923076923077
82,88,0.0020192307692307693
82,89,0.0019423076923076924
82,90,0.0015
82,91,0.0003653846153846154
82,92,0.0021153846153846153
82,94,0.0001346153846153846
82,96,0.00023076923076923076
82,97,0.0001923076923076923
82,98,0.00046153846153846153
82,100,0.00025
82,102,0.0031346153846153846
82,103,0.0005576923076923077
82,104,0.000673076923076923
82,105,0.0003269230769230769
82,106,0.0005384615384615384
82,107,0.0005192307692307692
82,108,0.0016538461538461537
82,109,0.0015576923076923077
82,110,0.001
82,111,0.00025
82,112,0.0014615384615384616
82,113,0.0016538461538461537
82,114,0.001346153846153846
82,115,0.0002692307692307692
82,116,0.0010769230769230769
82,117,0.0007115384615384616
82,118,0.0005384615384615384
82,119,0.0004230769230769231
82,120,0.00125
82,121,0.00025
82,122,0.0008653846153846154
82,123,0.0006153846153846154
82,124,0.0005
82,125,0.0003076923076923077
82,126,0.00034615384615384613
82,127,0.00015384615384615385
82,128,0.0002884615384615385
82,129,0.0007115384615384616
82,130,0.00011538461538461538
82,131,9.615384615384615e-05
83,83,0.9756475479689074
83,84,0.008457505875061333
83,85,0.003021460114144049
83,86,0.00014203444981019032
83,87,0.0003615422358804845
83,88,0.0007747333626010382
83,89,0.0009942411486713323
83,90,0.0005164889084006921
83,91,0.00032280556775043256
83,92,0.002608268987423495
83,93,6.456111355008651e-05
83,94,0.00010329778168013842
83,95,0.00014203444981019032
83,96,0.00018077111794024224
83,97,0.00019368334065025954
83,98,0.00018077111794024224
83,99,6.456111355008651e-05
83,100,0.0003873666813005191
83,102,0.0014074322753918859
83,103,6.456111355008651e-05
83,104,0.00015494667252020762
83,105,0.00012912222710017302
83,106,0.00034863001317046716
83,107,9.038555897012112e-05
83,108,0.0005294011311107094
83,109,0.00042610334943057095
83,110,0.00025824445420034604
83,112,0.0004519277948506056
83,113,0.0003615422358804845
83,114,0.00020659556336027684
83,115,6.456111355008651e-05
83,116,0.00020659556336027684
83,117,9.038555897012112e-05
83,118,0.00014203444981019032
83,119,0.00010329778168013842
83,120,0.00023242000878031144
83,122,0.00024533223149032877
83,125,9.038555897012112e-05
83,129,7.747333626010381e-05
84,84,0.9731473742029471
84,85,0.005531010436319346
84,86,0.00032956797936617866
84,87,0.0008263081221789697
84,88,0.0011749814916533327
84,89,0.0019296444009266115
84,90,0.0009791512430444439
84,91,0.00039643684474482364
84,93,0.0021254746495355
84,94,0.00011940868817615169
84,95,3.3434432689322474e-05
84,96,0.0001815012060277506
84,97,8.597425548682922e-05
84,98,0.00019105390108184272
84,99,5.731617032455281e-05
84,100,0.0001767248585007045
84,102,0.0027081890478351206
84,103,0.0001480667733384281
84,104,0.0004442003200152843
84,105,0.00023404102882525733
84,106,0.0006161488309889428
84,107,0.00024359372387934946
84,108,0.0011176653213287799
84,109,0.0009791512430444439
84,110,0.0005062928378668832
84,111,0.00014329042581138202
84,112,0.0006400305686241731
84,113,0.0011510997540181023
84,114,0.0006065961359348507
84,115,0.00020060659613593484
84,116,0.0004728584051775607
84,117,0.00018627755355479664
84,118,0.0003916604972177776
84,119,0.00026269911398753374
84,120,0.000491963795285745
84,121,4.298712774341461e-05
84,122,0.00030568624173094836
84,123,0.0001337377307572899
84,124,0.00012896138323024385
84,125,0.0001480667733384281
84,126,9.552695054092136e-05
84,127,6.686886537864495e-05
84,128,5.253982279750675e-05
84,129,0.00012418503570319777
84,131,4.298712774341461e-05
85,85,0.9448989222069775
85,86,0.00392177078459208
85,87,0.005189704261208175
85,88,0.007282438873511987
85,89,0.008729806251040915
85,90,0.00439266085604841
85,91,0.0005561459580778962
85,92,0.0024575504992426105
85,93,0.00015167617038488077
85,94,8.029914902728981e-05
85,95,7.33597163953018e-05
85,96,0.00014176269519632645
85,97,0.00013482326256433844
85,98,0.0002666724825721106
85,99,0.00015762425549801335
85,100,0.0002448628371572912
85,101,5.254141849933778e-05
85,110,0.009187808804752123
85,111,0.0010984130508918163
85,112,0.0013898692214353125
85,113,0.001531631916631639
85,114,0.0016059829805457962
85,115,0.00028154269535494205
85,116,0.0003311100712977136
85,117,0.00042429673807012396
85,118,0.0008674290789985011
85,119,0.00031128312092060494
85,120,0.0006047219865018122
85,121,0.00028649943294921924
85,122,0.0005967912063509687
85,123,0.0004193400004758468
85,124,0.000558128653115607
85,125,0.00035391106423138843
85,126,0.00022206184422361627
85,127,0.00025576765986470086
85,128,0.00023098397189331516
85,129,0.0004936910643900041
85,130,8.426453910271153e-05
85,131,0.00013184922000777216
86,86,0.9282646994054173
86,87,0.006110988768993614
86,88,0.010772223445643396
86,89,0.009946414152536153
86,90,0.005890772957498349
86,91,0.0007891066578580342
86,92,0.001596564633340674
86,93,0.00014681054099684358
86,94,9.175658812302723e-05
86,95,0.00016516185862144902
86,96,0.0003670263524921089
86,97,0.00011010790574763268
86,98,0.0005505395287381634
86,99,9.175658812302723e-05
86,100,0.00045878294061513615
86,101,0.00018351317624605446
86,113,0.006936798062100859
86,115,0.0021104015268296264
86,116,0.0013029435513469867
86,117,0.0020736988915804155
86,118,0.004697937311898995
86,120,0.003193129266681348
86,122,0.004129046465536226
86,123,0.001027673786977905
86,125,0.002715995008441606
86,126,0.001394700139470014
86,127,0.0007707553402334288
86,128,0.000862511928356456
86,129,0.0021471041620788373
86,130,0.0003853776701167144
86,131,0.0007157013873596124
87,87,0.9342824339839265
87,88,0.01117489475698431
87,89,0.011695369307309605
87,90,0.007256027554535017
87,91,0.0008878683505549178
87,92,0.0021737466513585915
87,93,0.0002296211251435132
87,94,0.00010715652506697283
87,95,9.184845005740528e-05
87,96,0.00021431305013394565
87,97,0.00012246460007654038
87,98,0.0003214695752009185
87,99,0.00013777267508610793
87,100,0.0002602372751626483
87,110,0.010776884806735554
87,111,0.0016073478760045925
87,112,0.001852277076157673
87,113,0.002632988901645618
87,114,0.0021737466513585915
87,115,0.0008572522005357826
87,116,0.0005051664753157291
87,117,0.0006276310753922694
87,118,0.0013930348258706469
87,119,0.0004286261002678913
87,120,0.001148105625717566
87,121,0.0004439341752774589
87,122,0.0011634137007271335
87,123,0.0007347876004592422
87,124,0.0009031764255644852
87,125,0.0007960199004975124
87,126,0.00030616150019135096
87,127,0.0003827018752391887
87,128,0.0005357826253348641
87,129,0.0011327975507079986
87,130,0.00016838882510524303
87,131,0.00047455032529659393
88,88,0.9321074108655808
88,89,0.015821143272123663
88,90,0.009138223190510773
88,91,0.0011325517861465574
88,92,0.0019538679669398626
88,93,0.0002680084379430785
88,94,0.00012103606874848704
88,95,4.3227167410173944e-05
88,96,0.0002420721374969741
88,97,0.00022478127053290452
88,98,0.0005533077428502265
88,99,5.187260089220873e-05
88,100,0.00028529930490714807
88,111,0.01474910952035135
88,112,0.0018674136321195146
88,114,0.0022823944392571845
88,116,0.0052996507244873255
88,117,0.0009682885499878964
88,118,0.0022391672718470104
88,119,0.00044956254106580905
88,120,0.0016772140955147491
88,121,0.00039768994017360033
88,122,0.0016945049624788188
88,123,0.0009942248504340007
88,124,0.0008731887816855137
88,125,0.0008818342151675485
88,126,0.0005100805754400526
88,127,0.0005965349102604005
88,128,0.0006311166441885396
88,129,0.0011411972196285923
88,130,0.00027665387142511324
88,131,0.0004927897084759829
89,89,0.9614175914951694
89,91,0.008323456524081457
89,92,0.0025634809467370615
89,93,0.00025140969004776786
89,94,0.0001526415975290019
89,95,0.00010325755126961893
89,96,0.0001705994325324139
89,97,0.00020651510253923787
89,98,0.00041751966382932873
89,99,0.00013468376252558992
89,100,0.0003097726538088568
89,110,0.008009194411521746
89,111,0.0035062672844161907
89,112,0.0014321373415221062
89,113,0.0019439356391193479
89,114,0.001427647882771253
89,115,0.0004579247925870057
89,116,0.001441116259023812
89,117,0.0006285242251194196
89,118,0.001445605717774665
89,119,0.0003052831950580038
89,120,0.0009966598426893653
89,121,0.00019753618503753187
89,122,0.0010011493014402183
89,123,0.00042200912258018173
89,124,0.0005297561326006537
89,125,0.0005342455913515066
89,126,0.00039956182882591674
89,127,0.0003007937363071508
89,128,0.00027385698380203284
89,129,0.0004264985813310347
89,130,5.836296376108896e-05
89,131,0.00019753618503753187
90,90,0.9526901924211046
90,91,0.012453197646510225
90,92,0.0020023864057164015
90,93,0.00021258211841509745
90,94,6.857487690809595e-05
90,95,8.228985228971515e-05
90,96,0.00019886714303347824
90,97,0.0001645797045794303
90,98,0.00030858694608643176
90,99,8.228985228971515e-05
90,100,0.000288014483014003
90,110,0.007604953849107841
90,111,0.0042790723190651875
90,112,0.001419499951997586
90,113,0.0016800844842483507
90,114,0.002386405716401739
90,115,0.0005143115768107197
90,116,0.0017143719227023988
90,117,0.000864043449042009
90,118,0.001337210099707871
90,119,0.00030858694608643176
90,120,0.0010560531043846777
90,121,0.00034287438454047976
90,122,0.001590937144267826
90,123,0.001083483055147916
90,124,0.0008571859613511994
90,125,0.0009257608382592953
90,126,0.0003360168968496702
90,127,0.0005005966014291004
90,128,0.0006103164044820539
90,129,0.001234347784345727
90,130,0.00035658935992209894
90,131,0.0004388792122118141
91,91,0.9647532963704981
91,92,0.0021432232213576853
91,93,0.0002329590457997484
91,95,0.00013977542747984904
91,96,0.000442622187019522
91,97,0.0003727344732795974
91,98,0.0003028467595396729
91,100,0.00041932628243954715
91,110,0.007151842706052276
91,111,0.005125099007594465
91,112,0.0015142337976983646
91,113,0.0018636723663979873
91,114,0.0016540092251782137
91,115,0.0007454689465591948
91,116,0.002655733122117132
91,117,0.000885244374039044
91,118,0.0014210501793784653
91,119,0.0003727344732795974
91,120,0.001188091133578717
91,121,0.0002795508549596981
91,122,0.0013977542747984904
91,123,0.0007920607557191446
91,124,0.000582397614499371
91,125,0.0006988771373992452
91,126,0.0005125099007594465
91,127,0.00041932628243954715
91,128,0.0004659180915994968
91,129,0.0007687648511391697
91,130,0.00013977542747984904
91,131,0.0003028467595396729
92,92,0.9783340855928435
92,93,0.0030115595810544914
92,94,0.0018617372235656428
92,95,0.0027140178306516755
92,96,0.0016995181336567629
92,97,0.0006925830574348035
92,98,0.00300903804079684
92,99,0.0017734833145478584
92,100,0.0025400315528737575
92,101,0.0001403657410092381
92,102,0.0008060523690290978
92,103,3.530156360711377e-05
92,104,0.00012775803972098315
92,105,0.00010002109688682235
92,106,0.00017314576435870088
92,107,6.556004669892557e-05
92,108,0.0002555160794419663
92,109,0.00020760681454659764
92,110,0.0002504729989266644
92,111,8.573236876013344e-05
92,112,0.00024206786473449443
92,113,0.0003311622871714958
92,114,0.00023282221712310749
92,115,7.81677479871805e-05
92,116,0.00013196060681706814
92,117,8.152980166404847e-05
92,118,0.0002303006768654565
92,119,5.4633372249104646e-05
92,120,0.00015969754965122895
92,121,3.0258483091811804e-05
92,122,0.00011683136527116224
92,123,5.127131857223666e-05
92,124,7.060312721422754e-05
92,125,8.237031508326547e-05
92,126,6.13574796028406e-05
92,127,3.530156360711377e-05
92,128,3.3620536768679784e-05
92,129,6.640056011814257e-05
92,130,4.202567096084973e-06
92,131,2.1853348899641856e-05
93,93,0.9701893584121271
93,94,0.0025095693173464474
93,95,0.002357474207204238
93,96,0.0029405054627493726
93,97,0.001140713326066567
93,98,0.005602169890238029
93,99,0.0011660625110902685
93,100,0.002230728282085731
93,102,0.0016730462115642983
93,104,0.0005069837004740297
93,105,0.00015209511014220892
93,106,0.0004816345154503283
93,107,0.00012674592511850743
93,108,0.0005576820705214328
93,109,0.0007604755507110446
93,110,0.0006844279956399402
93,111,0.00015209511014220892
93,112,0.0006844279956399402
93,113,0.0010393165859717611
93,114,0.0005069837004740297
93,115,0.00025349185023701486
93,116,0.0007351263656873432
93,117,0.0004309361454029253
93,118,0.0003802377753555223
93,119,0.00017744429516591042
93,120,0.0007351263656873432
93,122,0.0004816345154503283
93,123,0.00015209511014220892
93,124,0.00012674592511850743
93,125,0.0003295394053081193
93,126,0.0002281426652133134
93,129,0.00015209511014220892
94,94,0.9791209730253226
94,95,0.0033041843506992907
94,96,0.0017375452189022133
94,97,0.0014242173925427977
94,98,0.0032472156549975787
94,99,0.0021648104366650527
94,100,0.0035605434813569944
94,102,0.0010824052183325264
94,104,0.00017090608710513573
94,107,0.00017090608710513573
94,108,0.00014242173925427978
94,109,0.00025635913065770357
94,110,0.00025635913065770357
94,112,0.00028484347850855955
94,113,0.0003987808699119834
94,114,0.0001993904349559917
94,115,0.0001993904349559917
94,116,0.00028484347850855955
94,118,0.0005127182613154071
94,120,0.00028484347850855955
94,122,0.00014242173925427978
94,125,0.00014242173925427978
95,95,0.9771499251350824
95,96,0.0019746978278323895
95,97,0.00032549964195039387
95,98,0.0043833951782653036
95,99,0.0055551938892867215
95,100,0.007269492003558796
95,101,0.000672699260030814
95,102,0.00043399952260052515
95,104,0.00013019985678015754
95,106,0.00010849988065013129
95,108,0.00013019985678015754
95,109,0.00013019985678015754
95,110,0.0001518998329101838
95,112,0.00019529978517023632
95,113,0.0001518998329101838
95,114,0.00010849988065013129
95,115,0.00010849988065013129
95,118,0.00017359980904021005
95,120,0.00013019985678015754
95,122,0.00017359980904021005
95,128,0.00010849988065013129
96,96,0.9716698560612363
96,97,0.000728013977868375
96,98,0.005012896247607954
96,99,0.003244862301356186
96,100,0.006739329395124386
96,101,0.0002704051917796822
96,102,0.0011232215658540643
96,104,0.0004160079873533572
96,105,0.00018720359430901074
96,106,0.00029120559114735004
96,108,0.0005200099841916964
96,109,0.000728013977868375
96,110,0.0003536067892503536
96,111,0.0003120059905150179
96,112,0.0005408103835593644
96,113,0.0006656127797653715
96,114,0.000748814377236043
96,115,0.0004160079873533572
96,116,0.0005616107829270322
96,117,0.00033280638988268576
96,118,0.0008112155753390465
96,119,0.00012480239620600716
96,120,0.0004576087860886929
96,121,0.00018720359430901074
96,122,0.0006656127797653715
96,123,0.0002496047924120143
96,124,0.00043680838672102506
96,125,0.0003536067892503536
96,126,0.00022880439304434646
96,127,0.00022880439304434646
96,128,0.0005200099841916964
96,129,0.00033280638988268576
96,130,0.00014560279557367502
96,131,0.00029120559114735004
97,97,0.9895424836601308
97,98,0.003357682942458029
97,99,0.0005126233499935922
97,100,0.00197359989747533
97,102,0.0006664103549916698
97,104,0.00015378700499807767
97,105,0.00012815583749839805
97,108,0.00043572984749455336
97,109,0.00012815583749839805
97,110,0.0004100986799948738
97,111,0.0003332051774958349
97,112,0.00012815583749839805
97,113,0.000461361014994233
97,114,0.0002819428424964757
97,116,0.00038446751249519417
97,118,0.00015378700499807767
97,122,0.0002050493399974369
98,98,0.9794861870433983
98,99,0.0023223184479171707
98,100,0.0035641137290951023
98,101,0.00017739932588256165
98,102,0.0016611027787185317
98,103,8.06360572193462e-05
98,104,0.0002419081716580386
98,105,0.0001935265373264309
98,106,0.0011289048010708468
98,107,0.00020965374877030012
98,108,0.001080523166739239
98,109,0.0005160707662038157
98,110,0.0007257245149741158
98,111,0.0004838163433160772
98,112,0.0004354347089844695
98,113,0.000870869417968939
98,114,0.0009353782637444159
98,115,0.00037092586320899254
98,116,0.0007902333607495927
98,117,0.00033867144032125404
98,118,0.000870869417968939
98,119,0.0004354347089844695
98,120,0.0006450884577547696
98,121,9.676326866321545e-05
98,122,0.0004354347089844695
98,123,0.00020965374877030012
98,124,0.0002419081716580386
98,125,0.00037092586320899254
98,126,0.0002741625945457771
98,127,0.00014514490299482317
98,128,0.0001935265373264309
98,129,0.0003225442288773848
98,131,9.676326866321545e-05
99,99,0.9934780125247085
99,101,0.0058296321169803616
99,102,0.0001315475180791293
99,104,2.0770660749336206e-05
99,106,5.885020545645258e-05
99,108,3.115599112400431e-05
99,109,4.5003098290228444e-05
99,110,3.461776791556034e-05
99,111,1.730888395778017e-05
99,112,3.115599112400431e-05
99,113,7.269731262267671e-05
99,114,3.115599112400431e-05
99,116,4.8464875081784476e-05
99,117,2.0770660749336206e-05
99,118,3.461776791556034e-05
99,120,1.730888395778017e-05
99,122,2.0770660749336206e-05
100,100,0.9906759122121988
100,101,0.0058317624882186616
100,102,0.0005133297428302141
100,104,0.000117813383600377
100,105,5.89066918001885e-05
100,106,0.00014305910865760064
100,107,4.207620842870607e-05
100,108,0.0002861182173152013
100,109,0.00019355055877204793
100,110,0.0001683048337148243
100,111,0.00010098290022889458
100,112,0.00013464386697185942
100,113,0.00026087249225797764
100,114,0.00019355055877204793
100,115,0.00010939814191463579
100,116,0.0001767200754005655
100,117,7.573717517167093e-05
100,118,0.000117813383600377
100,119,5.049145011444729e-05
100,120,0.00010098290022889458
100,122,0.00010098290022889458
100,123,7.573717517167093e-05
100,124,9.256765854315336e-05
100,125,7.573717517167093e-05
100,126,5.89066918001885e-05
100,128,6.732193348592971e-05
100,129,7.573717517167093e-05
101,101,0.9994542438002095
102,102,0.9119636181221005
102,103,0.008690860224896834
102,104,0.005126271040596405
102,105,0.0031087172239045342
102,106,0.0026253830972197303
102,107,0.0035609275621285743
102,108,0.007184102701178676
102,109,0.00836314504051585
102,110,0.010646166464667177
102,111,0.0011735499060793913
102,112,0.003756824348322794
102,113,0.008795216456794689
102,114,0.007054115114077839
102,115,0.0010289158302911356
102,116,0.0013932472363906657
102,117,0.0015122499569759395
102,118,0.002361746300846201
102,119,0.00043390222736476716
102,120,0.0013145223596957925
102,121,0.0004558719603958946
102,122,0.0018326418970132149
102,123,0.001274244515805392
102,124,0.001649560788420486
102,125,0.0007158471345975695
102,126,0.0003679930282713848
102,127,0.000305745451349857
102,128,0.0004302406051929126
102,129,0.0018015181085524509
102,130,0.00043390222736476716
102,131,0.0006389530689886233
103,103,0.8640750199832335
103,104,0.006180180531456534
103,105,0.0051469011366073346
103,106,0.00159865868637046
103,107,0.0068040473358937864
103,108,0.009864893845164058
103,109,0.01565515762384731
103,110,0.015499190922737995
103,111,0.0025929464059423315
103,112,0.0064921139336751605
103,113,0.013647086347064902
103,114,0.016493478642309867
103,115,0.0012867252841518336
103,116,0.0017936170627571013
103,117,0.0026709297564969877
103,118,0.0030218548339929424
103,119,0.0005848751291599244
103,120,0.0016766420369251165
103,121,0.0012672294465131695
103,122,0.003626225800791531
103,123,0.0036652174760688594
103,124,0.004035638391203478
103,125,0.0017741212251184372
103,126,0.0003899167527732829
103,127,0.0007018501549919092
103,128,0.001072271070126528
103,129,0.005439338701187297
103,130,0.0014231961476224827
103,131,0.0015206753358158033
104,104,0.9005097657368692
104,105,0.00390915860014892
104,106,0.003007045077037631
104,107,0.0045821639269144855
104,108,0.011326536456841743
104,109,0.01108310899822441
104,110,0.014204708173434905
104,111,0.0016467151612348933
104,112,0.004610802451457701
104,114,0.009522309410619165
104,115,0.01441949710750902
104,116,0.0018901426198522251
104,117,0.0019760581934818717
104,118,0.002763617618420299
104,119,0.0003579815567901942
104,120,0.0013889684403459535
104,121,0.0005727704908643107
104,122,0.0025631479466177902
104,123,0.0017755885216793632
104,124,0.0016323958989632853
104,125,0.0010023483590125438
104,126,0.0003150237699753709
104,127,0.0002720659831605476
104,128,0.00045821639269144854
104,129,0.002777936880691907
104,130,0.0005584512285927029
104,131,0.0008734749985680738
105,105,0.9034887246099671
105,106,0.00167906532030503
105,107,0.004827312795876962
105,108,0.007485832886359926
105,109,0.008978335393297732
105,110,0.008978335393297732
105,111,0.001131037056038805
105,112,0.005130477367598704
105,118,0.023390312725915907
105,119,0.0003031645717217416
105,124,0.015356451575289755
105,125,0.0051537977192696064
105,126,0.0025535785079639
105,127,0.0016091042652923205
105,128,0.0027751218488374805
105,129,0.004279284531610737
105,130,0.0009561344185070311
105,131,0.0019239290128495138
106,106,0.9256411208935448
106,107,0.0022536746040590907
106,108,0.008667979246381118
106,109,0.0070953601545376875
106,110,0.01313817997201481
106,111,0.0014735564718847901
106,113,0.00729348539445497
106,114,0.005770397612590859
106,115,0.0023898857065022226
106,116,0.0013001968869571679
106,117,0.0008420322696484515
106,118,0.003801528040912862
106,119,0.007850712631722328
106,120,0.0022289089490694306
106,121,0.0007677353046794705
106,122,0.0016469160568124126
106,123,0.0008172666146587912
106,124,0.0021050806741211288
106,125,0.0009163292346174326
106,126,0.000804883787163961
106,127,0.0006067585472466783
106,128,0.0002848050323810939
106,129,0.0016469160568124126
106,130,0.00019812523991728271
106,131,0.0004581646173087163
107,107,0.9221827204770792
107,108,0.006015617669443373
107,109,0.008966085261215426
107,110,0.006693286904302678
107,111,0.0009695882898756216
107,112,0.0038887788400387836
107,117,0.016326615719841113
107,118,0.004931346893668484
107,119,0.0007089462764681964
107,120,0.001522149358299363
107,123,0.014220628251509116
107,126,0.0006255408321778204
107,128,0.007172868208972341
107,129,0.0028253594253364886
107,130,0.0011781019006015618
107,131,0.0017723656911704912
108,108,0.912121276610838
108,109,0.00970439890187065
108,111,0.021529861598813906
108,112,0.004135719707449261
108,114,0.007654273695262012
108,116,0.014067122092404606
108,117,0.0038164960593614107
108,118,0.006533443997531337
108,119,0.0014471472046649215
108,120,0.001787652429291962
108,121,0.00040434995424461044
108,122,0.001723807699674392
108,123,0.0027311356558627196
108,124,0.0037384636120510475
108,125,0.0014400533458185248
108,126,0.0006597288727148907
108,127,0.0004611008250157838
108,128,0.0017309015585207886
108,129,0.002546695325856406
108,130,0.0007022920257932708
108,131,0.001064078826959501
109,109,0.9391572369532174
109,110,0.007847371341713514
109,111,0.002732405240427534
109,112,0.00459623133158009
109,113,0.007388954568485053
109,114,0.008595314498033633
109,115,0.0021955750717784156
109,116,0.002436847057688132
109,117,0.0027022462421888195
109,118,0.004300673148840688
109,119,0.0009650879436388641
109,120,0.0012485825270827805
109,121,0.0005247665693536324
109,122,0.0016044587062996115
109,123,0.002123193476005501
109,124,0.00316066301541728
109,125,0.0012546143267305233
109,126,0.00044635317393297466
109,127,0.0003257171809781166
109,128,0.001218423528844066
109,129,0.003522570994281854
109,130,0.0006031799647742901
109,131,0.0010495331387072647
110,110,0.9250037403183299
110,111,0.016704837094750895
110,112,0.00441357562923663
110,113,0.008982518327559816
110,114,0.009160902740214753
110,115,0.0026872748616082217
110,116,0.002025526234017332
110,117,0.0031821477483283656
110,118,0.005483882105166243
110,119,0.0016457400651390822
110,120,0.0017205464317363132
110,121,0.0006099596045620375
110,122,0.0025376621284137597
110,123,0.003170639076544176
110,124,0.003302988802062354
110,125,0.0014155666294552946
110,126,0.0006790116352671738
110,127,0.000581187925101564
110,128,0.0014385839730236734
110,129,0.0034583558711489106
110,130,0.0005926965968857534
110,131,0.0012026562014477908
111,111,0.9218466195761856
111,112,0.004961318533467878
111,114,0.011974436596030945
111,116,0.018937100571812984
111,117,0.004978136562394887
111,118,0.007769929364278507
111,119,0.0017322569794820048
111,120,0.0017154389505549949
111,121,0.0006390850992263707
111,122,0.0030272452068617556
111,123,0.0045072317524386145
111,124,0.004877228388832829
111,125,0.0015808947191389168
111,126,0.0007568113017154389
111,127,0.0005718129835183317
111,128,0.0024890682811974435
111,129,0.004389505549949546
111,130,0.00136226034308779
111,131,0.0018836192398250925
112,112,0.9297697438211956
112,119,0.005878881160963303
112,120,0.020641662134064723
112,121,0.008073817762399077
112,122,0.0020637804600494537
112,123,0.0039655445101511
112,126,0.009655406526175294
112,127,0.007402606921186732
112,128,0.002993446050464254
112,129,0.00491449776841683
112,130,0.0012575559438806015
112,131,0.0033830569410530295
113,113,0.9336293629362936
113,115,0.009080908090809081
113,116,0.012637263726372637
113,117,0.007432743274327433
113,118,0.008892889288928892
113,120,0.0069606960696069605
113,122,0.01062106210621062
113,123,0.0014761476147614762
113,125,0.002584258425842584
113,126,0.00104010401040104
113,127,0.00035203520352035205
113,128,0.000428042804280428
113,129,0.0028882888288828882
113,130,0.000804080408040804
113,131,0.0011721172117211721
114,114,0.9229178084613616
114,121,0.005520393189894454
114,122,0.01844845570425897
114,123,0.013025299223874263
114,124,0.013604299630500504
114,125,0.004415430581829111
114,127,0.001542527800859219
114,128,0.0023646199812598343
114,129,0.012114810034828422
114,130,0.002541413998550289
114,131,0.0035049413927832683
115,115,0.9300556398583713
115,116,0.01776428932726353
115,117,0.008801213960546282
115,118,0.01191704602933738
115,120,0.007728882144663632
115,122,0.012058674759736975
115,123,0.0014769853313100659
115,125,0.0029539706626201317
115,126,0.0007283763277693475
115,127,0.0002225594334850784
115,128,0.0003641881638846737
115,129,0.0039049064238745575
115,130,0.0007081436519979767
115,131,0.0013151239251390997
116,116,0.942523001241429
116,117,0.009316517965912914
116,118,0.011555730876773676
116,120,0.008643593878711234
116,122,0.014444663595967097
116,123,0.0016591059391351764
116,125,0.003782297455650822
116,126,0.0011602139434511724
116,127,0.0004292791590769338
116,128,0.0005801069717255862
116,129,0.003492243969788029
116,130,0.0008121497604158207
116,131,0.001601095241962618
117,117,0.9494129815843633
117,118,0.011804348521524009
117,120,0.007165783384339777
117,123,0.018063745614689857
117,126,0.0010556734450143422
117,128,0.004809179027287559
117,129,0.0036042184284328046
117,130,0.0013969012252209984
117,131,0.0026871687691274165
118,118,0.9576594848659402
118,125,0.016670942508483107
118,126,0.009792484522259387
118,127,0.001519940751354151
118,128,0.006709037838779788
118,129,0.00412417044634948
118,130,0.000900347069273478
118,131,0.00262359199756035
119,119,0.9347900034015647
119,120,0.023210676911379235
119,121,0.008423874982491947
119,122,0.002481141325009504
119,123,0.0025211597334773997
119,126,0.010524841427056446
119,127,0.007283350341156932
119,128,0.001820837585289233
119,129,0.005762650819376914
119,130,0.0006402945354863237
119,131,0.0025411689377113473
120,120,0.9523242841204909
120,122,0.010431387132763108
120,123,0.005392339159538862
120,126,0.015730754927482337
120,127,0.0033035824965910498
120,128,0.0019214082062724682
120,129,0.005497706706334449
120,130,0.00154332465600595
120,131,0.0038552125945208876
121,121,0.9029417957011886
121,122,0.023082665033399046
121,123,0.015981778858116257
121,127,0.02480525197619002
121,128,0.003406894175742148
121,129,0.01902501579038031
121,130,0.0034834535954217467
121,131,0.007273144869561889
122,122,0.9398640832851359
122,123,0.014141122035858877
122,125,0.014336321573163679
122,127,0.007677848467322152
122,128,0.0022411798727588203
122,129,0.012839791787160208
122,130,0.003253325621746674
122,131,0.005646327356853673
123,123,0.9558152793614595
123,128,0.022005257823387813
123,129,0.009874255669580641
123,130,0.005083618396047131
123,131,0.007221588749524895
124,124,0.9282776454299269
124,125,0.024799951133101215
124,127,0.008337914605094374
124,128,0.016197340826257813
124,129,0.013886343737910534
124,130,0.0028607496996721844
124,131,0.005640054568036976
125,125,0.9484752139198708
125,127,0.011051248760440413
125,128,0.017839434863060614
125,129,0.01330034656552542
125,130,0.002422891726387029
125,131,0.006910864164715745
126,126,0.9530107686228018
126,127,0.019487255483106106
126,128,0.010484588026081801
126,129,0.0076936376210235136
126,130,0.0014448725548310611
126,131,0.0078788776921557
127,127,0.9437312009390361
127,128,0.018902990731910107
127,129,0.02067591030249676
127,130,0.003655882424864891
127,131,0.013034015601692222
128,128,0.9696985181400102
128,129,0.01141543178334185
128,130,0.005273377618804293
128,131,0.013612672457843639
129,129,0.9655771789197826
129,130,0.015195780212727552
129,131,0.019227040867489855
130,130,0.9872224806011798
130,131,0.01277751939882016
131,131,1.0
